#
# A fatal error has been detected by the Java Runtime Environment:
#
#  EXCEPTION_ACCESS_VIOLATION (0xc0000005) at pc=0x0000024d00000000, pid=27440, tid=13584
#
# JRE version: OpenJDK Runtime Environment Temurin-24.0.2+12 (24.0.2+12) (build 24.0.2+12)
# Java VM: OpenJDK 64-Bit Server VM Temurin-24.0.2+12 (24.0.2+12, mixed mode, sharing, tiered, compressed oops, compressed class ptrs, g1 gc, windows-amd64)
# Problematic frame:
# C  [jdwp.dll+0x167af]
#
# No core dump will be written. Minidumps are not enabled by default on client versions of Windows
#
# If you would like to submit a bug report, please visit:
#   https://github.com/adoptium/adoptium-support/issues
# The crash happened outside the Java Virtual Machine in native code.
# See problematic frame for where to report the bug.
#

---------------  S U M M A R Y ------------

Command Line: -Ddebugger.agent.enable.coroutines=true -Dforge.enableGameTest=true -Dforge.enabledGameTestNamespaces=ash_hollow_requiem_of_the_dead -Dforge.logging.console.level=debug -Dforge.logging.markers=REGISTRIES -DignoreList=bootstraplauncher,securejarhandler,asm-commons,asm-util,asm-analysis,asm-tree,asm,JarJarFileSystems,client-extra,fmlcore,javafmllanguage,lowcodelanguage,mclanguage,forge- -Djava.net.preferIPv6Addresses=system -Dkotlinx.coroutines.debug.enable.creation.stack.trace=false -Dkotlinx.coroutines.debug.enable.flows.stack.trace=true -Dkotlinx.coroutines.debug.enable.mutable.state.flows.stack.trace=true -DlegacyClassPath.file=C:\Users\finba\OneDrive\Documents\research\Ash Hollow Requiem of the Dead\build\classpath\runClient_minecraftClasspath.txt -DmergeModules=jna-5.10.0.jar,jna-platform-5.10.0.jar -Dmixin.env.refMapRemappingFile=C:\Users\finba\OneDrive\Documents\research\Ash Hollow Requiem of the Dead\build\createSrgToMcp\output.srg -Dmixin.env.remapRefMap=true -Dnet.minecraftforge.gradle.GradleStart.srg.srg-mcp=C:\Users\finba\OneDrive\Documents\research\Ash Hollow Requiem of the Dead\build\createSrgToMcp\output.srg --module-path=C:\Users\finba\.gradle\caches\modules-2\files-2.1\cpw.mods\bootstraplauncher\1.1.2\c546e00443d8432cda6baa1c860346980742628\bootstraplauncher-1.1.2.jar;C:\Users\finba\.gradle\caches\modules-2\files-2.1\cpw.mods\securejarhandler\2.1.10\51e6a22c6c716beb11e244bf5b8be480f51dd6b5\securejarhandler-2.1.10.jar;C:\Users\finba\.gradle\caches\modules-2\files-2.1\org.ow2.asm\asm-commons\9.7.1\406c6a2225cfe1819f102a161e54cc16a5c24f75\asm-commons-9.7.1.jar;C:\Users\finba\.gradle\caches\modules-2\files-2.1\org.ow2.asm\asm-util\9.7.1\9e23359b598ec6b74b23e53110dd5c577adf2243\asm-util-9.7.1.jar;C:\Users\finba\.gradle\caches\modules-2\files-2.1\org.ow2.asm\asm-analysis\9.7.1\f97a3b319f0ed6a8cd944dc79060d3912a28985f\asm-analysis-9.7.1.jar;C:\Users\finba\.gradle\caches\modules-2\files-2.1\org.ow2.asm\asm-tree\9.7.1\3a53139787663b139de76b627fca0084ab60d32c\asm-tree-9.7.1.jar;C:\Users\finba\.gradle\caches\modules-2\files-2.1\org.ow2.asm\asm\9.7.1\f0ed132a49244b042cd0e15702ab9f2ce3cc8436\asm-9.7.1.jar;C:\Users\finba\.gradle\caches\modules-2\files-2.1\net.minecraftforge\JarJarFileSystems\0.3.19\2464eb7d6b9ddb9db36a82cf8a95193e5c6fe020\JarJarFileSystems-0.3.19.jar --add-modules=ALL-MODULE-PATH --add-opens=java.base/java.util.jar=cpw.mods.securejarhandler --add-opens=java.base/java.lang.invoke=cpw.mods.securejarhandler --add-exports=java.base/sun.security.util=cpw.mods.securejarhandler --add-exports=jdk.naming.dns/com.sun.jndi.dns=java.naming -XX:HeapDumpPath=MojangTricksIntelDriversForPerformance_javaw.exe_minecraft.exe.heapdump --module-path=C:\Users\finba\.gradle\caches\modules-2\files-2.1\cpw.mods\bootstraplauncher\1.1.2\c546e00443d8432cda6baa1c860346980742628\bootstraplauncher-1.1.2.jar;C:\Users\finba\.gradle\caches\modules-2\files-2.1\cpw.mods\securejarhandler\2.1.10\51e6a22c6c716beb11e244bf5b8be480f51dd6b5\securejarhandler-2.1.10.jar;C:\Users\finba\.gradle\caches\modules-2\files-2.1\org.ow2.asm\asm-commons\9.7.1\406c6a2225cfe1819f102a161e54cc16a5c24f75\asm-commons-9.7.1.jar;C:\Users\finba\.gradle\caches\modules-2\files-2.1\org.ow2.asm\asm-util\9.7.1\9e23359b598ec6b74b23e53110dd5c577adf2243\asm-util-9.7.1.jar;C:\Users\finba\.gradle\caches\modules-2\files-2.1\org.ow2.asm\asm-analysis\9.7.1\f97a3b319f0ed6a8cd944dc79060d3912a28985f\asm-analysis-9.7.1.jar;C:\Users\finba\.gradle\caches\modules-2\files-2.1\org.ow2.asm\asm-tree\9.7.1\3a53139787663b139de76b627fca0084ab60d32c\asm-tree-9.7.1.jar;C:\Users\finba\.gradle\caches\modules-2\files-2.1\org.ow2.asm\asm\9.7.1\f0ed132a49244b042cd0e15702ab9f2ce3cc8436\asm-9.7.1.jar;C:\Users\finba\.gradle\caches\modules-2\files-2.1\net.minecraftforge\JarJarFileSystems\0.3.19\2464eb7d6b9ddb9db36a82cf8a95193e5c6fe020\JarJarFileSystems-0.3.19.jar --add-modules=ALL-MODULE-PATH --add-opens=java.base/java.util.jar=cpw.mods.securejarhandler --add-opens=java.base/java.lang.invoke=cpw.mods.securejarhandler --add-exports=java.base/sun.security.util=cpw.mods.securejarhandler --add-exports=jdk.naming.dns/com.sun.jndi.dns=java.naming -XX:HeapDumpPath=MojangTricksIntelDriversForPerformance_javaw.exe_minecraft.exe.heapdump -agentlib:jdwp=transport=dt_socket,server=n,suspend=y,address=127.0.0.1:64895 -javaagent:C:\Users\finba\AppData\Local\JetBrains\IdeaIC2025.1\captureAgent\debugger-agent.jar=file:///C:/Users/finba/AppData/Local/Temp/capture7020481431932332245.props -Dfile.encoding=UTF-8 -Duser.country=GB -Duser.language=en -Duser.variant cpw.mods.bootstraplauncher.BootstrapLauncher --launchTarget forgeclientuserdev --version MOD_DEV --assetIndex 5 --assetsDir C:\Users\finba\.gradle\caches\forge_gradle\assets --gameDir . --fml.forgeVersion 47.4.0 --fml.mcVersion 1.20.1 --fml.forgeGroup net.minecraftforge --fml.mcpVersion 20230612.114412 --mixin.config ash_hollow_requiem_of_the_dead.mixins.json

Host: Intel(R) Core(TM) i9-10900KF CPU @ 3.70GHz, 20 cores, 31G,  Windows 11 , 64 bit Build 22621 (10.0.22621.5415)
Time: Fri Oct  3 22:29:00 2025 W. Europe Summer Time elapsed time: 2.672623 seconds (0d 0h 0m 2s)

---------------  T H R E A D  ---------------

Current thread (0x000002287f08c000):  JavaThread "main"             [_thread_in_native, id=13584, stack(0x0000008079000000,0x0000008079100000) (1024K)]

Stack: [0x0000008079000000,0x0000008079100000],  sp=0x00000080790fe0d0,  free space=1016k
Native frames: (J=compiled Java code, j=interpreted, Vv=VM code, C=native code)
C  0x0000024d00000000  (no source info available)

Java frames: (J=compiled Java code, j=interpreted, Vv=VM code)
j  org.lwjgl.glfw.GLFW.glfwInit()Z+0 org.lwjgl.glfw@3.3.1+7
j  net.minecraftforge.fml.earlydisplay.DisplayWindow.initWindow(Ljava/lang/String;)V+4 fmlearlydisplay@1.20.1-47.4.0
j  net.minecraftforge.fml.earlydisplay.DisplayWindow.start(Ljava/lang/String;Ljava/lang/String;)Ljava/lang/Runnable;+14 fmlearlydisplay@1.20.1-47.4.0
j  net.minecraftforge.fml.earlydisplay.DisplayWindow.initialize([Ljava/lang/String;)Ljava/lang/Runnable;+402 fmlearlydisplay@1.20.1-47.4.0
j  net.minecraftforge.fml.loading.ImmediateWindowHandler.load(Ljava/lang/String;[Ljava/lang/String;)V+180 fmlloader@1.20.1-47.4.0
j  net.minecraftforge.fml.loading.ModDirTransformerDiscoverer.earlyInitialization(Ljava/lang/String;[Ljava/lang/String;)V+2 fmlloader@1.20.1-47.4.0
j  cpw.mods.modlauncher.TransformationServicesHandler.lambda$discoverServices$18(Lcpw/mods/modlauncher/ArgumentHandler$DiscoveryData;Lcpw/mods/modlauncher/serviceapi/ITransformerDiscoveryService;)V+9 cpw.mods.modlauncher@10.0.9
j  cpw.mods.modlauncher.TransformationServicesHandler$$Lambda+0x0000022826201960.accept(Ljava/lang/Object;)V+8 cpw.mods.modlauncher@10.0.9
J 3088 c2 java.lang.Iterable.forEach(Ljava/util/function/Consumer;)V java.base@24.0.2 (39 bytes) @ 0x00000228107b0c8c [0x00000228107b01a0+0x0000000000000aec]
j  cpw.mods.modlauncher.TransformationServicesHandler.discoverServices(Lcpw/mods/modlauncher/ArgumentHandler$DiscoveryData;)V+145 cpw.mods.modlauncher@10.0.9
j  cpw.mods.modlauncher.Launcher.run([Ljava/lang/String;)V+14 cpw.mods.modlauncher@10.0.9
j  cpw.mods.modlauncher.Launcher.main([Ljava/lang/String;)V+78 cpw.mods.modlauncher@10.0.9
j  cpw.mods.modlauncher.BootstrapLaunchConsumer.accept([Ljava/lang/String;)V+1 cpw.mods.modlauncher@10.0.9
j  cpw.mods.modlauncher.BootstrapLaunchConsumer.accept(Ljava/lang/Object;)V+5 cpw.mods.modlauncher@10.0.9
j  cpw.mods.bootstraplauncher.BootstrapLauncher.main([Ljava/lang/String;)V+515 cpw.mods.bootstraplauncher@1.1.2
v  ~StubRoutines::call_stub 0x000002280fe90fcd

siginfo: EXCEPTION_ACCESS_VIOLATION (0xc0000005), data execution prevention violation at address 0x0000024d00000000


Registers:
RAX=0x000002286f35fe80, RBX=0x000002287ff9e690, RCX=0x000002287f08c3c8, RDX=0x000002287ff9e690
RSP=0x00000080790fe0c8, RBP=0x0000000000000002, RSI=0x000002287f08c3c8, RDI=0x00000080790fe170
R8 =0x0000000000010002, R9 =0x0000000000000000, R10=0x00007ffd3d730000, R11=0x00000080790fe098
R12=0x0000000000000000, R13=0x000002287ff9e690, R14=0x00007ffd3bd10500, R15=0x0000000000000007
RIP=0x0000024d00000000, EFLAGS=0x0000000000010206

XMM[0]=0x0000000000000000 0x0000000000000000
XMM[1]=0x0000000000000000 0x0000000000000000
XMM[2]=0x0000000000000000 0x0000000000000000
XMM[3]=0x0000000000000000 0x0000000000000000
XMM[4]=0x0000000000000000 0x0000000000000000
XMM[5]=0x0000000000000000 0x0000000000000000
XMM[6]=0x0000000000000000 0x0000000000000064
XMM[7]=0x0000000000000000 0x000000000000000a
XMM[8]=0x0000000000000000 0x000000000000006d
XMM[9]=0x0000000000000000 0x0000000000000dbf
XMM[10]=0x0000000000000000 0x0000000000000000
XMM[11]=0x0000000000000000 0x0000000000000000
XMM[12]=0x0000000000000000 0x0000000000000000
XMM[13]=0x0000000000000000 0xd2347b6ca4a0b75d
XMM[14]=0x0000000000000000 0x00000000074766ad
XMM[15]=0x0000000000000000 0x557aa38a5cc20a37
  MXCSR=0x00001fa0


Register to memory mapping:

RAX=0x000002286f35fe80 points into unknown readable memory: 0x0000000000000000 | 00 00 00 00 00 00 00 00
RBX=0x000002287ff9e690 points into unknown readable memory: 0x0000000601e27658 | 58 76 e2 01 06 00 00 00
RCX=0x000002287f08c3c8 points into unknown readable memory: 0x000002286f35fe80 | 80 fe 35 6f 28 02 00 00
RDX=0x000002287ff9e690 points into unknown readable memory: 0x0000000601e27658 | 58 76 e2 01 06 00 00 00
RSP=0x00000080790fe0c8 is pointing into the stack for thread: 0x000002287f08c000
RBP=0x0000000000000002 is an unknown value
RSI=0x000002287f08c3c8 points into unknown readable memory: 0x000002286f35fe80 | 80 fe 35 6f 28 02 00 00
RDI=0x00000080790fe170 is pointing into the stack for thread: 0x000002287f08c000
R8 =0x0000000000010002 is an unknown value
R9 =0x0 is null
R10=0x00007ffd3d730000 VCRUNTIME140.dll
R11=0x00000080790fe098 is pointing into the stack for thread: 0x000002287f08c000
R12=0x0 is null
R13=0x000002287ff9e690 points into unknown readable memory: 0x0000000601e27658 | 58 76 e2 01 06 00 00 00
R14=0x00007ffd3bd10500 jdwp.dll
R15=0x0000000000000007 is an unknown value

Top of Stack: (sp=0x00000080790fe0c8)
0x00000080790fe0c8:   00007ffd3bcf67af 000002287ff9e690   .g.;........(...
0x00000080790fe0d8:   000002287f08c3c8 0000000000000000   ....(...........
0x00000080790fe0e8:   0000000000000000 0000000000000000   ................
0x00000080790fe0f8:   00007ffcada97c00 000002287cb60088   .|.........|(...
0x00000080790fe108:   00007ffd3bd10580 000002287f08c5f8   ...;........(...
0x00000080790fe118:   00007ffd3bcf2c6b 000002287ff9e690   k,.;........(...
0x00000080790fe128:   0000000000000002 000002287f08c3c8   ............(...
0x00000080790fe138:   000002287ff9e698 000002287ffa8500   ....(.......(...
0x00000080790fe148:   00007ffcad0729f8 0000000000000228   .)......(.......
0x00000080790fe158:   00000080790fe2e0 00000080790fe400   ...y.......y....
0x00000080790fe168:   000002287f08c000 0000000000000007   ....(...........
0x00000080790fe178:   000002287ff9e690 0000000000000000   ....(...........
0x00000080790fe188:   000002287ff9e698 0000000000000000   ....(...........
0x00000080790fe198:   0000000000000000 0000000000000000   ................
0x00000080790fe1a8:   0000000000000000 0000000000000000   ................
0x00000080790fe1b8:   0000000000000000 0000000000000000   ................
0x00000080790fe1c8:   000002287f08c5f8 0000022826210e30   ....(...0.!&(...
0x00000080790fe1d8:   00007ffcad38bc47 000002287ff9e698   G.8.........(...
0x00000080790fe1e8:   0000022824bd3430 000002287f08c000   04.$(.......(...
0x00000080790fe1f8:   00000000000003d8 0000000000000000   ................
0x00000080790fe208:   000002287cb795a0 00000080790fe3a0   ...|(......y....
0x00000080790fe218:   0000000000000005 000002287f08c000   ............(...
0x00000080790fe228:   0000022867362248 0000ff7d662a8739   H"6g(...9.*f}...
0x00000080790fe238:   000002282565e238 000002287cb625e0   8.e%(....%.|(...
0x00000080790fe248:   000002287f08c740 000002287f08c750   @...(...P...(...
0x00000080790fe258:   000002287f08cb28 00000000000003d8   (...(...........
0x00000080790fe268:   000002287f08c000 000002287f08c000   ....(.......(...
0x00000080790fe278:   000002287cb627a0 000002287cb87d80   .'.|(....}.|(...
0x00000080790fe288:   000002287cb87d98 000002287cb87e68   .}.|(...h~.|(...
0x00000080790fe298:   00000000000000d8 00000080790fe2b0   ...........y....
0x00000080790fe2a8:   00007ffcad4ae243 000002287f08c000   C.J.........(...
0x00000080790fe2b8:   000002287cb627a0 000002287cb87d80   .'.|(....}.|(...

Instructions: (pc=0x00007ffd3bcf67af)
  0x00007ffd3bcf66af:   2c 41 b8 61 02 00 00 48 8d 0d 3b 69 01 00 48 8b
  0x00007ffd3bcf66bf:   d3 e8 27 51 00 00 41 8b cf e8 f3 9b ff ff 48 8b
  0x00007ffd3bcf66cf:   d0 48 8d 0d e9 9f 01 00 e8 b8 51 00 00 4c 8b 4f
  0x00007ffd3bcf66df:   28 48 8d 0d f1 9f 01 00 4c 8b 47 20 48 8b 57 08
  0x00007ffd3bcf66ef:   e8 1c 0f 01 00 48 8b 05 f5 09 02 00 f6 80 10 02
  0x00007ffd3bcf66ff:   00 00 02 74 28 41 b8 6a 02 00 00 48 8d 0d e7 5c
  0x00007ffd3bcf670f:   01 00 48 8b d3 e8 d3 50 00 00 48 8d 15 d8 77 01
  0x00007ffd3bcf671f:   00 48 8d 0d e9 5c 01 00 e8 68 51 00 00 48 8b 06
  0x00007ffd3bcf672f:   48 8b ce ff 50 78 48 8b 0d b4 09 02 00 4c 8b e0
  0x00007ffd3bcf673f:   f6 81 10 02 00 00 02 74 28 41 b8 6b 02 00 00 48
  0x00007ffd3bcf674f:   8d 0d a3 5c 01 00 48 8b d3 e8 8f 50 00 00 48 8d
  0x00007ffd3bcf675f:   15 bc 5d 01 00 48 8d 0d a5 5c 01 00 e8 24 51 00
  0x00007ffd3bcf676f:   00 48 8b 06 48 8b ce ff 90 88 00 00 00 83 3d 29
  0x00007ffd3bcf677f:   05 02 00 00 76 0c e8 9a 58 ff ff 83 25 1b 05 02
  0x00007ffd3bcf678f:   00 00 48 8b 5f 08 48 85 db 74 4b 48 8b 05 4f 09
  0x00007ffd3bcf679f:   02 00 80 78 13 00 74 0b 48 8b cb e8 c5 08 01 00
=>0x00007ffd3bcf67af:   88 47 10 4d 8b c4 48 8b d7 41 8a ce e8 04 a2 00
  0x00007ffd3bcf67bf:   00 48 8b e8 48 85 c0 75 25 48 8b cb e8 48 44 00
  0x00007ffd3bcf67cf:   00 84 c0 0f 84 a5 00 00 00 48 8b d3 41 8a ce e8
  0x00007ffd3bcf67df:   45 13 00 00 eb e3 e8 a6 0d 00 00 48 8b e8 4c 8b
  0x00007ffd3bcf67ef:   cd 44 88 74 24 20 45 8b c7 48 8b d7 48 8b ce e8
  0x00007ffd3bcf67ff:   99 00 00 00 83 3f 14 75 0b 48 8b 05 e1 08 02 00
  0x00007ffd3bcf680f:   c6 40 10 01 48 85 db 75 08 48 8b cd e8 d8 4f ff
  0x00007ffd3bcf681f:   ff 48 8b 05 c9 08 02 00 f6 80 10 02 00 00 02 74
  0x00007ffd3bcf682f:   2c 41 b8 ad 02 00 00 48 8d 15 43 9d 01 00 48 8d
  0x00007ffd3bcf683f:   0d b4 5b 01 00 e8 a3 4f 00 00 48 8d 15 d0 5c 01
  0x00007ffd3bcf684f:   00 48 8d 0d b9 5b 01 00 e8 38 50 00 00 48 8b 06
  0x00007ffd3bcf685f:   48 8b ce ff 90 88 00 00 00 48 85 db 74 10 8b 0f
  0x00007ffd3bcf686f:   4d 8b cc 4c 8b c5 48 8b d3 e8 07 a5 00 00 48 8b
  0x00007ffd3bcf687f:   5c 24 50 48 8b 6c 24 58 48 8b 74 24 60 48 8b 7c
  0x00007ffd3bcf688f:   24 68 48 83 c4 30 41 5f 41 5e 41 5c c3 48 89 5c
  0x00007ffd3bcf689f:   24 08 48 89 6c 24 18 48 89 74 24 20 57 41 54 41


Stack slot to memory mapping:

stack at sp + 0 slots: 0x000002287ff9e690 points into unknown readable memory: 0x0000000601e27658 | 58 76 e2 01 06 00 00 00
stack at sp + 1 slots: 0x000002287f08c3c8 points into unknown readable memory: 0x000002286f35fe80 | 80 fe 35 6f 28 02 00 00
stack at sp + 2 slots: 0x0 is null
stack at sp + 3 slots: 0x0 is null
stack at sp + 4 slots: 0x0 is null
stack at sp + 5 slots: 0x00007ffcada97c00 jvm.dll
stack at sp + 6 slots: 0x000002287cb60088 points into unknown readable memory: 0x8000001500000001 | 01 00 00 00 15 00 00 80
stack at sp + 7 slots: 0x00007ffd3bd10580 jdwp.dll

Lock stack of current Java thread (top to bottom):
LockStack[0]: [I 
{0x0000000608d8a998} - klass: {type array int} - flags: is_cloneable_fast 

 - length: 0


Compiled method (c2) 2744 3088       4       java.lang.Iterable::forEach (39 bytes)
 total in heap  [0x00000228107aff88,0x00000228107b18f8] = 6512
 relocation     [0x00000228107b0060,0x00000228107b0190] = 304
 main code      [0x00000228107b01a0,0x00000228107b17c0] = 5664
 stub code      [0x00000228107b17c0,0x00000228107b1810] = 80
 oops           [0x00000228107b1810,0x00000228107b1818] = 8
 metadata       [0x00000228107b1818,0x00000228107b18f8] = 224
 immutable data [0x0000022871baf860,0x0000022871bb0478] = 3096
 dependencies   [0x0000022871baf860,0x0000022871baf890] = 48
 nul chk table  [0x0000022871baf890,0x0000022871baf8e0] = 80
 handler table  [0x0000022871baf8e0,0x0000022871bafa18] = 312
 scopes pcs     [0x0000022871bafa18,0x0000022871bafc78] = 608
 scopes data    [0x0000022871bafc78,0x0000022871bb0478] = 2048

[Constant Pool (empty)]

[MachCode]
[Instructions begin]
  0x00000228107b01a0: 6690 448b | 5208 443b 

  0x00000228107b01a8: ;   {runtime_call Shared Runtime ic_miss_blob}
  0x00000228107b01a8: 5008 0f85 | b0e5 72ff 
[Verified Entry Point]
  0x00000228107b01b0: 8984 2400 | 80ff ff55 | 4881 ece0 | 0000 0090 | 4181 7f20 | 0200 0000 | 0f85 e515 | 0000 4889 
  0x00000228107b01d0: 1424 4c89 | 4424 0845 | 8b50 0844 | 8954 2418 | 6690 c5f8 | 7748 b8d0 | 5894 6d28 

  0x00000228107b01ec: ;   {virtual_call}
  0x00000228107b01ec: 0200 00e8 

  0x00000228107b01f0: ; ImmutableOopMap {[0]=Oop [8]=Oop }
                      ;*invokeinterface iterator {reexecute=0 rethrow=0 return_oop=1}
                      ; - java.lang.Iterable::forEach@6 (line 74)
  0x00000228107b01f0: dc8c 89ff 

  0x00000228107b01f4: ;   {post_call_nop}
  0x00000228107b01f4: 0f1f 8400 | 6c02 0000 | 4889 4424 | 1044 8b50 

  0x00000228107b0204: ;   {metadata('java/util/ImmutableCollections$SetN$SetNIterator')}
  0x00000228107b0204: 0841 81fa | b888 2900 | 0f85 2b0a | 0000 4c8b | d045 8b52 | 0c0f 1f80 | 0000 0000 | 4585 d20f 
  0x00000228107b0224: 8e7c 0a00 | 00b8 0100 | 0000 85c0 | 0f84 0f06 | 0000 4c8b | 5424 1045 | 8b5a 0844 | 895c 241c 
  0x00000228107b0244: e9cf 0200 | 0045 8bc2 | 41c1 e810 | 4533 c244 | 8b56 2444 | 8b4c 2430 | 4f8d 1ccc | 4c89 5c24 
  0x00000228107b0264: 4845 85d2 | 0f84 4006 | 0000 478b | 5cd4 0c45 | 85db 0f86 | d40d 0000 | 4b8d 04d4 | 418b cbff 
  0x00000228107b0284: c941 23c8 | 4585 db0f | 8477 0c00 | 0048 8bd8 | 448b 4c88 | 1049 8bed | 48c1 ed03 | 4585 c90f 
  0x00000228107b02a4: 8469 0100 | 0047 8b54 | cc0c 4b8d | 3ccc 453b | d00f 85bf | 0000 0043 | 8b6c cc10 | 4c8b d549 
  0x00000228107b02c4: c1e2 034d | 3bd5 7451 | 4c89 5424 | 7048 897c | 2468 4489 | 4c24 6489 | 4c24 5448 | 8944 2458 
  0x00000228107b02e4: 4489 5c24 | 5044 8944 | 2434 4889 | 7424 404c | 896c 2438 | 498b d54d | 8bc2 6690 

  0x00000228107b0300: ;   {optimized virtual_call}
  0x00000228107b0300: c5f8 77e8 

  0x00000228107b0304: ; ImmutableOopMap {rbp=NarrowOop [0]=Oop [8]=Oop [16]=Oop [32]=Oop [40]=Oop [48]=NarrowOop [56]=Oop [64]=Oop [72]=Oop [88]=Oop [96]=NarrowOop [100]=NarrowOop [104]=Oop [112]=Oop }
                      ;*invokevirtual equals {reexecute=0 rethrow=0 return_oop=0}
                      ; - java.util.HashMap::putVal@91 (line 642)
                      ; - java.util.HashMap::put@9 (line 619)
                      ; - cpw.mods.cl.ModuleClassLoader::lambda$new$6@6 (line 66)
                      ; - cpw.mods.cl.ModuleClassLoader$$Lambda/0x00000228260c7db8::accept@12
                      ; - java.lang.Iterable::forEach@30 (line 75)
  0x00000228107b0304: 58e7 72ff 

  0x00000228107b0308: ;   {post_call_nop}
  0x00000228107b0308: 0f1f 8400 | 8003 0001 | 85c0 0f84 | f00d 0000 | 488b 7c24 | 6848 8bc7 | 8b4c 2460 | 4c8d 5814 
  0x00000228107b0328: 4180 7f48 | 000f 8564 | 1100 0041 | 890b 448b | c149 c1e0 | 034d 8bd3 | 4d33 d049 | c1ea 160f 
  0x00000228107b0348: 8428 0000 | 0049 83f8 | 000f 841e | 0000 004d | 8bd3 49c1 | ea09 49b8 | 0040 a315 | 2802 0000 
  0x00000228107b0368: 4d03 d041 | 803a 020f | 858a 1100 | 00e9 6201 | 0000 478b | 54cc 0890 

  0x00000228107b0380: ;   {metadata('java/util/HashMap$TreeNode')}
  0x00000228107b0380: 4181 fa30 | 2a2a 000f | 8566 0500 | 0089 4c24 | 5848 8944 | 2450 4489 | 5c24 4444 | 8944 2440 
  0x00000228107b03a0: 4889 7424 | 384c 896c | 2430 488b | ef44 8b54 | 2460 498b | ca48 c1e1 | 0348 8bd5 | 4c8b c64c 
  0x00000228107b03c0: 8bc8 8b7c | 2440 498b | f544 8b54 | 2460 4489 | 5424 5c90 

  0x00000228107b03d4: ;   {optimized virtual_call}
  0x00000228107b03d4: c5f8 77e8 

  0x00000228107b03d8: ; ImmutableOopMap {rbp=Oop [0]=Oop [8]=Oop [16]=Oop [32]=Oop [40]=Oop [48]=Oop [56]=Oop [72]=Oop [80]=Oop [92]=NarrowOop [96]=NarrowOop }
                      ;*invokevirtual putTreeVal {reexecute=0 rethrow=0 return_oop=1}
                      ; - java.util.HashMap::putVal@123 (line 645)
                      ; - java.util.HashMap::put@9 (line 619)
                      ; - cpw.mods.cl.ModuleClassLoader::lambda$new$6@6 (line 66)
                      ; - cpw.mods.cl.ModuleClassLoader$$Lambda/0x00000228260c7db8::accept@12
                      ; - java.lang.Iterable::forEach@30 (line 75)
  0x00000228107b03d8: 84e6 72ff 

  0x00000228107b03dc: ;   {post_call_nop}
  0x00000228107b03dc: 0f1f 8400 | 5404 0002 | 4885 c00f | 8533 ffff | ff4c 8b6c | 2430 488b | 7424 3844 | 8b44 2440 
  0x00000228107b03fc: 448b 5c24 | 4448 8b5c | 2450 8b4c | 2458 488b | fde9 af00 | 0000 498b | bfc8 0100 | 004c 8bd7 
  0x00000228107b041c: 4983 c220 | 4d3b 97d8 | 0100 000f | 83b8 0800 | 004d 8997 | c801 0000 | 410f 0d8a | c000 0000 
  0x00000228107b043c: 48c7 0701 

  0x00000228107b0440: ;   {metadata('java/util/HashMap$Node')}
  0x00000228107b0440: 0000 00c7 | 4708 6825 | 2a00 4489 | 670c 4c89 | 6710 4c89 | 6718 4489 | 470c 448b | 4c24 6044 
  0x00000228107b0460: 894f 1489 | 6f10 448b 

  0x00000228107b0468: ;   {metadata('java/util/HashMap$Node'[])}
  0x00000228107b0468: 4b08 4181 | f958 232a | 000f 8535 | 0b00 004c | 8d54 8b10 | 4180 7f48 | 000f 85cf | 1000 0048 
  0x00000228107b0488: 8bd7 48c1 | ea03 4189 | 124d 8bca | 4c33 cf49 | c1e9 160f | 841e 0000 | 004d 8bca | 49c1 e909 
  0x00000228107b04a8: 48ba 0040 | a315 2802 | 0000 4c03 | ca41 8039 | 020f 8527 | 1100 0033 | ffff 4618 | 448b 4e1c 
  0x00000228107b04c8: 448b 5614 | 41ff c244 | 8956 1445 | 3bd1 0f8f | 1007 0000 | 4c8b 5424 | 1045 8b5a | 084d 8b57 
  0x00000228107b04e8: ; ImmutableOopMap {[0]=Oop [8]=Oop [16]=Oop [32]=Oop }
                      ;*goto {reexecute=1 rethrow=0 return_oop=0}
                      ; - (reexecute) java.lang.Iterable::forEach@35 (line 76)
                      ;   {poll}
  0x00000228107b04e8: 3041 8502 

  0x00000228107b04ec: ;   {metadata('java/util/ImmutableCollections$SetN$SetNIterator')}
  0x00000228107b04ec: 4181 fbb8 | 8829 000f | 8562 0300 | 004c 8b54 | 2410 458b | 520c 4585 | d20f 8ee1 | 0300 00b8 
  0x00000228107b050c: 0100 0000 | 85c0 0f84 | 2d03 0000 | 448b 5424 | 1c66 6690 

  0x00000228107b0520: ;   {metadata('java/util/ImmutableCollections$SetN$SetNIterator')}
  0x00000228107b0520: 4181 fab8 | 8829 000f | 8558 0300 | 004c 8b5c | 2410 458b | 430c 4585 | c00f 8ee5 | 0a00 0045 
  0x00000228107b0540: 8b53 1441 | 8b5b 1043 | 8b6c d410 

  0x00000228107b054c: ; implicit exception: dispatches to 0x00000228107b1330
  0x00000228107b054c: 458b 54ec | 0c4d 8d0c | ecff c366 | 0f1f 8400 | 0000 0000 | 413b da0f | 8d7c 0600 | 0041 3bda 
  0x00000228107b056c: 0f83 7309 | 0000 418b | 4c99 1049 

  0x00000228107b0578: ; ImmutableOopMap {r11=Oop r9=Oop rcx=NarrowOop rbp=NarrowOop [0]=Oop [8]=Oop [16]=Oop }
                      ;*ifnull {reexecute=1 rethrow=0 return_oop=0}
                      ; - (reexecute) java.util.ImmutableCollections$SetN$SetNIterator::next@62 (line 985)
                      ; - java.lang.Iterable::forEach@22 (line 74)
                      ;   {poll}
  0x00000228107b0578: 8b7f 3085 | 0766 6690 | 85c9 74d1 | 4189 5b10 | 41ff c845 | 8943 0c4d | 8d14 cc4c | 8954 2420 
  0x00000228107b0598: 448b 5c24 | 1866 6690 

  0x00000228107b05a0: ;   {metadata('cpw/mods/cl/ModuleClassLoader$$Lambda+0x00000228260c7db8')}
  0x00000228107b05a0: 4181 fbb8 | 7d0c 010f | 85b8 0600 | 004c 8b54 | 2408 4c89 | 5424 2845 | 8b52 0c44 | 8954 2430 
  0x00000228107b05c0: 4c8b 5424 | 2845 8b5a | 1044 895c | 2460 4c8b | 5424 2045 | 8b52 0866 | 0f1f 8400 | 0000 0000 
  0x00000228107b05e0: ;   {metadata('java/lang/String')}
  0x00000228107b05e0: 4181 fa38 | a616 000f | 8513 0c00 | 004c 8b6c | 2420 448b | 5424 3043 | 8b6c d45c | 0f1f 4000 
  0x00000228107b0600: ; implicit exception: dispatches to 0x00000228107b12ac
  0x00000228107b0600: 458b 54ec 

  0x00000228107b0604: ;   {metadata('java/util/HashMap')}
  0x00000228107b0604: 0841 81fa | 58fd 1d00 | 0f85 6209 | 0000 458b | 550c 498d | 34ec 660f | 1f44 0000 | 4585 d20f 
  0x00000228107b0624: 8520 fcff | ff45 0fb6 | 5d11 4585 | db0f 8596 | 0600 0045 | 0fbe 5d10 | 0f1f 4000 | 4585 db0f 
  0x00000228107b0644: 856f 0a00 | 0041 8b6d | 1445 8b4c | ec0c 4d8d | 14ec 498d | 7cec 100f | 1f44 0000 | 4183 f902 
  0x00000228107b0664: 0f8c 4206 | 0000 33db | 418b d183 | fa20 0f8c | 6301 0000 | 33c9 c5d5 | efed c441 | 3def c0c5 
  0x00000228107b0684: c5ef ffc5 

  0x00000228107b0688: ;   {external_word}
  0x00000228107b0688: cdef f649 | bae0 a790 | adfc 7f00 | 0045 8b1a | c441 796e | cbc4 427d | 58c9 448b | d241 83e2 
  0x00000228107b06a8: e041 0faf | dbc5 fa7e | 1c0f c5fa | 7e54 0f08 | c5fa 7e4c | 0f10 c5fa | 7e64 0f18 | c4c2 5540 
  0x00000228107b06c8: e9c4 e27d | 31db c5d5 | feeb c442 | 3d40 c1c4 | e27d 31d2 | c53d fec2 | c4c2 4540 | f9c4 e27d 
  0x00000228107b06e8: 31c9 c5c5 | fef9 c4c2 | 4d40 f1c4 | e27d 31e4 | c5cd fef4 | 83c1 2041 | 3bca 7ca5 | 4a8d 3c17 
  0x00000228107b0708: ;   {external_word}
  0x00000228107b0708: 412b d249 | bae4 a790 | adfc 7f00 | 00c4 417e | 6f12 c4c2 

  0x00000228107b071c: ;   {external_word}
  0x00000228107b071c: 5540 ea49 | ba04 a890 | adfc 7f00 | 00c4 417e | 6f1a c442 

  0x00000228107b0730: ;   {external_word}
  0x00000228107b0730: 3d40 c349 | ba24 a890 | adfc 7f00 | 00c4 c17e | 6f02 c4e2 

  0x00000228107b0744: ;   {external_word}
  0x00000228107b0744: 4540 f849 | ba44 a890 | adfc 7f00 | 00c4 417e | 6f22 c4c2 | 4d40 f4c4 | e255 02dd | c4e3 7d39 
  0x00000228107b0764: da01 c5e1 | feda c4e2 | 6102 dbc5 | f96e d3c5 | e1fe dac5 | f97e dbc4 | c23d 02c8 | c4e3 7d39 
  0x00000228107b0784: cc01 c5f1 | fecc c4e2 | 7102 c9c5 | f96e e3c5 | f1fe ccc5 | f97e cbc4 | e245 02df | c4e3 7d39 
  0x00000228107b07a4: da01 c5e1 | feda c4e2 | 6102 dbc5 | f96e d3c5 | e1fe dac5 | f97e dbc4 | e24d 02ce | c4e3 7d39 
  0x00000228107b07c4: cc01 c5f1 | fecc c4e2 | 7102 c9c5 | f96e e3c5 | f1fe ccc5 | f97e cbb9 | 0100 0000 | 3bca 0f8d 
  0x00000228107b07e4: 2c00 0000 | 41bb c103 | 0000 410f | afdb 440f | b654 0fff | 458b da41 | c1e3 0545 | 2bda 4103 
  0x00000228107b0804: db44 0fb6 | 1c0f 4103 | db83 c102 | 3bca 7cd4 | 7f12 448b | d3c1 e305 | 412b da44 | 0fb6 5c0f 
  0x00000228107b0824: ff41 03db | 85db 0f84 | a504 0000 | 448b c341 | c1e8 1044 | 33c3 4189 | 5d0c 6690 | e90e faff 
  0x00000228107b0844: ;   {no_reloc}
  0x00000228107b0844: ffc5 f877 | 4881 c4e0 | 0000 005d 

  0x00000228107b0850: ;   {poll_return}
  0x00000228107b0850: 493b 6728 | 0f87 430f | 0000 c348 | 8b54 2410 | 6690 c5f8 | 7748 b8f8 | 5894 6d28 

  0x00000228107b086c: ;   {virtual_call}
  0x00000228107b086c: 0200 00e8 

  0x00000228107b0870: ; ImmutableOopMap {[0]=Oop [8]=Oop [16]=Oop [32]=Oop }
                      ;*invokeinterface hasNext {reexecute=0 rethrow=0 return_oop=0}
                      ; - java.lang.Iterable::forEach@13 (line 74)
  0x00000228107b0870: 6c87 89ff 

  0x00000228107b0874: ;   {post_call_nop}
  0x00000228107b0874: 0f1f 8400 | ec08 0005 | 0f1f 4000 | e98b fcff | ff48 8b54 | 2410 c5f8 | 7748 b820 | 5994 6d28 
  0x00000228107b0894: ;   {virtual_call}
  0x00000228107b0894: 0200 00e8 

  0x00000228107b0898: ; ImmutableOopMap {[0]=Oop [8]=Oop [16]=Oop }
                      ;*invokeinterface next {reexecute=0 rethrow=0 return_oop=1}
                      ; - java.lang.Iterable::forEach@22 (line 74)
  0x00000228107b0898: 8489 89ff 

  0x00000228107b089c: ;   {post_call_nop}
  0x00000228107b089c: 0f1f 8400 | 1409 0006 | 4889 4424 | 20e9 eafc | ffff 4489 | 4424 3448 | 8974 2440 | 4c89 6c24 
  0x00000228107b08bc: 3848 8bd6 | 8b6c 2460 

  0x00000228107b08c4: ;   {optimized virtual_call}
  0x00000228107b08c4: c5f8 77e8 

  0x00000228107b08c8: ; ImmutableOopMap {rbp=NarrowOop [0]=Oop [8]=Oop [16]=Oop [32]=Oop [40]=Oop [48]=NarrowOop [56]=Oop [64]=Oop [72]=Oop [96]=NarrowOop }
                      ;*invokevirtual resize {reexecute=0 rethrow=0 return_oop=1}
                      ; - java.util.HashMap::putVal@20 (line 636)
                      ; - java.util.HashMap::put@9 (line 619)
                      ; - cpw.mods.cl.ModuleClassLoader::lambda$new$6@6 (line 66)
                      ; - cpw.mods.cl.ModuleClassLoader$$Lambda/0x00000228260c7db8::accept@12
                      ; - java.lang.Iterable::forEach@30 (line 75)
  0x00000228107b08c8: 94e1 72ff 

  0x00000228107b08cc: ;   {post_call_nop}
  0x00000228107b08cc: 0f1f 8400 | 4409 0007 

  0x00000228107b08d4: ; implicit exception: dispatches to 0x00000228107b13f0
  0x00000228107b08d4: 448b 580c | 4c8b 6c24 | 3848 8b74 | 2440 448b | 4424 34e9 | 94f9 ffff | 33c0 e91d | fcff ff47 
  0x00000228107b08f4: 8b4c cc18 | 0f1f 8400 | 0000 0000 | 4585 c90f | 8436 0100 | 0049 c1e1 | 0333 d245 | 8b51 0c45 
  0x00000228107b0914: 3bd0 0f85 | e900 0000 | 418b 6910 | 4c8b d549 | c1e2 034d | 3bd5 0f84 | b504 0000 | 498b c289 
  0x00000228107b0934: 5424 784c | 894c 2470 | 4889 7c24 | 6889 4c24 | 6448 895c | 2458 4489 | 5c24 544c | 8b4c 2448 
  0x00000228107b0954: 4489 4424 | 5048 8974 | 2448 4c89 | 6c24 4044 | 8b5c 2460 | 4489 5c24 | 3c44 8b5c | 2430 4489 
  0x00000228107b0974: 5c24 384c | 8b54 2428 | 4c89 5424 | 304c 8b54 | 2420 4c89 | 5424 284c | 8b54 2410 | 4c89 5424 
  0x00000228107b0994: 2044 8b5c | 2418 4489 | 5c24 1049 | 8bd5 4c8b | c04c 898c | 2488 0000 | 0044 8b54 | 243c 4489 
  0x00000228107b09b4: 5424 144c | 8984 24b0 | 0000 0090 

  0x00000228107b09c0: ;   {optimized virtual_call}
  0x00000228107b09c0: c5f8 77e8 

  0x00000228107b09c4: ; ImmutableOopMap {rbp=NarrowOop [0]=Oop [8]=Oop [20]=NarrowOop [32]=Oop [40]=Oop [48]=Oop [56]=NarrowOop [60]=NarrowOop [64]=Oop [72]=Oop [88]=Oop [96]=NarrowOop [104]=Oop [112]=Oop [136]=Oop [176]=Oop }
                      ;*invokevirtual equals {reexecute=0 rethrow=0 return_oop=0}
                      ; - java.util.HashMap::putVal@203 (line 655)
                      ; - java.util.HashMap::put@9 (line 619)
                      ; - cpw.mods.cl.ModuleClassLoader::lambda$new$6@6 (line 66)
                      ; - cpw.mods.cl.ModuleClassLoader$$Lambda/0x00000228260c7db8::accept@12
                      ; - java.lang.Iterable::forEach@30 (line 75)
  0x00000228107b09c4: 98e0 72ff 

  0x00000228107b09c8: ;   {post_call_nop}
  0x00000228107b09c8: 0f1f 8400 | 400a 0008 | 85c0 0f84 | 7407 0000 | 488b 4424 | 7044 8b5c | 2410 4489 | 5c24 184c 
  0x00000228107b09e8: 8b54 2420 | 4c89 5424 | 104c 8b54 | 2428 4c89 | 5424 200f | 1f44 0000 | e91b f9ff | ff4d 8b77 
  0x00000228107b0a08: 3045 8b51 | 18ff c248 | 8b7c 2428 | c5fb 1054 | 2448 c5fa 

  0x00000228107b0a1c: ; ImmutableOopMap {r10=NarrowOop r9=Oop rbx=Oop rdi=Oop rsi=Oop rbp=NarrowOop r13=Oop xmm2=Oop xmm3=NarrowOop [0]=Oop [8]=Oop [16]=Oop [32]=Oop [40]=Oop [48]=NarrowOop [72]=Oop [96]=NarrowOop }
                      ;*goto {reexecute=1 rethrow=0 return_oop=0}
                      ; - (reexecute) java.util.HashMap::putVal@219 (line 647)
                      ; - java.util.HashMap::put@9 (line 619)
                      ; - cpw.mods.cl.ModuleClassLoader::lambda$new$6@6 (line 66)
                      ; - cpw.mods.cl.ModuleClassLoader$$Lambda/0x00000228260c7db8::accept@12
                      ; - java.lang.Iterable::forEach@30 (line 75)
  0x00000228107b0a1c: 105c 2460 

  0x00000228107b0a20: ;   {poll}
  0x00000228107b0a20: 4185 0645 | 85d2 7412 | 4b8d 3cd4 | 4d8b d14c | 8bcf 498b | fae9 d5fe | ffff 498b | f9eb 0233 
  0x00000228107b0a40: d249 8b87 | c801 0000 | 4c8b d049 | 83c2 204d | 3b97 d801 | 0000 0f83 | 9103 0000 | 4d89 97c8 
  0x00000228107b0a60: 0100 0041 | 0f0d 8ac0 | 0000 0048 | c700 0100 

  0x00000228107b0a70: ;   {metadata('java/util/HashMap$Node')}
  0x00000228107b0a70: 0000 c740 | 0868 252a | 0044 8960 | 0c4c 8960 | 104c 8960 | 1844 8940 | 0c44 8b54 | 2460 4489 
  0x00000228107b0a90: 5014 8968 | 104c 8d57 | 1841 807f | 4800 0f85 | c10b 0000 | 488b e848 | c1ed 0341 | 892a 4d8b 
  0x00000228107b0ab0: ca4c 33c8 | 49c1 e916 | 0f84 1e00 | 0000 4d8b | ca49 c1e9 | 0948 bd00 | 40a3 1528 | 0200 004c 
  0x00000228107b0ad0: 03cd 4180 | 3902 0f85 | 2d0c 0000 | 0f1f 4000 | 83fa 070f | 8cd8 f9ff | ff44 8bf2 | 4889 7c24 
  0x00000228107b0af0: 7089 4c24 | 5c48 895c | 2468 4489 | 5c24 5848 | ff74 2448 | 488f 4424 | 5044 8944 | 243c 4889 
  0x00000228107b0b10: 7424 484c | 896c 2440 | 448b 5c24 | 6044 895c | 2438 4c8b | 5424 284c | 8954 2430 | 4c8b 5424 
  0x00000228107b0b30: 204c 8954 | 2428 4c8b | 5424 104c | 8954 2420 | 448b 5424 | 1844 8954 | 2410 488b | 6c24 0848 
  0x00000228107b0b50: 8bd6 4c8b | c344 8b4c | 243c 4489 | 5c24 1844 | 89b4 249c | 0000 0090 

  0x00000228107b0b68: ;   {optimized virtual_call}
  0x00000228107b0b68: c5f8 77e8 

  0x00000228107b0b6c: ; ImmutableOopMap {rbp=Oop [0]=Oop [24]=NarrowOop [32]=Oop [40]=Oop [48]=Oop [56]=NarrowOop [64]=Oop [72]=Oop [80]=Oop [104]=Oop [112]=Oop }
                      ;*invokevirtual treeifyBin {reexecute=0 rethrow=0 return_oop=0}
                      ; - java.util.HashMap::putVal@169 (line 651)
                      ; - java.util.HashMap::put@9 (line 619)
                      ; - cpw.mods.cl.ModuleClassLoader::lambda$new$6@6 (line 66)
                      ; - cpw.mods.cl.ModuleClassLoader$$Lambda/0x00000228260c7db8::accept@12
                      ; - java.lang.Iterable::forEach@30 (line 75)
  0x00000228107b0b6c: f0de 72ff 

  0x00000228107b0b70: ;   {post_call_nop}
  0x00000228107b0b70: 0f1f 8400 | e80b 000a | 4889 6c24 | 0844 8b5c | 2410 4489 | 5c24 184c | 8b54 2420 | 4c89 5424 
  0x00000228107b0b90: 104c 8b54 | 2428 4c89 | 5424 204c | 8b54 2430 | 4c89 5424 | 2844 8b5c | 2438 4489 | 5c24 604c 
  0x00000228107b0bb0: 8b6c 2440 | 488b 7424 | 4844 8b44 | 243c 48ff | 7424 5048 | 8f44 2448 | 448b 5c24 | 5848 8b5c 
  0x00000228107b0bd0: 2468 8b4c | 245c 488b | 7c24 700f | 1f44 0000 | e9dc f8ff | ff33 dbe9 | 7df9 ffff | 4889 7c24 
  0x00000228107b0bf0: 6889 4c24 | 5848 895c | 2450 4489 | 5c24 3c48 | ff74 2448 | 488f 4424 | 4044 8944 | 2438 488b 
  0x00000228107b0c10: d68b 6c24 | 604c 896c | 2460 4c89 | 6c24 7848 | 89b4 2480 | 0000 0090 

  0x00000228107b0c28: ;   {optimized virtual_call}
  0x00000228107b0c28: c5f8 77e8 

  0x00000228107b0c2c: ; ImmutableOopMap {rbp=NarrowOop [0]=Oop [8]=Oop [16]=Oop [32]=Oop [40]=Oop [64]=Oop [80]=Oop [96]=Oop [104]=Oop [120]=Oop [128]=Oop }
                      ;*invokevirtual resize {reexecute=0 rethrow=0 return_oop=1}
                      ; - java.util.HashMap::putVal@288 (line 670)
                      ; - java.util.HashMap::put@9 (line 619)
                      ; - cpw.mods.cl.ModuleClassLoader::lambda$new$6@6 (line 66)
                      ; - cpw.mods.cl.ModuleClassLoader$$Lambda/0x00000228260c7db8::accept@12
                      ; - java.lang.Iterable::forEach@30 (line 75)
  0x00000228107b0c2c: 30de 72ff 

  0x00000228107b0c30: ;   {post_call_nop}
  0x00000228107b0c30: 0f1f 8400 | a80c 000b | e99f f8ff | ff48 8bd0 | 488b 2c24 | 6690 c5f8 | 7748 b848 | 5994 6d28 
  0x00000228107b0c50: ;   {virtual_call}
  0x00000228107b0c50: 0200 00e8 

  0x00000228107b0c54: ; ImmutableOopMap {rbp=Oop [0]=Oop [8]=Oop [16]=Oop }
                      ;*invokeinterface hasNext {reexecute=0 rethrow=0 return_oop=0}
                      ; - java.lang.Iterable::forEach@13 (line 74)
  0x00000228107b0c54: 8883 89ff 

  0x00000228107b0c58: ;   {post_call_nop}
  0x00000228107b0c58: 0f1f 8400 | d00c 000c | e9c9 f5ff | ff4c 8b54 | 2410 4c89 | 5424 2848 | 8b54 2408 | 4c8b 4424 
  0x00000228107b0c78: 2090 c5f8 | 7748 b870 | 5994 6d28 

  0x00000228107b0c84: ;   {virtual_call}
  0x00000228107b0c84: 0200 00e8 

  0x00000228107b0c88: ; ImmutableOopMap {[0]=Oop [8]=Oop [32]=Oop [40]=Oop }
                      ;*invokeinterface accept {reexecute=0 rethrow=0 return_oop=0}
                      ; - java.lang.Iterable::forEach@30 (line 75)
  0x00000228107b0c88: 4482 89ff 

  0x00000228107b0c8c: ;   {post_call_nop}
  0x00000228107b0c8c: 0f1f 8400 | 040d 000d | 4c8b 5424 | 284c 8954 | 2410 6690 | e937 f8ff | ff33 c0e9 | 82f5 ffff 
  0x00000228107b0cac: 4183 f901 | 7523 4585 | c90f 86fd | 0400 0044 | 0fb6 0790 | 4585 c074 | 1041 8bd8 | e96d fbff 
  0x00000228107b0ccc: ff45 33c0 | e97e f5ff | ff41 c645 | 1101 4533 | c066 6690 | e96e f5ff | ff89 6c24 | 7089 4c24 
  0x00000228107b0cec: 6448 8944 | 2468 4489 | 5c24 5448 | ff74 2448 | 488f 4424 | 5844 8944 | 2450 4889 | 7424 484c 
  0x00000228107b0d0c: 896c 2440 | 448b 5424 | 6044 8954 | 243c 448b | 5424 3044 | 8954 2438 | 4c8b 5424 | 284c 8954 
  0x00000228107b0d2c: 2430 4c8b | 5424 204c | 8954 2428 | 4c8b 5424 | 104c 8954 | 2420 448b | 5c24 1844 | 895c 2410 
  0x00000228107b0d4c: 488b 6c24 

  0x00000228107b0d50: ;   {metadata('java/util/HashMap$Node')}
  0x00000228107b0d50: 0848 ba68 | 252a 2528 | 0200 0044 | 8b54 243c | 4489 5424 | 1466 6690 

  0x00000228107b0d68: ;   {runtime_call C2 Runtime new_instance}
  0x00000228107b0d68: c5f8 77e8 

  0x00000228107b0d6c: ; ImmutableOopMap {rbp=Oop [0]=Oop [20]=NarrowOop [32]=Oop [40]=Oop [48]=Oop [56]=NarrowOop [64]=Oop [72]=Oop [88]=Oop [96]=NarrowOop [104]=Oop [112]=NarrowOop }
                      ;*new {reexecute=0 rethrow=0 return_oop=1}
                      ; - java.util.HashMap::newNode@0 (line 1910)
                      ; - java.util.HashMap::putVal@56 (line 638)
                      ; - java.util.HashMap::put@9 (line 619)
                      ; - cpw.mods.cl.ModuleClassLoader::lambda$new$6@6 (line 66)
                      ; - cpw.mods.cl.ModuleClassLoader$$Lambda/0x00000228260c7db8::accept@12
                      ; - java.lang.Iterable::forEach@30 (line 75)
  0x00000228107b0d6c: 7059 89ff 

  0x00000228107b0d70: ;   {post_call_nop}
  0x00000228107b0d70: 0f1f 8400 | e80d 000e | 4889 6c24 | 0844 8b54 | 2410 4489 | 5424 184c | 8b54 2420 | 4c89 5424 
  0x00000228107b0d90: 104c 8b54 | 2428 4c89 | 5424 204c | 8b54 2430 | 4c89 5424 | 2844 8b5c | 2438 4489 | 5c24 304c 
  0x00000228107b0db0: 8b6c 2440 | 488b 7424 | 4844 8b44 | 2450 48ff | 7424 5848 | 8f44 2448 | 448b 5c24 | 5448 8b5c 
  0x00000228107b0dd0: 2468 8b4c | 2464 8b6c | 2470 488b | f866 6690 | e971 f6ff | ff49 8bc1 | e933 f5ff | ff89 5424 
  0x00000228107b0df0: 7848 897c | 2470 896c | 2464 894c | 245c 4889 | 5c24 6844 | 895c 2458 | 48ff 7424 | 4848 8f44 
  0x00000228107b0e10: 2450 4489 | 4424 3c48 | 8974 2448 | 4c89 6c24 | 4044 8b54 | 2460 4489 | 5424 384c | 8b54 2428 
  0x00000228107b0e30: 4c89 5424 | 304c 8b54 | 2420 4c89 | 5424 284c | 8b54 2410 | 4c89 5424 | 2044 8b54 | 2418 4489 
  0x00000228107b0e50: 5424 1048 | 8b6c 2408 

  0x00000228107b0e58: ;   {metadata('java/util/HashMap$Node')}
  0x00000228107b0e58: 48ba 6825 | 2a25 2802 | 0000 448b | 5424 3844 | 8954 2414 

  0x00000228107b0e6c: ;   {runtime_call C2 Runtime new_instance}
  0x00000228107b0e6c: c5f8 77e8 

  0x00000228107b0e70: ; ImmutableOopMap {rbp=Oop [0]=Oop [20]=NarrowOop [32]=Oop [40]=Oop [48]=Oop [64]=Oop [72]=Oop [80]=Oop [96]=NarrowOop [100]=NarrowOop [104]=Oop [112]=Oop }
                      ;*new {reexecute=0 rethrow=0 return_oop=1}
                      ; - java.util.HashMap::newNode@0 (line 1910)
                      ; - java.util.HashMap::putVal@152 (line 649)
                      ; - java.util.HashMap::put@9 (line 619)
                      ; - cpw.mods.cl.ModuleClassLoader::lambda$new$6@6 (line 66)
                      ; - cpw.mods.cl.ModuleClassLoader$$Lambda/0x00000228260c7db8::accept@12
                      ; - java.lang.Iterable::forEach@30 (line 75)
  0x00000228107b0e70: 6c58 89ff 

  0x00000228107b0e74: ;   {post_call_nop}
  0x00000228107b0e74: 0f1f 8400 | ec0e 000f | 4889 6c24 | 0844 8b5c | 2410 4489 | 5c24 184c | 8b54 2420 | 4c89 5424 
  0x00000228107b0e94: 104c 8b54 | 2428 4c89 | 5424 204c | 8b54 2430 | 4c89 5424 | 284c 8b6c | 2440 488b | 7424 4844 
  0x00000228107b0eb4: 8b44 243c | 48ff 7424 | 5048 8f44 | 2448 448b | 5c24 5848 | 8b5c 2468 | 8b4c 245c | 8b6c 2464 
  0x00000228107b0ed4: 488b 7c24 | 708b 5424 | 7866 6690 | e9a0 fbff | ffba e4ff | ffff 4c89 | 5c24 1844 | 8954 2424 
  0x00000228107b0ef4: 895c 2428 

  0x00000228107b0ef8: ;   {runtime_call UncommonTrapBlob}
  0x00000228107b0ef8: c5f8 77e8 

  0x00000228107b0efc: ; ImmutableOopMap {rbp=NarrowOop [0]=Oop [8]=Oop [24]=Oop }
                      ;*aaload {reexecute=0 rethrow=0 return_oop=0}
                      ; - java.util.ImmutableCollections$SetN$SetNIterator::next@59 (line 985)
                      ; - java.lang.Iterable::forEach@22 (line 74)
  0x00000228107b0efc: 600c 89ff 

  0x00000228107b0f00: ;   {post_call_nop}
  0x00000228107b0f00: 0f1f 8400 | 780f 0010 | bae4 ffff | ff48 8b2c | 244c 8b54 | 2428 4c89 | 1424 4c8b | 5424 104c 
  0x00000228107b0f20: 8954 2408 | 4c8b 5424 | 204c 8954 | 2410 448b | 5424 3044 | 8954 2428 | 448b 4c24 | 604c 896c 
  0x00000228107b0f40: 2430 4c89 | 6c24 4044 | 894c 2448 | 4889 7424 | 5044 8944 | 244c 4489 | 5c24 6448 | 8944 2478 
  0x00000228107b0f60: 894c 2474 

  0x00000228107b0f64: ;   {runtime_call UncommonTrapBlob}
  0x00000228107b0f64: c5f8 77e8 

  0x00000228107b0f68: ; ImmutableOopMap {rbp=Oop [0]=Oop [8]=Oop [16]=Oop [40]=NarrowOop [48]=Oop [64]=Oop [72]=NarrowOop [80]=Oop [96]=NarrowOop [120]=Oop }
                      ;*aaload {reexecute=0 rethrow=0 return_oop=0}
                      ; - java.util.HashMap::putVal@40 (line 637)
                      ; - java.util.HashMap::put@9 (line 619)
                      ; - cpw.mods.cl.ModuleClassLoader::lambda$new$6@6 (line 66)
                      ; - cpw.mods.cl.ModuleClassLoader$$Lambda/0x00000228260c7db8::accept@12
                      ; - java.lang.Iterable::forEach@30 (line 75)
  0x00000228107b0f68: f40b 89ff 

  0x00000228107b0f6c: ;   {post_call_nop}
  0x00000228107b0f6c: 0f1f 8400 | e40f 0011 | bade ffff | ff4c 8b54 | 2428 4c89 | 5424 084c | 8b54 2420 | 4c89 5424 
  0x00000228107b0f8c: 184c 896c | 2438 4c89 | 6c24 4044 | 895c 2448 

  0x00000228107b0f9c: ;   {runtime_call UncommonTrapBlob}
  0x00000228107b0f9c: c5f8 77e8 

  0x00000228107b0fa0: ; ImmutableOopMap {rbp=NarrowOop [0]=Oop [8]=Oop [16]=Oop [24]=Oop [48]=NarrowOop [56]=Oop [64]=Oop [72]=NarrowOop [96]=NarrowOop }
                      ;*invokeinterface put {reexecute=0 rethrow=0 return_oop=0}
                      ; - cpw.mods.cl.ModuleClassLoader::lambda$new$6@6 (line 66)
                      ; - cpw.mods.cl.ModuleClassLoader$$Lambda/0x00000228260c7db8::accept@12
                      ; - java.lang.Iterable::forEach@30 (line 75)
  0x00000228107b0fa0: bc0b 89ff 

  0x00000228107b0fa4: ;   {post_call_nop}
  0x00000228107b0fa4: 0f1f 8400 | 1c10 0012 | bad6 ffff | ff48 8b2c | 244c 8b54 | 2410 4c89 | 5424 084c | 8b54 2420 
  0x00000228107b0fc4: 4c89 5424 | 104c 8b54 | 2428 4c89 | 5424 1844 | 8b4c 2430 | 4489 4c24 | 2844 8b54 | 2460 4c89 
  0x00000228107b0fe4: 6c24 304c | 896c 2440 | 4489 5424 | 4848 8974 | 2450 4489 | 4424 4c44 | 895c 2464 | 4889 5c24 
  0x00000228107b1004: 7889 4c24 | 7448 89bc | 2480 0000 | 0066 6690 

  0x00000228107b1014: ;   {runtime_call UncommonTrapBlob}
  0x00000228107b1014: c5f8 77e8 

  0x00000228107b1018: ; ImmutableOopMap {rbp=Oop [8]=Oop [16]=Oop [24]=Oop [40]=NarrowOop [48]=Oop [64]=Oop [72]=NarrowOop [80]=Oop [96]=NarrowOop [120]=Oop [128]=Oop }
                      ;*aastore {reexecute=1 rethrow=0 return_oop=0}
                      ; - (reexecute) java.util.HashMap::putVal@59 (line 638)
                      ; - java.util.HashMap::put@9 (line 619)
                      ; - cpw.mods.cl.ModuleClassLoader::lambda$new$6@6 (line 66)
                      ; - cpw.mods.cl.ModuleClassLoader$$Lambda/0x00000228260c7db8::accept@12
                      ; - java.lang.Iterable::forEach@30 (line 75)
  0x00000228107b1018: 440b 89ff 

  0x00000228107b101c: ;   {post_call_nop}
  0x00000228107b101c: 0f1f 8400 | 9410 0013 | ba4d ffff | ff48 8b2c | 244c 8b54 | 2408 4c89 | 1424 4c89 | 5c24 1044 
  0x00000228107b103c: 8944 2418 

  0x00000228107b1040: ;   {runtime_call UncommonTrapBlob}
  0x00000228107b1040: c5f8 77e8 

  0x00000228107b1044: ; ImmutableOopMap {rbp=Oop [0]=Oop [16]=Oop }
                      ;*ifle {reexecute=1 rethrow=0 return_oop=0}
                      ; - (reexecute) java.util.ImmutableCollections$SetN$SetNIterator::next@4 (line 970)
                      ; - java.lang.Iterable::forEach@22 (line 74)
  0x00000228107b1044: 180b 89ff 

  0x00000228107b1048: ;   {post_call_nop}
  0x00000228107b1048: 0f1f 8400 | c010 0014 | ba4d ffff | ff48 8b2c | 244c 8b4c | 2428 4c89 | 0c24 4c8b | 4c24 104c 
  0x00000228107b1068: 894c 2408 | 4c8b 4c24 | 204c 894c | 2410 448b | 4c24 3044 | 894c 2428 | 8b4c 2460 | 4c89 6c24 
  0x00000228107b1088: 304c 896c | 2440 894c | 2448 4889 | 7424 5044 | 8944 244c | 4489 5424 | 6444 895c | 246c 6690 
  0x00000228107b10a8: ;   {runtime_call UncommonTrapBlob}
  0x00000228107b10a8: c5f8 77e8 

  0x00000228107b10ac: ; ImmutableOopMap {rbp=Oop [0]=Oop [8]=Oop [16]=Oop [40]=NarrowOop [48]=Oop [64]=Oop [72]=NarrowOop [80]=Oop [96]=NarrowOop [100]=NarrowOop }
                      ;*ifne {reexecute=1 rethrow=0 return_oop=0}
                      ; - (reexecute) java.util.HashMap::putVal@16 (line 635)
                      ; - java.util.HashMap::put@9 (line 619)
                      ; - cpw.mods.cl.ModuleClassLoader::lambda$new$6@6 (line 66)
                      ; - cpw.mods.cl.ModuleClassLoader$$Lambda/0x00000228260c7db8::accept@12
                      ; - java.lang.Iterable::forEach@30 (line 75)
  0x00000228107b10ac: b00a 89ff 

  0x00000228107b10b0: ;   {post_call_nop}
  0x00000228107b10b0: 0f1f 8400 | 2811 0015 | 33ed 4585 | db40 0f94 | c5ba 4dff | ffff 4c8b | 5424 284c | 8954 2408 
  0x00000228107b10d0: 4c8b 5424 | 204c 8954 | 2418 448b | 5424 604c | 896c 2438 | 4c89 6c24 | 4845 8bda | 4489 5c24 
  0x00000228107b10f0: 5048 8974 | 2458 6690 

  0x00000228107b10f8: ;   {runtime_call UncommonTrapBlob}
  0x00000228107b10f8: c5f8 77e8 

  0x00000228107b10fc: ; ImmutableOopMap {[0]=Oop [8]=Oop [16]=Oop [24]=Oop [48]=NarrowOop [56]=Oop [72]=Oop [80]=NarrowOop [88]=Oop }
                      ;*ifeq {reexecute=1 rethrow=0 return_oop=0}
                      ; - (reexecute) java.lang.String::hashCode@20 (line 2445)
                      ; - java.util.HashMap::hash@9 (line 338)
                      ; - java.util.HashMap::put@2 (line 619)
                      ; - cpw.mods.cl.ModuleClassLoader::lambda$new$6@6 (line 66)
                      ; - cpw.mods.cl.ModuleClassLoader$$Lambda/0x00000228260c7db8::accept@12
                      ; - java.lang.Iterable::forEach@30 (line 75)
  0x00000228107b10fc: 600a 89ff 

  0x00000228107b1100: ;   {post_call_nop}
  0x00000228107b1100: 0f1f 8400 | 7811 0016 | ba4d ffff | ff4c 8b54 | 2428 4c89 | 5424 084c | 8b54 2420 | 4c89 5424 
  0x00000228107b1120: 184c 8b54 | 2438 4c89 | 5424 2844 | 8b5c 2460 | 4489 5c24 | 4c89 8424 | 8000 0000 

  0x00000228107b113c: ;   {runtime_call UncommonTrapBlob}
  0x00000228107b113c: c5f8 77e8 

  0x00000228107b1140: ; ImmutableOopMap {rbp=NarrowOop [0]=Oop [8]=Oop [16]=Oop [24]=Oop [40]=Oop [48]=NarrowOop [64]=Oop [76]=NarrowOop [88]=Oop [96]=NarrowOop [100]=NarrowOop }
                      ;*ifeq {reexecute=1 rethrow=0 return_oop=0}
                      ; - (reexecute) java.util.HashMap::putVal@94 (line 642)
                      ; - java.util.HashMap::put@9 (line 619)
                      ; - cpw.mods.cl.ModuleClassLoader::lambda$new$6@6 (line 66)
                      ; - cpw.mods.cl.ModuleClassLoader$$Lambda/0x00000228260c7db8::accept@12
                      ; - java.lang.Iterable::forEach@30 (line 75)
  0x00000228107b1140: 1c0a 89ff 

  0x00000228107b1144: ;   {post_call_nop}
  0x00000228107b1144: 0f1f 8400 | bc11 0017 | ba4d ffff | ff4c 8b5c | 2430 4c89 | 5c24 084c | 8b5c 2420 | 4c89 5c24 
  0x00000228107b1164: 104c 8b5c | 2428 4c89 | 5c24 184c | 8b5c 2440 | 4c89 5c24 | 2844 8b5c | 2438 4489 | 5c24 3044 
  0x00000228107b1184: 8b44 243c | 458b d844 | 895c 2438 | 448b 4424 | 6444 8944 | 2460 448b | 5c24 7844 | 895c 2464 
  0x00000228107b11a4: 8944 2478 

  0x00000228107b11a8: ;   {runtime_call UncommonTrapBlob}
  0x00000228107b11a8: c5f8 77e8 

  0x00000228107b11ac: ; ImmutableOopMap {rbp=NarrowOop [0]=Oop [8]=Oop [16]=Oop [24]=Oop [40]=Oop [48]=NarrowOop [56]=NarrowOop [60]=NarrowOop [72]=Oop [88]=Oop [104]=Oop [112]=Oop }
                      ;*ifeq {reexecute=1 rethrow=0 return_oop=0}
                      ; - (reexecute) java.util.HashMap::putVal@206 (line 655)
                      ; - java.util.HashMap::put@9 (line 619)
                      ; - cpw.mods.cl.ModuleClassLoader::lambda$new$6@6 (line 66)
                      ; - cpw.mods.cl.ModuleClassLoader$$Lambda/0x00000228260c7db8::accept@12
                      ; - java.lang.Iterable::forEach@30 (line 75)
  0x00000228107b11ac: b009 89ff 

  0x00000228107b11b0: ;   {post_call_nop}
  0x00000228107b11b0: 0f1f 8400 | 2812 0018 | bae4 ffff | ff4c 8b54 | 2428 4c89 | 5424 084c | 8b54 2420 | 4c89 5424 
  0x00000228107b11d0: 1844 8b5c | 2460 4c89 | 6c24 384c | 896c 2448 | 4489 5c24 | 5048 8974 | 2458 4489 | 4c24 5490 
  0x00000228107b11f0: ;   {runtime_call UncommonTrapBlob}
  0x00000228107b11f0: c5f8 77e8 

  0x00000228107b11f4: ; ImmutableOopMap {rbp=NarrowOop [0]=Oop [8]=Oop [16]=Oop [24]=Oop [48]=NarrowOop [56]=Oop [72]=Oop [80]=NarrowOop [88]=Oop }
                      ;*baload {reexecute=0 rethrow=0 return_oop=0}
                      ; - jdk.internal.util.ArraysSupport::hashCodeOfUnsigned@38 (line 275)
                      ; - java.lang.StringLatin1::hashCode@5 (line 306)
                      ; - java.lang.String::hashCode@27 (line 2445)
                      ; - java.util.HashMap::hash@9 (line 338)
                      ; - java.util.HashMap::put@2 (line 619)
                      ; - cpw.mods.cl.ModuleClassLoader::lambda$new$6@6 (line 66)
                      ; - cpw.mods.cl.ModuleClassLoader$$Lambda/0x00000228260c7db8::accept@12
                      ; - java.lang.Iterable::forEach@30 (line 75)
  0x00000228107b11f4: 6809 89ff 

  0x00000228107b11f8: ;   {post_call_nop}
  0x00000228107b11f8: 0f1f 8400 | 7012 0019 | bade ffff | ff48 8b2c | 244c 8b54 | 2428 4c89 | 1424 4c8b | 5424 104c 
  0x00000228107b1218: 8954 2408 | 448b 5c24 | 3044 895c | 2428 6690 

  0x00000228107b1228: ;   {runtime_call UncommonTrapBlob}
  0x00000228107b1228: c5f8 77e8 

  0x00000228107b122c: ; ImmutableOopMap {rbp=Oop [0]=Oop [8]=Oop [32]=Oop [40]=NarrowOop [96]=NarrowOop }
                      ;*checkcast {reexecute=0 rethrow=0 return_oop=0}
                      ; - cpw.mods.cl.ModuleClassLoader$$Lambda/0x00000228260c7db8::accept@9
                      ; - java.lang.Iterable::forEach@30 (line 75)
  0x00000228107b122c: 3009 89ff 

  0x00000228107b1230: ;   {post_call_nop}
  0x00000228107b1230: 0f1f 8400 | a812 001a | baf4 ffff | ff48 8b2c | 244c 8b54 | 2428 4c89 | 1424 4c8b | 5424 104c 
  0x00000228107b1250: 8954 2408 | 4c8b 5424 | 204c 8954 | 2410 6690 

  0x00000228107b1260: ;   {runtime_call UncommonTrapBlob}
  0x00000228107b1260: c5f8 77e8 

  0x00000228107b1264: ; ImmutableOopMap {rbp=Oop [0]=Oop [8]=Oop [16]=Oop [48]=NarrowOop [96]=NarrowOop }
                      ;*checkcast {reexecute=0 rethrow=0 return_oop=0}
                      ; - cpw.mods.cl.ModuleClassLoader$$Lambda/0x00000228260c7db8::accept@9
                      ; - java.lang.Iterable::forEach@30 (line 75)
  0x00000228107b1264: f808 89ff 

  0x00000228107b1268: ;   {post_call_nop}
  0x00000228107b1268: 0f1f 8400 | e012 001b | baf6 ffff | ff48 8b2c | 244c 8b54 | 2428 4c89 | 1424 4c8b | 5424 104c 
  0x00000228107b1288: 8954 2408 | 4c8b 5424 | 204c 8954 | 2410 4c89 | 6c24 3090 

  0x00000228107b129c: ;   {runtime_call UncommonTrapBlob}
  0x00000228107b129c: c5f8 77e8 

  0x00000228107b12a0: ; ImmutableOopMap {rbp=Oop [0]=Oop [8]=Oop [16]=Oop [48]=Oop [96]=NarrowOop }
                      ;*invokevirtual lambda$new$6 {reexecute=0 rethrow=0 return_oop=0}
                      ; - cpw.mods.cl.ModuleClassLoader$$Lambda/0x00000228260c7db8::accept@12
                      ; - java.lang.Iterable::forEach@30 (line 75)
  0x00000228107b12a0: bc08 89ff 

  0x00000228107b12a4: ;   {post_call_nop}
  0x00000228107b12a4: 0f1f 8400 | 1c13 001c | baf6 ffff | ff48 8b2c | 244c 8b54 | 2428 4c89 | 1424 4c8b | 5424 104c 
  0x00000228107b12c4: 8954 2408 | 4c8b 5424 | 204c 8954 | 2410 448b | 5c24 3044 | 895c 2428 | 448b 5424 | 604c 896c 
  0x00000228107b12e4: 2430 4c89 | 6c24 3845 | 8bda 4489 | 5c24 4090 

  0x00000228107b12f4: ;   {runtime_call UncommonTrapBlob}
  0x00000228107b12f4: c5f8 77e8 

  0x00000228107b12f8: ; ImmutableOopMap {rbp=Oop [0]=Oop [8]=Oop [16]=Oop [40]=NarrowOop [48]=Oop [56]=Oop [64]=NarrowOop [96]=NarrowOop }
                      ;*invokeinterface put {reexecute=0 rethrow=0 return_oop=0}
                      ; - cpw.mods.cl.ModuleClassLoader::lambda$new$6@6 (line 66)
                      ; - cpw.mods.cl.ModuleClassLoader$$Lambda/0x00000228260c7db8::accept@12
                      ; - java.lang.Iterable::forEach@30 (line 75)
  0x00000228107b12f8: 6408 89ff 

  0x00000228107b12fc: ;   {post_call_nop}
  0x00000228107b12fc: 0f1f 8400 | 7413 001d | baf6 ffff | ff48 8b2c | 244c 8b54 | 2408 4c89 | 1424 4c89 | 5c24 1089 
  0x00000228107b131c: 5c24 1890 

  0x00000228107b1320: ;   {runtime_call UncommonTrapBlob}
  0x00000228107b1320: c5f8 77e8 

  0x00000228107b1324: ; ImmutableOopMap {rbp=Oop [0]=Oop [16]=Oop }
                      ;*getfield elements {reexecute=1 rethrow=0 return_oop=0}
                      ; - (reexecute) java.util.ImmutableCollections$SetN$SetNIterator::next@16 (line 973)
                      ; - java.lang.Iterable::forEach@22 (line 74)
  0x00000228107b1324: 3808 89ff 

  0x00000228107b1328: ;   {post_call_nop}
  0x00000228107b1328: 0f1f 8400 | a013 001e | baf6 ffff | ff48 8b2c | 244c 8b54 | 2408 4c89 | 1424 4c89 | 5c24 1089 
  0x00000228107b1348: 5c24 1890 

  0x00000228107b134c: ;   {runtime_call UncommonTrapBlob}
  0x00000228107b134c: c5f8 77e8 

  0x00000228107b1350: ; ImmutableOopMap {rbp=Oop [0]=Oop [16]=Oop }
                      ;*arraylength {reexecute=0 rethrow=0 return_oop=0}
                      ; - java.util.ImmutableCollections$SetN$SetNIterator::next@19 (line 973)
                      ; - java.lang.Iterable::forEach@22 (line 74)
  0x00000228107b1350: 0c08 89ff 

  0x00000228107b1354: ;   {post_call_nop}
  0x00000228107b1354: 0f1f 8400 | cc13 001f | baf6 ffff | ff48 8b2c | 244c 8b54 | 2428 4c89 | 1424 4c8b | 5424 104c 
  0x00000228107b1374: 8954 2408 | 4c8b 5424 | 204c 8954 | 2410 448b | 5424 3044 | 8954 2428 | 448b 5c24 | 604c 896c 
  0x00000228107b1394: 2430 4c89 | 6c24 4044 | 895c 2448 | 4889 7424 | 5066 6690 

  0x00000228107b13a8: ;   {runtime_call UncommonTrapBlob}
  0x00000228107b13a8: c5f8 77e8 

  0x00000228107b13ac: ; ImmutableOopMap {rbp=Oop [0]=Oop [8]=Oop [16]=Oop [40]=NarrowOop [48]=Oop [64]=Oop [72]=NarrowOop [80]=Oop }
                      ;*arraylength {reexecute=0 rethrow=0 return_oop=0}
                      ; - java.lang.StringLatin1::hashCode@3 (line 306)
                      ; - java.lang.String::hashCode@27 (line 2445)
                      ; - java.util.HashMap::hash@9 (line 338)
                      ; - java.util.HashMap::put@2 (line 619)
                      ; - cpw.mods.cl.ModuleClassLoader::lambda$new$6@6 (line 66)
                      ; - cpw.mods.cl.ModuleClassLoader$$Lambda/0x00000228260c7db8::accept@12
                      ; - java.lang.Iterable::forEach@30 (line 75)
  0x00000228107b13ac: b007 89ff 

  0x00000228107b13b0: ;   {post_call_nop}
  0x00000228107b13b0: 0f1f 8400 | 2814 0020 | baf6 ffff | ff48 8b2c | 2466 6690 

  0x00000228107b13c4: ;   {runtime_call UncommonTrapBlob}
  0x00000228107b13c4: c5f8 77e8 

  0x00000228107b13c8: ; ImmutableOopMap {rbp=Oop [8]=Oop }
                      ;*invokeinterface hasNext {reexecute=0 rethrow=0 return_oop=0}
                      ; - java.lang.Iterable::forEach@13 (line 74)
  0x00000228107b13c8: 9407 89ff 

  0x00000228107b13cc: ;   {post_call_nop}
  0x00000228107b13cc: 0f1f 8400 | 4414 0021 | ba4d ffff | ff48 8b2c | 2466 6690 

  0x00000228107b13e0: ;   {runtime_call UncommonTrapBlob}
  0x00000228107b13e0: c5f8 77e8 

  0x00000228107b13e4: ; ImmutableOopMap {rbp=Oop [8]=Oop }
                      ;*ifnonnull {reexecute=1 rethrow=0 return_oop=0}
                      ; - (reexecute) java.util.Objects::requireNonNull@1 (line 219)
                      ; - java.lang.Iterable::forEach@1 (line 73)
  0x00000228107b13e4: 7807 89ff 

  0x00000228107b13e8: ;   {post_call_nop}
  0x00000228107b13e8: 0f1f 8400 | 6014 0022 | baf6 ffff | ff48 8b2c | 244c 8b54 | 2428 4c89 | 1424 4c8b | 5424 104c 
  0x00000228107b1408: 8954 2408 | 4c8b 5424 | 204c 8954 | 2410 4c8b | 5424 384c | 8954 2420 | 448b 5424 | 3044 8954 
  0x00000228107b1428: 2428 448b | 5c24 6044 | 895c 2430 

  0x00000228107b1434: ;   {runtime_call UncommonTrapBlob}
  0x00000228107b1434: c5f8 77e8 

  0x00000228107b1438: ; ImmutableOopMap {rbp=Oop [0]=Oop [8]=Oop [16]=Oop [32]=Oop [40]=NarrowOop [48]=NarrowOop [64]=Oop [96]=NarrowOop }
                      ;*arraylength {reexecute=0 rethrow=0 return_oop=0}
                      ; - java.util.HashMap::putVal@26 (line 636)
                      ; - java.util.HashMap::put@9 (line 619)
                      ; - cpw.mods.cl.ModuleClassLoader::lambda$new$6@6 (line 66)
                      ; - cpw.mods.cl.ModuleClassLoader$$Lambda/0x00000228260c7db8::accept@12
                      ; - java.lang.Iterable::forEach@30 (line 75)
  0x00000228107b1438: 2407 89ff 

  0x00000228107b143c: ;   {post_call_nop}
  0x00000228107b143c: 0f1f 8400 | b414 0023 | e93b 0000 | 00e9 3600 | 0000 e931 | 0000 00e9 | 2c00 0000 | 488b d00f 
  0x00000228107b145c: 1f44 0000 | e922 0000 | 0048 8bd0 | e91a 0000 | 00eb 15eb | 1348 8bd0 | eb11 488b | d0eb 0c48 
  0x00000228107b147c: 8bd0 6690 | eb05 eb00 | 488b d0c5 | f877 4881 | c4e0 0000 

  0x00000228107b1490: ;   {runtime_call C2 Runtime rethrow}
  0x00000228107b1490: 005d e9c9 | b789 ff45 | 8b03 49c1 | e003 4983 | f800 0f84 | 8bee ffff | 4d8b 5738 | 4d85 d20f 
  0x00000228107b14b0: 8414 0000 | 0049 83ea | 084d 8957 | 384d 0357 | 404d 8902 | e96a eeff | ff48 83ec | 304c 895c 
  0x00000228107b14d0: 2428 4889 | 4c24 2049 | 8bc8 498b 

  0x00000228107b14dc: ;   {runtime_call}
  0x00000228107b14dc: d748 b8a0 | 7010 adfc | 7f00 00ff | d048 8b4c | 2420 4c8b | 5c24 28c5 | f877 4883 | c430 e934 
  0x00000228107b14fc: eeff fff0 | 8344 24c0 | 0041 803a | 000f 8466 | eeff ff41 | c602 004d | 8b47 504d | 85c0 0f84 
  0x00000228107b151c: 1400 0000 | 4983 e808 | 4d89 4750 | 4d03 4758 | 4d89 10e9 | 41ee ffff | 4883 ec20 | 498b ca49 
  0x00000228107b153c: ;   {runtime_call}
  0x00000228107b153c: 8bd7 48b8 | 8070 10ad | fc7f 0000 | ffd0 c5f8 | 7748 83c4 | 20e9 1fee | ffff 418b | 1248 c1e2 
  0x00000228107b155c: 0348 83fa | 000f 8420 | efff ff4d | 8b4f 384d | 85c9 0f84 | 1400 0000 | 4983 e908 | 4d89 4f38 
  0x00000228107b157c: 4d03 4f40 | 4989 11e9 | ffee ffff | 4883 ec50 | 4c89 5424 | 484c 895c | 2440 4c89 | 4424 3848 
  0x00000228107b159c: 894c 2430 | 4889 7c24 | 2848 8974 | 2420 488b | ca49 8bd7 

  0x00000228107b15b0: ;   {runtime_call}
  0x00000228107b15b0: 48b8 a070 | 10ad fc7f | 0000 ffd0 | 488b 7424 | 2048 8b7c | 2428 488b | 4c24 304c | 8b44 2438 
  0x00000228107b15d0: 4c8b 5c24 | 404c 8b54 | 2448 c5f8 | 7748 83c4 | 50e9 a1ee | ffff f083 | 4424 c000 | 4180 3900 
  0x00000228107b15f0: 0f84 c9ee | ffff 41c6 | 0100 498b | 5750 4885 | d20f 8414 | 0000 0048 | 83ea 0849 | 8957 5049 
  0x00000228107b1610: 0357 584c | 890a e9a4 | eeff ff48 | 83ec 404c | 895c 2438 | 4c89 4424 | 3048 894c | 2428 4889 
  0x00000228107b1630: 7424 2049 | 8bc9 498b 

  0x00000228107b1638: ;   {runtime_call}
  0x00000228107b1638: d748 b880 | 7010 adfc | 7f00 00ff | d048 8b74 | 2420 488b | 4c24 284c | 8b44 2430 | 4c8b 5c24 
  0x00000228107b1658: 38c5 f877 | 4883 c440 | e95a eeff | ff41 8b2a | 48c1 e503 | 4883 fd00 | 0f84 2ef4 | ffff 4d8b 
  0x00000228107b1678: 4f38 4d85 | c90f 8414 | 0000 0049 | 83e9 084d | 894f 384d | 034f 4049 | 8929 e90d | f4ff ff48 
  0x00000228107b1698: 83ec 604c | 8954 2458 | 4c89 5c24 | 504c 8944 | 2448 4889 | 4c24 4048 | 897c 2438 | 4889 5424 
  0x00000228107b16b8: 3048 8974 | 2428 4889 | 4424 2048 | 8bcd 498b 

  0x00000228107b16c8: ;   {runtime_call}
  0x00000228107b16c8: d748 b8a0 | 7010 adfc | 7f00 00ff | d048 8b44 | 2420 488b | 7424 2848 | 8b54 2430 | 488b 7c24 
  0x00000228107b16e8: 3848 8b4c | 2440 4c8b | 4424 484c | 8b5c 2450 | 4c8b 5424 | 58c5 f877 | 4883 c460 | e99b f3ff 
  0x00000228107b1708: fff0 8344 | 24c0 0041 | 8039 000f | 84c3 f3ff | ff41 c601 | 0049 8b6f | 5048 85ed | 0f84 1500 
  0x00000228107b1728: 0000 4883 | ed08 4989 | 6f50 4903 | 6f58 4c89 | 4d00 e99d | f3ff ff48 | 83ec 504c | 895c 2448 
  0x00000228107b1748: 4c89 4424 | 4048 894c | 2438 4889 | 7c24 3048 | 8954 2428 | 4889 7424 | 2049 8bc9 

  0x00000228107b1764: ;   {runtime_call}
  0x00000228107b1764: 498b d748 | b880 7010 | adfc 7f00 | 00ff d048 | 8b74 2420 | 488b 5424 | 2848 8b7c | 2430 488b 
  0x00000228107b1784: 4c24 384c | 8b44 2440 | 4c8b 5c24 | 48c5 f877 | 4883 c450 | e93f f3ff 

  0x00000228107b179c: ;   {internal_word}
  0x00000228107b179c: ff49 ba50 | 087b 1028 | 0200 004d | 8997 6004 

  0x00000228107b17ac: ;   {runtime_call SafepointBlob}
  0x00000228107b17ac: 0000 e92d 

  0x00000228107b17b0: ;   {runtime_call StubRoutines (final stubs)}
  0x00000228107b17b0: 4573 ffe8 | 4841 71ff | e911 eaff | fff4 f4f4 
[Stub Code]
  0x00000228107b17c0: ;   {no_reloc}
  0x00000228107b17c0: 48bb 0000 | 0000 0000 

  0x00000228107b17c8: ;   {runtime_call nmethod}
  0x00000228107b17c8: 0000 e9fb 

  0x00000228107b17cc: ;   {static_stub}
  0x00000228107b17cc: ffff ff48 | bb00 0000 | 0000 0000 

  0x00000228107b17d8: ;   {runtime_call nmethod}
  0x00000228107b17d8: 00e9 fbff 

  0x00000228107b17dc: ;   {static_stub}
  0x00000228107b17dc: ffff 48bb | 0000 0000 | 0000 0000 

  0x00000228107b17e8: ;   {runtime_call nmethod}
  0x00000228107b17e8: e9fb ffff 

  0x00000228107b17ec: ;   {static_stub}
  0x00000228107b17ec: ff48 bb00 | 0000 0000 

  0x00000228107b17f4: ;   {runtime_call nmethod}
  0x00000228107b17f4: 0000 00e9 | fbff ffff 
[Exception Handler]
  0x00000228107b17fc: ;   {runtime_call ExceptionBlob}
  0x00000228107b17fc: e95f 0689 | ffe8 0000 | 0000 4883 

  0x00000228107b1808: ;   {runtime_call DeoptimizationBlob}
  0x00000228107b1808: 2c24 05e9 | 703a 73ff 
[/MachCode]


---------------  P R O C E S S  ---------------

Threads class SMR info:
_java_thread_list=0x0000022871f1d980, length=23, elements={
0x000002287f08c000, 0x000002287ffa68b0, 0x000002287ffa9260, 0x000002287ffae9b0,
0x000002287ffaf6e0, 0x000002287ffb0410, 0x000002287ffb3080, 0x000002287ffc16f0,
0x000002287ffc43b0, 0x000002287ffde490, 0x0000022824bc8510, 0x0000022824d0ada0,
0x0000022824d0c540, 0x0000022824dd4b40, 0x000002286a6c80d0, 0x0000022824dde310,
0x000002286a4492a0, 0x000002286a5c8a40, 0x0000022824c3b780, 0x000002286a7d08f0,
0x000002286af2f7e0, 0x000002286af31620, 0x000002286af2e130
}

Java Threads: ( => current thread )
=>0x000002287f08c000 JavaThread "main"                              [_thread_in_native, id=13584, stack(0x0000008079000000,0x0000008079100000) (1024K)]
  0x000002287ffa68b0 JavaThread "Reference Handler"          daemon [_thread_blocked, id=21472, stack(0x0000008079800000,0x0000008079900000) (1024K)]
  0x000002287ffa9260 JavaThread "Finalizer"                  daemon [_thread_blocked, id=9268, stack(0x0000008079900000,0x0000008079a00000) (1024K)]
  0x000002287ffae9b0 JavaThread "Signal Dispatcher"          daemon [_thread_blocked, id=7980, stack(0x0000008079a00000,0x0000008079b00000) (1024K)]
  0x000002287ffaf6e0 JavaThread "Attach Listener"            daemon [_thread_blocked, id=7408, stack(0x0000008079b00000,0x0000008079c00000) (1024K)]
  0x000002287ffb0410 JavaThread "Service Thread"             daemon [_thread_blocked, id=9288, stack(0x0000008079c00000,0x0000008079d00000) (1024K)]
  0x000002287ffb3080 JavaThread "Monitor Deflation Thread"   daemon [_thread_blocked, id=16856, stack(0x0000008079d00000,0x0000008079e00000) (1024K)]
  0x000002287ffc16f0 JavaThread "C2 CompilerThread0"         daemon [_thread_blocked, id=18044, stack(0x0000008079e00000,0x0000008079f00000) (1024K)]
  0x000002287ffc43b0 JavaThread "C1 CompilerThread0"         daemon [_thread_blocked, id=6668, stack(0x0000008079f00000,0x000000807a000000) (1024K)]
  0x000002287ffde490 JavaThread "C1 CompilerThread1"         daemon [_thread_blocked, id=17244, stack(0x000000807a000000,0x000000807a100000) (1024K)]
  0x0000022824bc8510 JavaThread "Common-Cleaner"             daemon [_thread_blocked, id=7380, stack(0x000000807a100000,0x000000807a200000) (1024K)]
  0x0000022824d0ada0 JavaThread "C1 CompilerThread2"         daemon [_thread_blocked, id=28208, stack(0x000000807a200000,0x000000807a300000) (1024K)]
  0x0000022824d0c540 JavaThread "C1 CompilerThread3"         daemon [_thread_blocked, id=24784, stack(0x000000807a300000,0x000000807a400000) (1024K)]
  0x0000022824dd4b40 JavaThread "C2 CompilerThread1"         daemon [_thread_blocked, id=23892, stack(0x000000807a400000,0x000000807a500000) (1024K)]
  0x000002286a6c80d0 JavaThread "JDWP Transport Listener: dt_socket" daemon [_thread_blocked, id=15040, stack(0x000000807a500000,0x000000807a600000) (1024K)]
  0x0000022824dde310 JavaThread "JDWP Event Helper Thread"   daemon [_thread_blocked, id=3000, stack(0x000000807a600000,0x000000807a700000) (1024K)]
  0x000002286a4492a0 JavaThread "JDWP Command Reader"        daemon [_thread_in_native, id=10324, stack(0x000000807a700000,0x000000807a800000) (1024K)]
  0x000002286a5c8a40 JavaThread "IntelliJ Suspend Helper"    daemon [_thread_blocked, id=10764, stack(0x000000807a800000,0x000000807a900000) (1024K)]
  0x0000022824c3b780 JavaThread "Notification Thread"        daemon [_thread_blocked, id=1840, stack(0x000000807a900000,0x000000807aa00000) (1024K)]
  0x000002286a7d08f0 JavaThread "C2 CompilerThread2"         daemon [_thread_in_native, id=30984, stack(0x000000807aa00000,0x000000807ab00000) (1024K)]
  0x000002286af2f7e0 JavaThread "C2 CompilerThread3"         daemon [_thread_blocked, id=1536, stack(0x000000807ab00000,0x000000807ac00000) (1024K)]
  0x000002286af31620 JavaThread "C2 CompilerThread4"         daemon [_thread_blocked, id=31528, stack(0x000000807ac00000,0x000000807ad00000) (1024K)]
  0x000002286af2e130 JavaThread "C2 CompilerThread5"         daemon [_thread_in_native, id=16316, stack(0x000000807ad00000,0x000000807ae00000) (1024K)]
Total: 23

Other Threads:
  0x000002287ff9b710 VMThread "VM Thread"                           [id=18128, stack(0x0000008079700000,0x0000008079800000) (1024K)]
  0x000002287fee7c70 WatcherThread "VM Periodic Task Thread"        [id=10512, stack(0x0000008079600000,0x0000008079700000) (1024K)]
  0x000002287fe1fd90 WorkerThread "GC Thread#0"                     [id=24696, stack(0x0000008079100000,0x0000008079200000) (1024K)]
  0x000002286b68ba60 WorkerThread "GC Thread#1"                     [id=11716, stack(0x000000807b000000,0x000000807b100000) (1024K)]
  0x000002286ba6bb40 WorkerThread "GC Thread#2"                     [id=12912, stack(0x000000807b100000,0x000000807b200000) (1024K)]
  0x000002286b15f050 WorkerThread "GC Thread#3"                     [id=10404, stack(0x000000807b200000,0x000000807b300000) (1024K)]
  0x000002286b879fa0 WorkerThread "GC Thread#4"                     [id=25844, stack(0x000000807b300000,0x000000807b400000) (1024K)]
  0x000002286b0b9320 WorkerThread "GC Thread#5"                     [id=29980, stack(0x000000807b400000,0x000000807b500000) (1024K)]
  0x000002286b0ba940 WorkerThread "GC Thread#6"                     [id=11876, stack(0x000000807b500000,0x000000807b600000) (1024K)]
  0x000002286b0ba590 WorkerThread "GC Thread#7"                     [id=12904, stack(0x000000807b600000,0x000000807b700000) (1024K)]
  0x000002286b0b9a80 WorkerThread "GC Thread#8"                     [id=29740, stack(0x000000807b700000,0x000000807b800000) (1024K)]
  0x000002286b0ba1e0 WorkerThread "GC Thread#9"                     [id=26976, stack(0x000000807b800000,0x000000807b900000) (1024K)]
  0x000002286b0b9e30 WorkerThread "GC Thread#10"                    [id=2908, stack(0x000000807b900000,0x000000807ba00000) (1024K)]
  0x000002286b0b8f70 WorkerThread "GC Thread#11"                    [id=30904, stack(0x000000807ba00000,0x000000807bb00000) (1024K)]
  0x0000022873234800 WorkerThread "GC Thread#12"                    [id=20332, stack(0x000000807ae00000,0x000000807af00000) (1024K)]
  0x0000022873235e20 WorkerThread "GC Thread#13"                    [id=23616, stack(0x000000807af00000,0x000000807b000000) (1024K)]
  0x0000022873234bb0 WorkerThread "GC Thread#14"                    [id=19660, stack(0x000000807bb00000,0x000000807bc00000) (1024K)]
  0x000002287f10c390 ConcurrentGCThread "G1 Main Marker"            [id=6680, stack(0x0000008079200000,0x0000008079300000) (1024K)]
  0x000002287f10dc60 WorkerThread "G1 Conc#0"                       [id=12256, stack(0x0000008079300000,0x0000008079400000) (1024K)]
  0x0000022873236580 WorkerThread "G1 Conc#1"                       [id=32460, stack(0x000000807bc00000,0x000000807bd00000) (1024K)]
  0x00000228732331e0 WorkerThread "G1 Conc#2"                       [id=31960, stack(0x000000807bd00000,0x000000807be00000) (1024K)]
  0x0000022873234f60 WorkerThread "G1 Conc#3"                       [id=9828, stack(0x000000807be00000,0x000000807bf00000) (1024K)]
  0x000002287fedd150 ConcurrentGCThread "G1 Refine#0"               [id=9496, stack(0x0000008079400000,0x0000008079500000) (1024K)]
  0x000002287fedeaf0 ConcurrentGCThread "G1 Service"                [id=19616, stack(0x0000008079500000,0x0000008079600000) (1024K)]
Total: 24

Threads with active compile tasks:
C2 CompilerThread2  2780 4434       4       java.lang.invoke.MethodType::methodType (69 bytes)
C2 CompilerThread5  2780 4414       4       java.lang.invoke.MethodType::makeImpl (155 bytes)
Total: 2

VM state: not at safepoint (normal execution)

VM Mutex/Monitor currently owned by a thread: None

Heap address: 0x0000000601800000, size: 8168 MB, Compressed Oops mode: Zero based, Oop shift amount: 3

CDS archive(s) mapped at: [0x0000022825000000-0x0000022825d40000-0x0000022825d40000), size 13893632, SharedBaseAddress: 0x0000022825000000, ArchiveRelocationMode: 1.
Compressed class space mapped at: 0x0000022826000000-0x0000022866000000, reserved size: 1073741824
UseCompressedClassPointers 1, UseCompactObjectHeaders 0
Narrow klass pointer bits 32, Max shift 3
Narrow klass base: 0x0000022825000000, Narrow klass shift: 0
Encoding Range: [0x0000022825000000 - 0x0000022925000000), (4294967296 bytes)
Klass Range:    [0x0000022825000000 - 0x0000022866000000), (1090519040 bytes)
Klass ID Range:  [8 - 1090519033) (1090519025)

GC Precious Log:
 CardTable entry size: 512
 Card Set container configuration: InlinePtr #cards 4 size 8 Array Of Cards #cards 32 size 80 Howl #buckets 8 coarsen threshold 7372 Howl Bitmap #cards 1024 size 144 coarsen threshold 921 Card regions per heap region 1 cards per card region 8192
 CPUs: 20 total, 20 available
 Memory: 32664M
 Large Page Support: Disabled
 NUMA Support: Disabled
 Compressed Oops: Enabled (Zero based)
 Heap Region Size: 4M
 Heap Min Capacity: 8M
 Heap Initial Capacity: 512M
 Heap Max Capacity: 8168M
 Pre-touch: Disabled
 Parallel Workers: 15
 Concurrent Workers: 4
 Concurrent Refinement Workers: 15
 Periodic GC: Disabled

Heap:
 garbage-first heap   total reserved 8364032K, committed 139264K, used 41960K [0x0000000601800000, 0x0000000800000000)
  region size 4096K, 4 young (16384K), 2 survivors (8192K)
 Metaspace       used 21445K, committed 21888K, reserved 1114112K
  class space    used 1980K, committed 2176K, reserved 1048576K

Heap Regions: E=young(eden), S=young(survivor), O=old, HS=humongous(starts), HC=humongous(continues), CS=collection set, F=free, TAMS=top-at-mark-start, PB=parsable bottom
|   0|0x0000000601800000, 0x0000000601c00000, 0x0000000601c00000|100%| O|  |TAMS 0x0000000601800000| PB 0x0000000601800000| Untracked |  0
|   1|0x0000000601c00000, 0x0000000602000000, 0x0000000602000000|100%| O|  |TAMS 0x0000000601c00000| PB 0x0000000601c00000| Untracked |  0
|   2|0x0000000602000000, 0x0000000602400000, 0x0000000602400000|100%| O|  |TAMS 0x0000000602000000| PB 0x0000000602000000| Untracked |  0
|   3|0x0000000602400000, 0x0000000602800000, 0x0000000602800000|100%| O|  |TAMS 0x0000000602400000| PB 0x0000000602400000| Untracked |  0
|   4|0x0000000602800000, 0x0000000602c00000, 0x0000000602c00000|100%| O|  |TAMS 0x0000000602800000| PB 0x0000000602800000| Untracked |  0
|   5|0x0000000602c00000, 0x0000000603000000, 0x0000000603000000|100%| O|  |TAMS 0x0000000602c00000| PB 0x0000000602c00000| Untracked |  0
|   6|0x0000000603000000, 0x00000006033e6df8, 0x0000000603400000| 97%| O|  |TAMS 0x0000000603000000| PB 0x0000000603000000| Untracked |  0
|   7|0x0000000603400000, 0x0000000603400000, 0x0000000603800000|  0%| F|  |TAMS 0x0000000603400000| PB 0x0000000603400000| Untracked |  0
|   8|0x0000000603800000, 0x0000000603800000, 0x0000000603c00000|  0%| F|  |TAMS 0x0000000603800000| PB 0x0000000603800000| Untracked |  0
|   9|0x0000000603c00000, 0x0000000603c00000, 0x0000000604000000|  0%| F|  |TAMS 0x0000000603c00000| PB 0x0000000603c00000| Untracked |  0
|  10|0x0000000604000000, 0x0000000604000000, 0x0000000604400000|  0%| F|  |TAMS 0x0000000604000000| PB 0x0000000604000000| Untracked |  0
|  11|0x0000000604400000, 0x0000000604400000, 0x0000000604800000|  0%| F|  |TAMS 0x0000000604400000| PB 0x0000000604400000| Untracked |  0
|  12|0x0000000604800000, 0x0000000604800000, 0x0000000604c00000|  0%| F|  |TAMS 0x0000000604800000| PB 0x0000000604800000| Untracked |  0
|  13|0x0000000604c00000, 0x0000000604c00000, 0x0000000605000000|  0%| F|  |TAMS 0x0000000604c00000| PB 0x0000000604c00000| Untracked |  0
|  14|0x0000000605000000, 0x0000000605000000, 0x0000000605400000|  0%| F|  |TAMS 0x0000000605000000| PB 0x0000000605000000| Untracked |  0
|  15|0x0000000605400000, 0x0000000605400000, 0x0000000605800000|  0%| F|  |TAMS 0x0000000605400000| PB 0x0000000605400000| Untracked |  0
|  16|0x0000000605800000, 0x0000000605800000, 0x0000000605c00000|  0%| F|  |TAMS 0x0000000605800000| PB 0x0000000605800000| Untracked |  0
|  17|0x0000000605c00000, 0x0000000605c00000, 0x0000000606000000|  0%| F|  |TAMS 0x0000000605c00000| PB 0x0000000605c00000| Untracked |  0
|  18|0x0000000606000000, 0x0000000606000000, 0x0000000606400000|  0%| F|  |TAMS 0x0000000606000000| PB 0x0000000606000000| Untracked |  0
|  19|0x0000000606400000, 0x0000000606400000, 0x0000000606800000|  0%| F|  |TAMS 0x0000000606400000| PB 0x0000000606400000| Untracked |  0
|  20|0x0000000606800000, 0x0000000606800000, 0x0000000606c00000|  0%| F|  |TAMS 0x0000000606800000| PB 0x0000000606800000| Untracked |  0
|  21|0x0000000606c00000, 0x0000000606c00000, 0x0000000607000000|  0%| F|  |TAMS 0x0000000606c00000| PB 0x0000000606c00000| Untracked |  0
|  22|0x0000000607000000, 0x0000000607000000, 0x0000000607400000|  0%| F|  |TAMS 0x0000000607000000| PB 0x0000000607000000| Untracked |  0
|  23|0x0000000607400000, 0x0000000607400000, 0x0000000607800000|  0%| F|  |TAMS 0x0000000607400000| PB 0x0000000607400000| Untracked |  0
|  24|0x0000000607800000, 0x0000000607800000, 0x0000000607c00000|  0%| F|  |TAMS 0x0000000607800000| PB 0x0000000607800000| Untracked |  0
|  25|0x0000000607c00000, 0x0000000607c00000, 0x0000000608000000|  0%| F|  |TAMS 0x0000000607c00000| PB 0x0000000607c00000| Untracked |  0
|  26|0x0000000608000000, 0x0000000608000000, 0x0000000608400000|  0%| F|  |TAMS 0x0000000608000000| PB 0x0000000608000000| Untracked |  0
|  27|0x0000000608400000, 0x0000000608400000, 0x0000000608800000|  0%| F|  |TAMS 0x0000000608400000| PB 0x0000000608400000| Untracked |  0
|  28|0x0000000608800000, 0x0000000608800000, 0x0000000608c00000|  0%| F|  |TAMS 0x0000000608800000| PB 0x0000000608800000| Untracked |  0
|  29|0x0000000608c00000, 0x0000000608e00000, 0x0000000609000000| 50%| E|  |TAMS 0x0000000608c00000| PB 0x0000000608c00000| Complete |  0
|  62|0x0000000611000000, 0x00000006113f7118, 0x0000000611400000| 99%| S|CS|TAMS 0x0000000611000000| PB 0x0000000611000000| Complete |  0
|  70|0x0000000613000000, 0x0000000613400000, 0x0000000613400000|100%| S|CS|TAMS 0x0000000613000000| PB 0x0000000613000000| Complete |  0
| 127|0x0000000621400000, 0x0000000621800000, 0x0000000621800000|100%| E|CS|TAMS 0x0000000621400000| PB 0x0000000621400000| Complete |  0
|2041|0x00000007ffc00000, 0x00000007ffd1c320, 0x0000000800000000| 27%| O|Cm|TAMS 0x00000007ffc00000| PB 0x00000007ffc00000| Complete |  0

Card table byte_map: [0x0000022818a40000,0x0000022819a40000] _byte_map_base: 0x0000022815a34000

Marking Bits: (CMBitMap*) 0x000002287fe202b0
 Bits: [0x0000022819a40000, 0x00000228219e0000)

Polling page: 0x000002287cf40000

Metaspace:

Usage:
  Non-class:     19.01 MB used.
      Class:      1.93 MB used.
       Both:     20.94 MB used.

Virtual space:
  Non-class space:       64.00 MB reserved,      19.25 MB ( 30%) committed,  1 nodes.
      Class space:        1.00 GB reserved,       2.12 MB ( <1%) committed,  1 nodes.
             Both:        1.06 GB reserved,      21.38 MB (  2%) committed. 

Chunk freelists:
   Non-Class:  12.61 MB
       Class:  13.92 MB
        Both:  26.53 MB

MaxMetaspaceSize: unlimited
CompressedClassSpaceSize: 1.00 GB
Initial GC threshold: 21.00 MB
Current GC threshold: 35.12 MB
CDS: on
 - commit_granule_bytes: 65536.
 - commit_granule_words: 8192.
 - virtual_space_node_default_size: 8388608.
 - enlarge_chunks_in_place: 1.
UseCompressedClassPointers 1, UseCompactObjectHeaders 0
Narrow klass pointer bits 32, Max shift 3
Narrow klass base: 0x0000022825000000, Narrow klass shift: 0
Encoding Range: [0x0000022825000000 - 0x0000022925000000), (4294967296 bytes)
Klass Range:    [0x0000022825000000 - 0x0000022866000000), (1090519040 bytes)
Klass ID Range:  [8 - 1090519033) (1090519025)


Internal statistics:

num_allocs_failed_limit: 3.
num_arena_births: 348.
num_arena_deaths: 0.
num_vsnodes_births: 2.
num_vsnodes_deaths: 0.
num_space_committed: 342.
num_space_uncommitted: 0.
num_chunks_returned_to_freelist: 3.
num_chunks_taken_from_freelist: 766.
num_chunk_merges: 3.
num_chunk_splits: 466.
num_chunks_enlarged: 302.
num_inconsistent_stats: 0.

CodeHeap 'non-profiled nmethods': size=119232Kb used=2777Kb max_used=2777Kb free=116454Kb
 bounds [0x00000228105d0000, 0x0000022810890000, 0x0000022817a40000]
CodeHeap 'profiled nmethods': size=119104Kb used=7584Kb max_used=7584Kb free=111519Kb
 bounds [0x0000022808a40000, 0x00000228091b0000, 0x000002280fe90000]
CodeHeap 'non-nmethods': size=7424Kb used=3192Kb max_used=3236Kb free=4231Kb
 bounds [0x000002280fe90000, 0x00000228101d0000, 0x00000228105d0000]
CodeCache: size=245760Kb, used=13553Kb, max_used=13597Kb, free=232204Kb
 total_blobs=5159, nmethods=4553, adapters=508, full_count=0
Compilation: enabled, stopped_count=0, restarted_count=0

Compilation events (20 events):
Event: 2.661 Thread 0x0000022824d0ada0 nmethod 4545 0x00000228091a3c88 code [0x00000228091a3da0, 0x00000228091a3f68]
Event: 2.661 Thread 0x000002287ffc43b0 nmethod 4547 0x00000228091a3f88 code [0x00000228091a40c0, 0x00000228091a44a0]
Event: 2.661 Thread 0x000002287ffde490 nmethod 4546 0x00000228091a4508 code [0x00000228091a4660, 0x00000228091a4b20]
Event: 2.662 Thread 0x000002286af31620 nmethod 4543 0x0000022810884808 code [0x0000022810884960, 0x0000022810884e58]
Event: 2.663 Thread 0x000002287ffc43b0 4553       3       java.lang.invoke.LambdaForm::fixResult (31 bytes)
Event: 2.663 Thread 0x000002287ffde490 4552       3       java.lang.invoke.LambdaForm::create (95 bytes)
Event: 2.663 Thread 0x0000022824d0ada0 4554       3       java.lang.invoke.LambdaForm::<init> (53 bytes)
Event: 2.663 Thread 0x0000022824d0c540 4555       3       java.lang.invoke.InvokerBytecodeGenerator::generateCustomizedCode (34 bytes)
Event: 2.663 Thread 0x000002287ffc43b0 nmethod 4553 0x00000228091a4b88 code [0x00000228091a4ca0, 0x00000228091a4e68]
Event: 2.663 Thread 0x0000022824d0ada0 nmethod 4554 0x00000228091a4e88 code [0x00000228091a4fa0, 0x00000228091a5288]
Event: 2.663 Thread 0x000002287ffc43b0 4556       3       java.lang.invoke.InvokerBytecodeGenerator::lookupPregenerated (294 bytes)
Event: 2.663 Thread 0x0000022824d0c540 nmethod 4555 0x00000228091a5308 code [0x00000228091a5460, 0x00000228091a5728]
Event: 2.663 Thread 0x000002287ffde490 nmethod 4552 0x00000228091a5788 code [0x00000228091a5900, 0x00000228091a5eb0]
Event: 2.663 Thread 0x000002286af2f7e0 4558       4       java.lang.invoke.MethodTypeForm::canonicalize (74 bytes)
Event: 2.663 Thread 0x000002287ffc43b0 nmethod 4556 0x00000228091a5f08 code [0x00000228091a6200, 0x00000228091a7d88]
Event: 2.663 Thread 0x000002286af2f7e0 nmethod 4558 0x0000022810885b08 code [0x0000022810885c00, 0x0000022810885ce0]
Event: 2.664 Thread 0x000002286af31620 4559       4       jdk.internal.classfile.impl.StackMapGenerator$Frame::checkLocal (97 bytes)
Event: 2.665 Thread 0x000002286af31620 nmethod 4559 0x0000022810885e08 code [0x0000022810885f40, 0x0000022810886430]
Event: 2.668 Thread 0x0000022824d0ada0 4560       3       jdk.internal.loader.NativeLibraries$NativeLibraryImpl::find (9 bytes)
Event: 2.668 Thread 0x0000022824d0ada0 nmethod 4560 0x00000228091a7e08 code [0x00000228091a7f20, 0x00000228091a8068]

GC Heap History (6 events):
Event: 0.524 GC heap before
{Heap before GC invocations=0 (full 0):
 garbage-first heap   total reserved 8364032K, committed 528384K, used 50288K [0x0000000601800000, 0x0000000800000000)
  region size 4096K, 12 young (49152K), 0 survivors (0K)
 Metaspace       used 5172K, committed 5312K, reserved 1114112K
  class space    used 402K, committed 448K, reserved 1048576K
}
Event: 0.528 GC heap after
{Heap after GC invocations=1 (full 0):
 garbage-first heap   total reserved 8364032K, committed 528384K, used 11533K [0x0000000601800000, 0x0000000800000000)
  region size 4096K, 2 young (8192K), 2 survivors (8192K)
 Metaspace       used 5172K, committed 5312K, reserved 1114112K
  class space    used 402K, committed 448K, reserved 1048576K
}
Event: 1.401 GC heap before
{Heap before GC invocations=1 (full 0):
 garbage-first heap   total reserved 8364032K, committed 528384K, used 236813K [0x0000000601800000, 0x0000000800000000)
  region size 4096K, 58 young (237568K), 2 survivors (8192K)
 Metaspace       used 7718K, committed 7872K, reserved 1114112K
  class space    used 605K, committed 704K, reserved 1048576K
}
Event: 1.409 GC heap after
{Heap after GC invocations=2 (full 0):
 garbage-first heap   total reserved 8364032K, committed 528384K, used 30799K [0x0000000601800000, 0x0000000800000000)
  region size 4096K, 7 young (28672K), 7 survivors (28672K)
 Metaspace       used 7718K, committed 7872K, reserved 1114112K
  class space    used 605K, committed 704K, reserved 1048576K
}
Event: 2.624 GC heap before
{Heap before GC invocations=2 (full 0):
 garbage-first heap   total reserved 8364032K, committed 528384K, used 260175K [0x0000000601800000, 0x0000000800000000)
  region size 4096K, 64 young (262144K), 7 survivors (28672K)
 Metaspace       used 21169K, committed 21504K, reserved 1114112K
  class space    used 1953K, committed 2112K, reserved 1048576K
}
Event: 2.633 GC heap after
{Heap after GC invocations=3 (full 0):
 garbage-first heap   total reserved 8364032K, committed 528384K, used 37864K [0x0000000601800000, 0x0000000800000000)
  region size 4096K, 2 young (8192K), 2 survivors (8192K)
 Metaspace       used 21169K, committed 21504K, reserved 1114112K
  class space    used 1953K, committed 2112K, reserved 1048576K
}

Dll operation events (12 events):
Event: 0.008 Loaded shared library C:\Program Files\Eclipse Adoptium\jdk-24.0.2.12-hotspot\bin\java.dll
Event: 0.009 Loaded shared library C:\Program Files\Eclipse Adoptium\jdk-24.0.2.12-hotspot\bin\zip.dll
Event: 0.030 Loaded shared library C:\Program Files\Eclipse Adoptium\jdk-24.0.2.12-hotspot\bin\jsvml.dll
Event: 0.114 Loaded shared library C:\Program Files\Eclipse Adoptium\jdk-24.0.2.12-hotspot\bin\net.dll
Event: 0.115 Loaded shared library C:\Program Files\Eclipse Adoptium\jdk-24.0.2.12-hotspot\bin\nio.dll
Event: 0.117 Loaded shared library C:\Program Files\Eclipse Adoptium\jdk-24.0.2.12-hotspot\bin\zip.dll
Event: 0.165 Loaded shared library C:\Program Files\Eclipse Adoptium\jdk-24.0.2.12-hotspot\bin\instrument.dll
Event: 0.206 Loaded shared library C:\Program Files\Eclipse Adoptium\jdk-24.0.2.12-hotspot\bin\jimage.dll
Event: 0.471 Loaded shared library C:\Program Files\Eclipse Adoptium\jdk-24.0.2.12-hotspot\bin\verify.dll
Event: 1.904 Loaded shared library C:\Program Files\Eclipse Adoptium\jdk-24.0.2.12-hotspot\bin\management.dll
Event: 1.906 Loaded shared library C:\Program Files\Eclipse Adoptium\jdk-24.0.2.12-hotspot\bin\management_ext.dll
Event: 2.647 Loaded shared library C:\Users\finba\AppData\Local\Temp\lwjglfinba\3.3.1-build-7\lwjgl.dll

Deoptimization events (20 events):
Event: 2.604 Thread 0x000002287f08c000 Uncommon trap: trap_request=0xffffffde fr.pc=0x000002281087341c relative=0x000000000000029c
Event: 2.604 Thread 0x000002287f08c000 Uncommon trap: reason=class_check action=maybe_recompile pc=0x000002281087341c method=java.nio.ByteBuffer.put(Ljava/nio/ByteBuffer;)Ljava/nio/ByteBuffer; @ 10 c2
Event: 2.604 Thread 0x000002287f08c000 DEOPT PACKING pc=0x000002281087341c sp=0x00000080790fe410
Event: 2.604 Thread 0x000002287f08c000 DEOPT UNPACKING pc=0x0000022810041c02 sp=0x00000080790fe4c0 mode 2
Event: 2.604 Thread 0x000002287f08c000 Uncommon trap: trap_request=0xffffffde fr.pc=0x000002281087341c relative=0x000000000000029c
Event: 2.604 Thread 0x000002287f08c000 Uncommon trap: reason=class_check action=maybe_recompile pc=0x000002281087341c method=java.nio.ByteBuffer.put(Ljava/nio/ByteBuffer;)Ljava/nio/ByteBuffer; @ 10 c2
Event: 2.604 Thread 0x000002287f08c000 DEOPT PACKING pc=0x000002281087341c sp=0x00000080790fe410
Event: 2.604 Thread 0x000002287f08c000 DEOPT UNPACKING pc=0x0000022810041c02 sp=0x00000080790fe4c0 mode 2
Event: 2.644 Thread 0x000002287f08c000 DEOPT PACKING pc=0x0000022808d6f594 sp=0x00000080790fcdb0
Event: 2.644 Thread 0x000002287f08c000 DEOPT UNPACKING pc=0x000002280fee5722 sp=0x00000080790fc288 mode 1
Event: 2.644 Thread 0x000002287f08c000 DEOPT PACKING pc=0x0000022808d730d4 sp=0x00000080790fce70
Event: 2.644 Thread 0x000002287f08c000 DEOPT UNPACKING pc=0x000002280fee5722 sp=0x00000080790fc350 mode 1
Event: 2.644 Thread 0x000002287f08c000 DEOPT PACKING pc=0x0000022808d6ef34 sp=0x00000080790fcf50
Event: 2.644 Thread 0x000002287f08c000 DEOPT UNPACKING pc=0x000002280fee5722 sp=0x00000080790fc438 mode 1
Event: 2.651 Thread 0x000002287f08c000 DEOPT PACKING pc=0x0000022808d6f594 sp=0x00000080790fd940
Event: 2.651 Thread 0x000002287f08c000 DEOPT UNPACKING pc=0x000002280fee5722 sp=0x00000080790fce18 mode 1
Event: 2.651 Thread 0x000002287f08c000 DEOPT PACKING pc=0x0000022808d730d4 sp=0x00000080790fda00
Event: 2.651 Thread 0x000002287f08c000 DEOPT UNPACKING pc=0x000002280fee5722 sp=0x00000080790fcee0 mode 1
Event: 2.651 Thread 0x000002287f08c000 DEOPT PACKING pc=0x0000022808d6ef34 sp=0x00000080790fdae0
Event: 2.651 Thread 0x000002287f08c000 DEOPT UNPACKING pc=0x000002280fee5722 sp=0x00000080790fcfc8 mode 1

Classes loaded (20 events):
Event: 2.654 Loading class java/nio/BufferOverflowException
Event: 2.654 Loading class java/nio/BufferOverflowException done
Event: 2.656 Loading class java/nio/DirectByteBuffer$Deallocator
Event: 2.657 Loading class java/nio/DirectByteBuffer$Deallocator done
Event: 2.657 Loading class java/nio/DirectShortBufferU
Event: 2.657 Loading class java/nio/DirectShortBufferU done
Event: 2.657 Loading class java/nio/DirectCharBufferU
Event: 2.657 Loading class java/nio/DirectCharBufferU done
Event: 2.657 Loading class java/nio/DirectFloatBufferU
Event: 2.657 Loading class java/nio/DirectFloatBufferU done
Event: 2.657 Loading class java/nio/DirectDoubleBufferU
Event: 2.657 Loading class java/nio/DirectDoubleBufferU done
Event: 2.664 Loading class java/nio/InvalidMarkException
Event: 2.664 Loading class java/nio/InvalidMarkException done
Event: 2.664 Loading class java/nio/BufferUnderflowException
Event: 2.664 Loading class java/nio/BufferUnderflowException done
Event: 2.666 Loading class org/lwjgl/system/MemoryStack
Event: 2.666 Loading class org/lwjgl/system/MemoryStack done
Event: 2.667 Loading class org/lwjgl/system/MemoryStack
Event: 2.667 Loading class org/lwjgl/system/MemoryStack done

Classes unloaded (0 events):
No events

Classes redefined (1 events):
Event: 0.182 Thread 0x000002287ff9b710 redefined class name=java.lang.Throwable, count=1

Internal exceptions (20 events):
Event: 2.562 Thread 0x000002287f08c000 Exception <a 'java/lang/NoSuchMethodError'{0x00000006138ae418}: 'void java.lang.invoke.DirectMethodHandle$Holder.invokeStaticInit(java.lang.Object, java.lang.Object)'> (0x00000006138ae418) 
thrown [s\src\hotspot\share\interpreter\linkResolver.cpp, line 805]
Event: 2.563 Thread 0x000002287f08c000 Exception <a 'java/lang/NoSuchMethodError'{0x00000006138d3658}: 'java.lang.Object java.lang.invoke.DirectMethodHandle$Holder.invokeStaticInit(java.lang.Object, java.lang.Object, java.lang.Object, java.lang.Object)'> (0x00000006138d3658) 
thrown [s\src\hotspot\share\interpreter\linkResolver.cpp, line 805]
Event: 2.563 Thread 0x000002287f08c000 Exception <a 'java/lang/IncompatibleClassChangeError'{0x00000006138e2df0}: Found class java.lang.Object, but interface was expected> (0x00000006138e2df0) 
thrown [s\src\hotspot\share\interpreter\linkResolver.cpp, line 872]
Event: 2.567 Thread 0x000002287f08c000 Exception <a 'java/lang/IncompatibleClassChangeError'{0x0000000613930b20}: Found class java.lang.Object, but interface was expected> (0x0000000613930b20) 
thrown [s\src\hotspot\share\interpreter\linkResolver.cpp, line 872]
Event: 2.590 Thread 0x000002287f08c000 Exception <a 'java/lang/NoSuchMethodError'{0x0000000613b7d6c0}: 'java.lang.Object java.lang.invoke.DirectMethodHandle$Holder.invokeVirtual(java.lang.Object, java.lang.Object, java.lang.Object)'> (0x0000000613b7d6c0) 
thrown [s\src\hotspot\share\interpreter\linkResolver.cpp, line 805]
Event: 2.607 Thread 0x000002287f08c000 Exception <a 'java/lang/NoSuchMethodError'{0x00000006134d0210}: 'java.lang.Object java.lang.invoke.DirectMethodHandle$Holder.invokeStatic(java.lang.Object, int, java.lang.Object, java.lang.Object, java.lang.Object, java.lang.Object)'> (0x00000006134d0210) 
thrown [s\src\hotspot\share\interpreter\linkResolver.cpp, line 805]
Event: 2.607 Thread 0x000002287f08c000 Exception <a 'java/lang/NoSuchMethodError'{0x00000006134e0c88}: 'java.lang.Object java.lang.invoke.DirectMethodHandle$Holder.newInvokeSpecial(java.lang.Object, int, java.lang.Object, java.lang.Object)'> (0x00000006134e0c88) 
thrown [s\src\hotspot\share\interpreter\linkResolver.cpp, line 805]
Event: 2.608 Thread 0x000002287f08c000 Exception <a 'java/lang/NoSuchMethodError'{0x00000006134e96a8}: 'java.lang.Object java.lang.invoke.DirectMethodHandle$Holder.invokeSpecial(java.lang.Object, java.lang.Object, int, java.lang.Object, java.lang.Object)'> (0x00000006134e96a8) 
thrown [s\src\hotspot\share\interpreter\linkResolver.cpp, line 805]
Event: 2.620 Thread 0x000002287f08c000 Exception <a 'java/lang/NoSuchMethodError'{0x000000061366eef8}: 'void java.lang.System.load(java.lang.String, java.lang.Class)'> (0x000000061366eef8) 
thrown [s\src\hotspot\share\interpreter\linkResolver.cpp, line 805]
Event: 2.621 Thread 0x000002287f08c000 Exception <a 'java/lang/NoSuchMethodError'{0x000000061369f830}: 'void java.lang.System.loadLibrary(java.lang.String, java.lang.Class)'> (0x000000061369f830) 
thrown [s\src\hotspot\share\interpreter\linkResolver.cpp, line 805]
Event: 2.644 Thread 0x000002287f08c000 Exception <a 'sun/nio/fs/WindowsException'{0x0000000621571790}> (0x0000000621571790) 
thrown [s\src\hotspot\share\prims\jni.cpp, line 518]
Event: 2.644 Thread 0x000002287f08c000 Exception <a 'sun/nio/fs/WindowsException'{0x0000000621571b00}> (0x0000000621571b00) 
thrown [s\src\hotspot\share\prims\jni.cpp, line 518]
Event: 2.651 Thread 0x000002287f08c000 Exception <a 'sun/nio/fs/WindowsException'{0x00000006217f50b0}> (0x00000006217f50b0) 
thrown [s\src\hotspot\share\prims\jni.cpp, line 518]
Event: 2.651 Thread 0x000002287f08c000 Exception <a 'sun/nio/fs/WindowsException'{0x00000006217f5430}> (0x00000006217f5430) 
thrown [s\src\hotspot\share\prims\jni.cpp, line 518]
Event: 2.659 Thread 0x000002287f08c000 Exception <a 'java/lang/NoSuchMethodError'{0x0000000608c918c0}: 'int java.lang.invoke.DirectMethodHandle$Holder.invokeStaticInit(java.lang.Object, java.lang.Object, int, long)'> (0x0000000608c918c0) 
thrown [s\src\hotspot\share\interpreter\linkResolver.cpp, line 805]
Event: 2.660 Thread 0x000002287f08c000 Exception <a 'java/lang/NoSuchMethodError'{0x0000000608ca0b88}: 'java.lang.Object java.lang.invoke.DirectMethodHandle$Holder.newInvokeSpecial(java.lang.Object, java.lang.Object, int)'> (0x0000000608ca0b88) 
thrown [s\src\hotspot\share\interpreter\linkResolver.cpp, line 805]
Event: 2.662 Thread 0x000002287f08c000 Exception <a 'java/lang/NoSuchMethodError'{0x0000000608cbe7e0}: 'int java.lang.invoke.DirectMethodHandle$Holder.invokeStaticInit(java.lang.Object, java.lang.Object, long, long)'> (0x0000000608cbe7e0) 
thrown [s\src\hotspot\share\interpreter\linkResolver.cpp, line 805]
Event: 2.662 Thread 0x000002287f08c000 Exception <a 'java/lang/NoSuchMethodError'{0x0000000608ccdc10}: 'java.lang.Object java.lang.invoke.DirectMethodHandle$Holder.newInvokeSpecial(java.lang.Object, java.lang.Object, long)'> (0x0000000608ccdc10) 
thrown [s\src\hotspot\share\interpreter\linkResolver.cpp, line 805]
Event: 2.663 Thread 0x000002287f08c000 Exception <a 'java/lang/NoSuchMethodError'{0x0000000608cd6838}: 'java.lang.Object java.lang.invoke.Invokers$Holder.linkToTargetMethod(java.lang.Object, long, java.lang.Object)'> (0x0000000608cd6838) 
thrown [s\src\hotspot\share\interpreter\linkResolver.cpp, line 805]
Event: 2.663 Thread 0x000002287f08c000 Exception <a 'java/lang/NoSuchMethodError'{0x0000000608ce6f20}: 'int java.lang.invoke.DirectMethodHandle$Holder.invokeStaticInit(java.lang.Object, java.lang.Object, java.lang.Object, long)'> (0x0000000608ce6f20) 
thrown [s\src\hotspot\share\interpreter\linkResolver.cpp, line 805]

VM Operations (20 events):
Event: 2.344 Executing VM operation: HandshakeAllThreads (Deoptimize)
Event: 2.344 Executing VM operation: HandshakeAllThreads (Deoptimize) done
Event: 2.378 Executing VM operation: HandshakeAllThreads (Deoptimize)
Event: 2.378 Executing VM operation: HandshakeAllThreads (Deoptimize) done
Event: 2.415 Executing VM operation: HandshakeAllThreads (Deoptimize)
Event: 2.415 Executing VM operation: HandshakeAllThreads (Deoptimize) done
Event: 2.416 Executing VM operation: HandshakeAllThreads (Deoptimize)
Event: 2.417 Executing VM operation: HandshakeAllThreads (Deoptimize) done
Event: 2.464 Executing VM operation: HandshakeAllThreads (Deoptimize)
Event: 2.464 Executing VM operation: HandshakeAllThreads (Deoptimize) done
Event: 2.477 Executing VM operation: HandshakeAllThreads (Deoptimize)
Event: 2.477 Executing VM operation: HandshakeAllThreads (Deoptimize) done
Event: 2.525 Executing VM operation: HandshakeAllThreads (Deoptimize)
Event: 2.525 Executing VM operation: HandshakeAllThreads (Deoptimize) done
Event: 2.624 Executing VM operation: CollectForMetadataAllocation (Metadata GC Threshold)
Event: 2.633 Executing VM operation: CollectForMetadataAllocation (Metadata GC Threshold) done
Event: 2.638 Executing VM operation: G1PauseRemark
Event: 2.640 Executing VM operation: G1PauseRemark done
Event: 2.642 Executing VM operation: G1PauseCleanup
Event: 2.642 Executing VM operation: G1PauseCleanup done

Memory protections (0 events):
No events

Nmethod flushes (0 events):
No events

Events (20 events):
Event: 0.145 Thread 0x000002287ffde490 Thread added: 0x0000022824d0ada0
Event: 0.145 Thread 0x000002287ffde490 Thread added: 0x0000022824d0c540
Event: 0.148 Thread 0x0000022824d0c540 Thread added: 0x0000022824dd4b40
Event: 0.155 Thread 0x000002287f08c000 Thread added: 0x000002286a6c80d0
Event: 0.155 Thread 0x000002287f08c000 Thread added: 0x0000022824dde310
Event: 0.156 Thread 0x000002286a6c80d0 Thread added: 0x000002286a4492a0
Event: 0.185 Thread 0x000002287f08c000 Thread added: 0x000002286a5c8a40
Event: 0.186 Thread 0x000002287f08c000 Thread added: 0x0000022824c3b780
Event: 0.246 Thread 0x000002287ffc16f0 Thread added: 0x000002286a7d08f0
Event: 0.421 Thread 0x000002287ffc16f0 Thread added: 0x000002286af2f7e0
Event: 0.421 Thread 0x000002287ffc16f0 Thread added: 0x000002286af31620
Event: 0.428 Thread 0x000002287ffc16f0 Thread added: 0x000002286af2e130
Event: 0.428 Thread 0x000002287ffc16f0 Thread added: 0x000002286af2e8c0
Event: 0.434 Thread 0x000002287ffde490 Thread added: 0x000002286b0879d0
Event: 1.874 Thread 0x000002286b0879d0 Thread exited: 0x000002286b0879d0
Event: 1.907 Thread 0x000002286af2e8c0 Thread exited: 0x000002286af2e8c0
Event: 2.354 Thread 0x000002287f08c000 Thread added: 0x000002287034c730
Event: 2.356 Thread 0x000002287034c730 Thread exited: 0x000002287034c730
Event: 2.364 Thread 0x000002287f08c000 Thread added: 0x0000022870349400
Event: 2.366 Thread 0x0000022870349400 Thread exited: 0x0000022870349400


Dynamic libraries:
0x00007ff7854f0000 - 0x00007ff7854fe000 	C:\Program Files\Eclipse Adoptium\jdk-24.0.2.12-hotspot\bin\java.exe
0x00007ffd80330000 - 0x00007ffd80547000 	C:\WINDOWS\SYSTEM32\ntdll.dll
0x00007ffd7e4f0000 - 0x00007ffd7e5b4000 	C:\WINDOWS\System32\KERNEL32.DLL
0x00007ffd7d8c0000 - 0x00007ffd7dc93000 	C:\WINDOWS\System32\KERNELBASE.dll
0x00007ffd7de80000 - 0x00007ffd7df91000 	C:\WINDOWS\System32\ucrtbase.dll
0x00007ffd3d710000 - 0x00007ffd3d726000 	C:\Program Files\Eclipse Adoptium\jdk-24.0.2.12-hotspot\bin\jli.dll
0x00007ffd3d730000 - 0x00007ffd3d74e000 	C:\Program Files\Eclipse Adoptium\jdk-24.0.2.12-hotspot\bin\VCRUNTIME140.dll
0x00007ffd7fb10000 - 0x00007ffd7fcc2000 	C:\WINDOWS\System32\USER32.dll
0x00007ffd59e00000 - 0x00007ffd5a09c000 	C:\WINDOWS\WinSxS\amd64_microsoft.windows.common-controls_6595b64144ccf1df_6.0.22621.5983_none_2714a6b37381578e\COMCTL32.dll
0x00007ffd7dfa0000 - 0x00007ffd7dfc6000 	C:\WINDOWS\System32\win32u.dll
0x00007ffd80280000 - 0x00007ffd802a9000 	C:\WINDOWS\System32\GDI32.dll
0x00007ffd7ed50000 - 0x00007ffd7edf7000 	C:\WINDOWS\System32\msvcrt.dll
0x00007ffd7d430000 - 0x00007ffd7d553000 	C:\WINDOWS\System32\gdi32full.dll
0x00007ffd7dde0000 - 0x00007ffd7de7a000 	C:\WINDOWS\System32\msvcp_win.dll
0x00007ffd802b0000 - 0x00007ffd802e1000 	C:\WINDOWS\System32\IMM32.DLL
0x00007ffd3f620000 - 0x00007ffd3f62c000 	C:\Program Files\Eclipse Adoptium\jdk-24.0.2.12-hotspot\bin\vcruntime140_1.dll
0x00007ffd3cb00000 - 0x00007ffd3cb8d000 	C:\Program Files\Eclipse Adoptium\jdk-24.0.2.12-hotspot\bin\msvcp140.dll
0x00007ffcacdb0000 - 0x00007ffcadc1c000 	C:\Program Files\Eclipse Adoptium\jdk-24.0.2.12-hotspot\bin\server\jvm.dll
0x00007ffd7eb10000 - 0x00007ffd7ebc1000 	C:\WINDOWS\System32\ADVAPI32.dll
0x00007ffd7e440000 - 0x00007ffd7e4e8000 	C:\WINDOWS\System32\sechost.dll
0x00007ffd7d810000 - 0x00007ffd7d838000 	C:\WINDOWS\System32\bcrypt.dll
0x00007ffd7fe30000 - 0x00007ffd7ff48000 	C:\WINDOWS\System32\RPCRT4.dll
0x00007ffd7fcd0000 - 0x00007ffd7fd41000 	C:\WINDOWS\System32\WS2_32.dll
0x00007ffd7c220000 - 0x00007ffd7c26d000 	C:\WINDOWS\SYSTEM32\POWRPROF.dll
0x00007ffd765c0000 - 0x00007ffd765f4000 	C:\WINDOWS\SYSTEM32\WINMM.dll
0x00007ffd75470000 - 0x00007ffd7547a000 	C:\WINDOWS\SYSTEM32\VERSION.dll
0x00007ffd7c200000 - 0x00007ffd7c213000 	C:\WINDOWS\SYSTEM32\UMPDC.dll
0x00007ffd7c4b0000 - 0x00007ffd7c4c8000 	C:\WINDOWS\SYSTEM32\kernel.appcore.dll
0x00007ffd3f290000 - 0x00007ffd3f29a000 	C:\Program Files\Eclipse Adoptium\jdk-24.0.2.12-hotspot\bin\jimage.dll
0x00007ffd73100000 - 0x00007ffd73333000 	C:\WINDOWS\SYSTEM32\DBGHELP.DLL
0x00007ffd7dfd0000 - 0x00007ffd7e361000 	C:\WINDOWS\System32\combase.dll
0x00007ffd7fd50000 - 0x00007ffd7fe28000 	C:\WINDOWS\System32\OLEAUT32.dll
0x00007ffd730c0000 - 0x00007ffd730f2000 	C:\WINDOWS\SYSTEM32\dbgcore.DLL
0x00007ffd7d840000 - 0x00007ffd7d8bb000 	C:\WINDOWS\System32\bcryptPrimitives.dll
0x00007ffd3bce0000 - 0x00007ffd3bd1c000 	C:\Program Files\Eclipse Adoptium\jdk-24.0.2.12-hotspot\bin\jdwp.dll
0x00007ffd3d700000 - 0x00007ffd3d70f000 	C:\Program Files\Eclipse Adoptium\jdk-24.0.2.12-hotspot\bin\instrument.dll
0x00007ffd3cae0000 - 0x00007ffd3cafe000 	C:\Program Files\Eclipse Adoptium\jdk-24.0.2.12-hotspot\bin\java.dll
0x00007ffd800e0000 - 0x00007ffd80280000 	C:\WINDOWS\System32\ole32.dll
0x00007ffd7f0a0000 - 0x00007ffd7f93e000 	C:\WINDOWS\System32\SHELL32.dll
0x00007ffd7d6d0000 - 0x00007ffd7d80f000 	C:\WINDOWS\System32\wintypes.dll
0x00007ffd3ca30000 - 0x00007ffd3ca47000 	C:\Program Files\Eclipse Adoptium\jdk-24.0.2.12-hotspot\bin\zip.dll
0x00007ffd7b2c0000 - 0x00007ffd7bbd8000 	C:\WINDOWS\SYSTEM32\windows.storage.dll
0x00007ffd7ebd0000 - 0x00007ffd7ecd4000 	C:\WINDOWS\System32\SHCORE.dll
0x00007ffd7ece0000 - 0x00007ffd7ed49000 	C:\WINDOWS\System32\shlwapi.dll
0x00007ffd7d360000 - 0x00007ffd7d385000 	C:\WINDOWS\SYSTEM32\profapi.dll
0x00007ffd2efd0000 - 0x00007ffd2f0a7000 	C:\Program Files\Eclipse Adoptium\jdk-24.0.2.12-hotspot\bin\jsvml.dll
0x00007ffd3bd50000 - 0x00007ffd3bd60000 	C:\Program Files\Eclipse Adoptium\jdk-24.0.2.12-hotspot\bin\net.dll
0x00007ffd7c970000 - 0x00007ffd7c9d9000 	C:\WINDOWS\system32\mswsock.dll
0x00007ffd3b940000 - 0x00007ffd3b956000 	C:\Program Files\Eclipse Adoptium\jdk-24.0.2.12-hotspot\bin\nio.dll
0x00007ffd3bd40000 - 0x00007ffd3bd4c000 	C:\Program Files\Eclipse Adoptium\jdk-24.0.2.12-hotspot\bin\dt_socket.dll
0x00007ffd7bec0000 - 0x00007ffd7beed000 	C:\WINDOWS\SYSTEM32\IPHLPAPI.DLL
0x00007ffd3bcd0000 - 0x00007ffd3bce0000 	C:\Program Files\Eclipse Adoptium\jdk-24.0.2.12-hotspot\bin\verify.dll
0x00007ffd3b930000 - 0x00007ffd3b93a000 	C:\Program Files\Eclipse Adoptium\jdk-24.0.2.12-hotspot\bin\management.dll
0x00007ffd3b920000 - 0x00007ffd3b92b000 	C:\Program Files\Eclipse Adoptium\jdk-24.0.2.12-hotspot\bin\management_ext.dll
0x00007ffd7f060000 - 0x00007ffd7f068000 	C:\WINDOWS\System32\PSAPI.DLL
0x00007ffd55c20000 - 0x00007ffd55c37000 	C:\WINDOWS\system32\napinsp.dll
0x00007ffd55c00000 - 0x00007ffd55c1b000 	C:\WINDOWS\system32\pnrpnsp.dll
0x00007ffd7bef0000 - 0x00007ffd7bfe8000 	C:\WINDOWS\SYSTEM32\DNSAPI.dll
0x00007ffd7f050000 - 0x00007ffd7f059000 	C:\WINDOWS\System32\NSI.dll
0x00007ffd55be0000 - 0x00007ffd55bf1000 	C:\WINDOWS\System32\winrnr.dll
0x00007ffd75dc0000 - 0x00007ffd75dd5000 	C:\WINDOWS\system32\wshbth.dll
0x00007ffd55bb0000 - 0x00007ffd55bd1000 	C:\WINDOWS\system32\nlansp_c.dll
0x000000005cc70000 - 0x000000005cc96000 	C:\Program Files\Bonjour\mdnsNSP.dll
0x00007ffd783b0000 - 0x00007ffd783ba000 	C:\Windows\System32\rasadhlp.dll
0x00007ffd75ea0000 - 0x00007ffd75f24000 	C:\WINDOWS\System32\fwpuclnt.dll
0x00007ffd362c0000 - 0x00007ffd36335000 	C:\Users\finba\AppData\Local\Temp\lwjglfinba\3.3.1-build-7\lwjgl.dll
0x00007ffd339f0000 - 0x00007ffd33a51000 	C:\Users\finba\AppData\Local\Temp\lwjglfinba\3.3.1-build-7\glfw.dll

JVMTI agents:
jdwp path:C:\Program Files\Eclipse Adoptium\jdk-24.0.2.12-hotspot\bin\jdwp.dll, loaded, initialized, options:transport=dt_socket,server=n,suspend=y,address=127.0.0.1:64895
C:\Users\finba\AppData\Local\JetBrains\IdeaIC2025.1\captureAgent\debugger-agent.jar path:C:\Program Files\Eclipse Adoptium\jdk-24.0.2.12-hotspot\bin\instrument.dll, loaded, initialized, instrumentlib options:file:///C:/Users/finba/AppData/Local/Temp/capture7020481431932332245.props

dbghelp: loaded successfully - version: 4.0.5 - missing functions: none
symbol engine: initialized successfully - sym options: 0x614 - pdb path: .;C:\Program Files\Eclipse Adoptium\jdk-24.0.2.12-hotspot\bin;C:\WINDOWS\SYSTEM32;C:\WINDOWS\WinSxS\amd64_microsoft.windows.common-controls_6595b64144ccf1df_6.0.22621.5983_none_2714a6b37381578e;C:\Program Files\Eclipse Adoptium\jdk-24.0.2.12-hotspot\bin\server;C:\Program Files\Bonjour;C:\Users\finba\AppData\Local\Temp\lwjglfinba\3.3.1-build-7

VM Arguments:
jvm_args: -Ddebugger.agent.enable.coroutines=true -Dforge.enableGameTest=true -Dforge.enabledGameTestNamespaces=ash_hollow_requiem_of_the_dead -Dforge.logging.console.level=debug -Dforge.logging.markers=REGISTRIES -DignoreList=bootstraplauncher,securejarhandler,asm-commons,asm-util,asm-analysis,asm-tree,asm,JarJarFileSystems,client-extra,fmlcore,javafmllanguage,lowcodelanguage,mclanguage,forge- -Djava.net.preferIPv6Addresses=system -Dkotlinx.coroutines.debug.enable.creation.stack.trace=false -Dkotlinx.coroutines.debug.enable.flows.stack.trace=true -Dkotlinx.coroutines.debug.enable.mutable.state.flows.stack.trace=true -DlegacyClassPath.file=C:\Users\finba\OneDrive\Documents\research\Ash Hollow Requiem of the Dead\build\classpath\runClient_minecraftClasspath.txt -DmergeModules=jna-5.10.0.jar,jna-platform-5.10.0.jar -Dmixin.env.refMapRemappingFile=C:\Users\finba\OneDrive\Documents\research\Ash Hollow Requiem of the Dead\build\createSrgToMcp\output.srg -Dmixin.env.remapRefMap=true -Dnet.minecraftforge.gradle.GradleStart.srg.srg-mcp=C:\Users\finba\OneDrive\Documents\research\Ash Hollow Requiem of the Dead\build\createSrgToMcp\output.srg --module-path=C:\Users\finba\.gradle\caches\modules-2\files-2.1\cpw.mods\bootstraplauncher\1.1.2\c546e00443d8432cda6baa1c860346980742628\bootstraplauncher-1.1.2.jar;C:\Users\finba\.gradle\caches\modules-2\files-2.1\cpw.mods\securejarhandler\2.1.10\51e6a22c6c716beb11e244bf5b8be480f51dd6b5\securejarhandler-2.1.10.jar;C:\Users\finba\.gradle\caches\modules-2\files-2.1\org.ow2.asm\asm-commons\9.7.1\406c6a2225cfe1819f102a161e54cc16a5c24f75\asm-commons-9.7.1.jar;C:\Users\finba\.gradle\caches\modules-2\files-2.1\org.ow2.asm\asm-util\9.7.1\9e23359b598ec6b74b23e53110dd5c577adf2243\asm-util-9.7.1.jar;C:\Users\finba\.gradle\caches\modules-2\files-2.1\org.ow2.asm\asm-analysis\9.7.1\f97a3b319f0ed6a8cd944dc79060d3912a28985f\asm-analysis-9.7.1.jar;C:\Users\finba\.gradle\caches\modules-2\files-2.1\org.ow2.asm\asm-tree\9.7.1\3a53139787663b139de76b627fca0084ab60d32c\asm-tree-9.7.1.jar;C:\Users\finba\.gradle\caches\modules-2\files-2.1\org.ow2.asm\asm\9.7.1\f0ed132a49244b042cd0e15702ab9f2ce3cc8436\asm-9.7.1.jar;C:\Users\finba\.gradle\caches\modules-2\files-2.1\net.minecraftforge\JarJarFileSystems\0.3.19\2464eb7d6b9ddb9db36a82cf8a95193e5c6fe020\JarJarFileSystems-0.3.19.jar --add-modules=ALL-MODULE-PATH --add-opens=java.base/java.util.jar=cpw.mods.securejarhandler --add-opens=java.base/java.lang.invoke=cpw.mods.securejarhandler --add-exports=java.base/sun.security.util=cpw.mods.securejarhandler --add-exports=jdk.naming.dns/com.sun.jndi.dns=java.naming -XX:HeapDumpPath=MojangTricksIntelDriversForPerformance_javaw.exe_minecraft.exe.heapdump --module-path=C:\Users\finba\.gradle\caches\modules-2\files-2.1\cpw.mods\bootstraplauncher\1.1.2\c546e00443d8432cda6baa1c860346980742628\bootstraplauncher-1.1.2.jar;C:\Users\finba\.gradle\caches\modules-2\files-2.1\cpw.mods\securejarhandler\2.1.10\51e6a22c6c716beb11e244bf5b8be480f51dd6b5\securejarhandler-2.1.10.jar;C:\Users\finba\.gradle\caches\modules-2\files-2.1\org.ow2.asm\asm-commons\9.7.1\406c6a2225cfe1819f102a161e54cc16a5c24f75\asm-commons-9.7.1.jar;C:\Users\finba\.gradle\caches\modules-2\files-2.1\org.ow2.asm\asm-util\9.7.1\9e23359b598ec6b74b23e53110dd5c577adf2243\asm-util-9.7.1.jar;C:\Users\finba\.gradle\caches\modules-2\files-2.1\org.ow2.asm\asm-analysis\9.7.1\f97a3b319f0ed6a8cd944dc79060d3912a28985f\asm-analysis-9.7.1.jar;C:\Users\finba\.gradle\caches\modules-2\files-2.1\org.ow2.asm\asm-tree\9.7.1\3a53139787663b139de76b627fca0084ab60d32c\asm-tree-9.7.1.jar;C:\Users\finba\.gradle\caches\modules-2\files-2.1\org.ow2.asm\asm\9.7.1\f0ed132a49244b042cd0e15702ab9f2ce3cc8436\asm-9.7.1.jar;C:\Users\finba\.gradle\caches\modules-2\files-2.1\net.minecraftforge\JarJarFileSystems\0.3.19\2464eb7d6b9ddb9db36a82cf8a95193e5c6fe020\JarJarFileSystems-0.3.19.jar --add-modules=ALL-MODULE-PATH --add-opens=java.base/java.util.jar=cpw.mods.securejarhandler --add-opens=java.base/java.lang.invoke=cpw.mods.securejarhandler --add-exports=java.base/sun.security.util=cpw.mods.securejarhandler --add-exports=jdk.naming.dns/com.sun.jndi.dns=java.naming -XX:HeapDumpPath=MojangTricksIntelDriversForPerformance_javaw.exe_minecraft.exe.heapdump -agentlib:jdwp=transport=dt_socket,server=n,suspend=y,address=127.0.0.1:64895 -javaagent:C:\Users\finba\AppData\Local\JetBrains\IdeaIC2025.1\captureAgent\debugger-agent.jar=file:///C:/Users/finba/AppData/Local/Temp/capture7020481431932332245.props -Dfile.encoding=UTF-8 -Duser.country=GB -Duser.language=en -Duser.variant 
java_command: cpw.mods.bootstraplauncher.BootstrapLauncher --launchTarget forgeclientuserdev --version MOD_DEV --assetIndex 5 --assetsDir C:\Users\finba\.gradle\caches\forge_gradle\assets --gameDir . --fml.forgeVersion 47.4.0 --fml.mcVersion 1.20.1 --fml.forgeGroup net.minecraftforge --fml.mcpVersion 20230612.114412 --mixin.config ash_hollow_requiem_of_the_dead.mixins.json
java_class_path (initial): C:\Users\finba\OneDrive\Documents\research\Ash Hollow Requiem of the Dead\build\classes\java\main;C:\Users\finba\OneDrive\Documents\research\Ash Hollow Requiem of the Dead\build\resources\main;C:\Users\finba\.gradle\caches\forge_gradle\minecraft_user_repo\net\minecraftforge\forge\1.20.1-47.4.0_mapped_official_1.20.1\forge-1.20.1-47.4.0_mapped_official_1.20.1-recomp.jar;C:\Users\finba\.gradle\caches\forge_gradle\minecraft_repo\versions\1.20.1\client-extra.jar;C:\Users\finba\.gradle\caches\modules-2\files-2.1\net.minecraftforge\fmlearlydisplay\1.20.1-47.4.0\5a0c2d1a65a422bd0e64548e58b70f4d011ef788\fmlearlydisplay-1.20.1-47.4.0.jar;C:\Users\finba\.gradle\caches\modules-2\files-2.1\net.minecraftforge\javafmllanguage\1.20.1-47.4.0\f0c0b352173d0a378cbdcec9cfc4ba65899a721\javafmllanguage-1.20.1-47.4.0.jar;C:\Users\finba\.gradle\caches\modules-2\files-2.1\net.minecraftforge\lowcodelanguage\1.20.1-47.4.0\e862740d8c84d08dbfedea412bef88fe42e727c5\lowcodelanguage-1.20.1-47.4.0.jar;C:\Users\finba\.gradle\caches\modules-2\files-2.1\net.minecraftforge\mclanguage\1.20.1-47.4.0\5719b3a297a33f877ed5dde4cb4bd75c859096af\mclanguage-1.20.1-47.4.0.jar;C:\Users\finba\.gradle\caches\modules-2\files-2.1\net.minecraftforge\fmlcore\1.20.1-47.4.0\235975dafa4309945b59c56b53f31dc5b65a6051\fmlcore-1.20.1-47.4.0.jar;C:\Users\finba\.gradle\caches\modules-2\files-2.1\net.minecraftforge\fmlloader\1.20.1-47.4.0\350292a3c597f65d130e48b6e419a2b21cba2ac1\fmlloader-1.20.1-47.4.0.jar;C:\Users\finba\.gradle\caches\modules-2\files-2.1\net.minecraftforge\JarJarSelector\0.3.19\376cc9c8ea60720cf027c01fc033de915699801c\JarJarSelector-0.3.19.jar;C:\Users\finba\.gradle\caches\modules-2\files-2.1\net.minecraftforge\JarJarMetadata\0.3.19\83feaa9b770e6ac0e96ee4fc23fa89325c5fe2\JarJarMetadata-0.3.19.jar;C:\Users\finba\.gradle\caches\modules-2\files-2.1\com.google.guava\guava\31.1-jre\60458f877d055d0c9114d9e1a2efb737b4bc282c\guava-31.1-jre.jar;C:\Users\finba\.gradle\caches\modules-2\files-2.1\com.google.code.findbugs\jsr305\3.0.2\25ea2e8b0c338a877313bd4672d3fe056ea78f0d\jsr305-3.0.2.jar;C:\Users\finba\.gradle\caches\modules-2\files-2.1\ca.weblite\java-objc-bridge\1.1\1227f9e0666314f9de41477e3ec277e542ed7f7b\java-objc-bridge-1.1.jar;C:\Users\finba\.gradle\caches\modules-2\files-2.1\net.minecraftforge\forgespi\7.0.1\3b4972a0cdb135853dba219be61a79b22cff1309\forgespi-7.0.1.jar;C:\Users\finba\.gradle\caches\modules-2\files-2.1\net.minecraftforge\mergetool\1.1.5\f3da18e12c696d35a47c82cbb2cc8b5aa15e1154\mergetool-1.1.5-api.jar;C:\Users\finba\.gradle\caches\modules-2\files-2.1\org.jetbrains\annotations\24.0.1\13c5c75c4206580aa4d683bffee658caae6c9f43\annotations-24.0.1.jar;C:\Users\finba\.gradle\caches\forge_gradle\mcp_repo\net\minecraft\mapping\1.20.1\mapping-1.20.1-mapping.zip;C:\Users\finba\.gradle\caches\modules-2\files-2.1\net.minecraftforge\accesstransformers\8.0.4\272d240aa73f42195b2a68e2ebd8b701ecf41f63\accesstransformers-8.0.4.jar;C:\Users\finba\.gradle\caches\modules-2\files-2.1\net.minecraftforge\eventbus\6.0.5\699143dd438431d06b57416944f7cedbe52e1475\eventbus-6.0.5.jar;C:\Users\finba\.gradle\caches\modules-2\files-2.1\cpw.mods\modlauncher\10.0.9\6d9443f56f50bb85cea383686ff9c867391458b\modlauncher-10.0.9.jar;C:\Users\finba\.gradle\caches\modules-2\files-2.1\cpw.mods\bootstraplauncher\1.1.2\c546e00443d8432cda6baa1c860346980742628\bootstraplauncher-1.1.2.jar;C:\Users\finba\.gradle\caches\modules-2\files-2.1\cpw.mods\securejarhandler\2.1.10\51e6a22c6c716beb11e244bf5b8be480f51dd6b5\securejarhandler-2.1.10.jar;C:\Users\finba\.gradle\caches\modules-2\files-2.1\net.minecraftforge\coremods\5.2.4\e30bab269d896613e38396274711410b3a0e4b87\coremods-5.2.4.jar;C:\Users\finba\.gradle\caches\modules-2\files-2.1\org.openjdk.nashorn\nashorn-core\15.4\f67f5ffaa5f5130cf6fb9b133da00c7df3b532a5\nashorn-core-15.4.jar;C:\Users\finba\.gradle\caches\modules-2\files-2.1\org.ow2.asm\asm-commons\9.7.1\406c6a2225cfe1819f102a161e54cc16a5c24f75\asm-commons-9.7.1.jar;C:\Users\finba\.gradle\caches\modules-2\files-2.1\org.ow2.asm\asm-util\9.7.1\9e23359b598ec6b74b23e53110dd5c577adf2243\asm-util-9.7.1.jar;C:\Users\finba\.gradle\caches\modules-2\files-2.1\org.ow2.asm\asm-analysis\9.7.1\f97a3b319f0ed6a8cd944dc79060d3912a28985f\asm-analysis-9.7.1.jar;C:\Users\finba\.gradle\caches\modules-2\files-2.1\org.ow2.asm\asm-tree\9.7.1\3a53139787663b139de76b627fca0084ab60d32c\asm-tree-9.7.1.jar;C:\Users\finba\.gradle\caches\modules-2\files-2.1\org.ow2.asm\asm\9.7.1\f0ed132a49244b042cd0e15702ab9f2ce3cc8436\asm-9.7.1.jar;C:\Users\finba\.gradle\caches\modules-2\files-2.1\org.antlr\antlr4\4.9.1\e92af8ab33e428461927b484e90bb155a4f3a052\antlr4-4.9.1.jar;C:\Users\finba\.gradle\caches\modules-2\files-2.1\org.antlr\antlr4-runtime\4.9.1\428664f05d2b7f7b7610204b5aa7c1763f62011a\antlr4-runtime-4.9.1.jar;C:\Users\finba\.gradle\caches\modules-2\files-2.1\net.minecraftforge\unsafe\0.2.0\54d7a0a5e8fdb71b973025caa46f341ae5904f39\unsafe-0.2.0.jar;C:\Users\finba\.gradle\caches\modules-2\files-2.1\com.electronwill.night-config\toml\3.6.4\51d6cefb2b55ee55ee26b16391212fb2c7dfb4f4\toml-3.6.4.jar;C:\Users\finba\.gradle\caches\modules-2\files-2.1\com.electronwill.night-config\core\3.6.4\510f174abbf1c947494db50ef2445683bd52c230\core-3.6.4.jar;C:\Users\finba\.gradle\caches\modules-2\files-2.1\org.apache.maven\maven-artifact\3.8.5\4433f50c07debefaed0553bd0068f4f48d449313\maven-artifact-3.8.5.jar;C:\Users\finba\.gradle\caches\modules-2\files-2.1\net.jodah\typetools\0.6.3\a01aaa6ddaea9ec07ec4f209487b7a46a526283a\typetools-0.6.3.jar;C:\Users\finba\.gradle\caches\modules-2\files-2.1\net.minecrell\terminalconsoleappender\1.2.0\96d02cd3b384ff015a8fef4223bcb4ccf1717c95\terminalconsoleappender-1.2.0.jar;C:\Users\finba\.gradle\caches\modules-2\files-2.1\org.jline\jline-reader\3.12.1\4382ab1382c7b6f379377ed5f665dc2f6e1218bc\jline-reader-3.12.1.jar;C:\Users\finba\.gradle\caches\modules-2\files-2.1\org.jline\jline-terminal\3.12.1\c777448314e050d980a6b697c140f3bfe9eb7416\jline-terminal-3.12.1.jar;C:\Users\finba\.gradle\caches\modules-2\files-2.1\org.spongepowered\mixin\0.8.5\9d1c0c3a304ae6697ecd477218fa61b850bf57fc\mixin-0.8.5.jar;C:\Users\finba\.gradle\caches\modules-2\files-2.1\net.minecraftforge\JarJarFileSystems\0.3.19\2464eb7d6b9ddb9db36a82cf8a95193e5c6fe020\JarJarFileSystems-0.3.19.jar;C:\Users\finba\.gradle\caches\modules-2\files-2.1\com.github.oshi\oshi-core\6.2.2\54f5efc19bca95d709d9a37d19ffcbba3d21c1a6\oshi-core-6.2.2.jar;C:\Users\finba\.gradle\caches\modules-2\files-2.1\com.google.code.gson\gson\2.10\dd9b193aef96e973d5a11ab13cd17430c2e4306b\gson-2.10.jar;C:\Users\finba\.gradle\caches\modules-2\files-2.1\com.google.guava\failureaccess\1.0.1\1dcf1de382a0bf95a3d8b0849546c88bac1292c9\failureaccess-1.0.1.jar;C:\Users\finba\.gradle\caches\modules-2\files-2.1\com.ibm.icu\icu4j\71.1\9e7d3304c23f9ba5cb71915f7cce23231a57a445\icu4j-71.1.jar;C:\Users\finba\.gradle\caches\modules-2\files-2.1\com.mojang\authlib\4.0.43\2ff9d747a77570a07a60d32ac77eb6162ad2a2d9\authlib-4.0.43.jar;C:\Users\finba\.gradle\caches\modules-2\files-2.1\com.mojang\blocklist\1.0.10\5c685c5ffa94c4cd39496c7184c1d122e515ecef\blocklist-1.0.10.jar;C:\Users\finba\.gradle\caches\modules-2\files-2.1\com.mojang\brigadier\1.1.8\5244ce82c3337bba4a196a3ce858bfaecc74404a\brigadier-1.1.8.jar;C:\Users\finba\.gradle\caches\modules-2\files-2.1\com.mojang\datafixerupper\6.0.8\3ba4a30557a9b057760af4011f909ba619fc5125\datafixerupper-6.0.8.jar;C:\Users\finba\.gradle\caches\modules-2\files-2.1\com.mojang\logging\1.1.1\832b8e6674a9b325a5175a3a6267dfaf34c85139\logging-1.1.1.jar;C:\Users\finba\.gradle\caches\modules-2\files-2.1\com.mojang\patchy\2.2.10\da05971b07cbb379d002cf7eaec6a2048211fefc\patchy-2.2.10.jar;C:\Users\finba\.gradle\caches\modules-2\files-2.1\com.mojang\text2speech\1.17.9\3cad216e3a7f0c19b4b394388bc9ffc446f13b14\text2speech-1.17.9.jar;C:\Users\finba\.gradle\caches\modules-2\files-2.1\org.apache.httpcomponents\httpclient\4.5.13\e5f6cae5ca7ecaac1ec2827a9e2d65ae2869cada\httpclient-4.5.13.jar;C:\Users\finba\.gradle\caches\modules-2\files-2.1\commons-codec\commons-codec\1.15\49d94806b6e3dc933dacbd8acb0fdbab8ebd1e5d\commons-codec-1.15.jar;C:\Users\finba\.gradle\caches\modules-2\files-2.1\commons-io\commons-io\2.11.0\a2503f302b11ebde7ebc3df41daebe0e4eea3689\commons-io-2.11.0.jar;C:\Users\finba\.gradle\caches\modules-2\files-2.1\commons-logging\commons-logging\1.2\4bfc12adfe4842bf07b657f0369c4cb522955686\commons-logging-1.2.jar;C:\Users\finba\.gradle\caches\modules-2\files-2.1\io.netty\netty-handler\4.1.82.Final\644041d1fa96a5d3130a29e8978630d716d76e38\netty-handler-4.1.82.Final.jar;C:\Users\finba\.gradle\caches\modules-2\files-2.1\io.netty\netty-codec\4.1.82.Final\b77200379acb345a9ffdece1c605e591ac3e4e0a\netty-codec-4.1.82.Final.jar;C:\Users\finba\.gradle\caches\modules-2\files-2.1\io.netty\netty-transport-classes-epoll\4.1.82.Final\e7c7dd18deac93105797f30057c912651ea76521\netty-transport-classes-epoll-4.1.82.Final.jar;C:\Users\finba\.gradle\caches\modules-2\files-2.1\io.netty\netty-transport-native-unix-common\4.1.82.Final\3e895b35ca1b8a0eca56cacff4c2dde5d2c6abce\netty-transport-native-unix-common-4.1.82.Final.jar;C:\Users\finba\.gradle\caches\modules-2\files-2.1\io.netty\netty-transport\4.1.82.Final\e431a218d91acb6476ccad5f5aafde50aa3945ca\netty-transport-4.1.82.Final.jar;C:\Users\finba\.gradle\caches\modules-2\files-2.1\io.netty\netty-buffer\4.1.82.Final\a544270cf1ae8b8077082f5036436a9a9971ea71\netty-buffer-4.1.82.Final.jar;C:\Users\finba\.gradle\caches\modules-2\files-2.1\io.netty\netty-resolver\4.1.82.Final\38f665ae8dcd29032eea31245ba7806bed2e0fa8\netty-resolver-4.1.82.Final.jar;C:\Users\finba\.gradle\caches\modules-2\files-2.1\io.netty\netty-common\4.1.82.Final\22d148e85c3f5ebdacc0ce1f5aabb1d420f73f3\netty-common-4.1.82.Final.jar;C:\Users\finba\.gradle\caches\modules-2\files-2.1\it.unimi.dsi\fastutil\8.5.9\bb7ea75ecdb216654237830b3a96d87ad91f8cc5\fastutil-8.5.9.jar;C:\Users\finba\.gradle\caches\modules-2\files-2.1\net.java.dev.jna\jna-platform\5.12.1\97406a297c852f4a41e688a176ec675f72e8329\jna-platform-5.12.1.jar;C:\Users\finba\.gradle\caches\modules-2\files-2.1\net.java.dev.jna\jna\5.12.1\b1e93a735caea94f503e95e6fe79bf9cdc1e985d\jna-5.12.1.jar;C:\Users\finba\.gradle\caches\modules-2\files-2.1\net.sf.jopt-simple\jopt-simple\5.0.4\4fdac2fbe92dfad86aa6e9301736f6b4342a3f5c\jopt-simple-5.0.4.jar;C:\Users\finba\.gradle\caches\modules-2\files-2.1\org.apache.commons\commons-compress\1.21\4ec95b60d4e86b5c95a0e919cb172a0af98011ef\commons-compress-1.21.jar;C:\Users\finba\.gradle\caches\modules-2\files-2.1\org.apache.commons\commons-lang3\3.12.0\c6842c86792ff03b9f1d1fe2aab8dc23aa6c6f0e\commons-lang3-3.12.0.jar;C:\Users\finba\.gradle\caches\modules-2\files-2.1\org.apache.httpcomponents\httpcore\4.4.15\7f2e0c573eaa7a74bac2e89b359e1f73d92a0a1d\httpcore-4.4.15.jar;C:\Users\finba\.gradle\caches\modules-2\files-2.1\org.apache.logging.log4j\log4j-core\2.19.0\3b6eeb4de4c49c0fe38a4ee27188ff5fee44d0bb\log4j-core-2.19.0.jar;C:\Users\finba\.gradle\caches\modules-2\files-2.1\org.apache.logging.log4j\log4j-slf4j2-impl\2.19.0\5c04bfdd63ce9dceb2e284b81e96b6a70010ee10\log4j-slf4j2-impl-2.19.0.jar;C:\Users\finba\.gradle\caches\modules-2\files-2.1\org.apache.logging.log4j\log4j-api\2.19.0\ea1b37f38c327596b216542bc636cfdc0b8036fa\log4j-api-2.19.0.jar;C:\Users\finba\.gradle\caches\modules-2\files-2.1\org.joml\joml\1.10.5\22566d58af70ad3d72308bab63b8339906deb649\joml-1.10.5.jar;C:\Users\finba\.gradle\caches\modules-2\files-2.1\org.lwjgl\lwjgl-glfw\3.3.1\cbac1b8d30cb4795149c1ef540f912671a8616d0\lwjgl-glfw-3.3.1.jar;C:\Users\finba\.gradle\caches\modules-2\files-2.1\org.lwjgl\lwjgl-glfw\3.3.1\ed892f945cf7e79c8756796f32d00fa4ceaf573b\lwjgl-glfw-3.3.1-natives-windows.jar;C:\Users\finba\.gradle\caches\modules-2\files-2.1\org.lwjgl\lwjgl-glfw\3.3.1\beda65ee503443e60aa196d58ed31f8d001dc22a\lwjgl-glfw-3.3.1-natives-windows-arm64.jar;C:\Users\finba\.gradle\caches\modules-2\files-2.1\org.lwjgl\lwjgl-glfw\3.3.1\b997e3391d6ce8f05487e7335d95c606043884a1\lwjgl-glfw-3.3.1-natives-windows-x86.jar;C:\Users\finba\.gradle\caches\modules-2\files-2.1\org.lwjgl\lwjgl-jemalloc\3.3.1\a817bcf213db49f710603677457567c37d53e103\lwjgl-jemalloc-3.3.1.jar;C:\Users\finba\.gradle\caches\modules-2\files-2.1\org.lwjgl\lwjgl-jemalloc\3.3.1\948a89b76a16aa324b046ae9308891216ffce5f9\lwjgl-jemalloc-3.3.1-natives-windows.jar;C:\Users\finba\.gradle\caches\modules-2\files-2.1\org.lwjgl\lwjgl-jemalloc\3.3.1\cae85c4edb219c88b6a0c26a87955ad98dc9519d\lwjgl-jemalloc-3.3.1-natives-windows-arm64.jar;C:\Users\finba\.gradle\caches\modules-2\files-2.1\org.lwjgl\lwjgl-jemalloc\3.3.1\fb476c8ec110e1c137ad3ce8a7f7bfe6b11c6324\lwjgl-jemalloc-3.3.1-natives-windows-x86.jar;C:\Users\finba\.gradle\caches\modules-2\files-2.1\org.lwjgl\lwjgl-openal\3.3.1\2623a6b8ae1dfcd880738656a9f0243d2e6840bd\lwjgl-openal-3.3.1.jar;C:\Users\finba\.gradle\caches\modules-2\files-2.1\org.lwjgl\lwjgl-openal\3.3.1\30a474d0e57193d7bc128849a3ab66bc9316fdb1\lwjgl-openal-3.3.1-natives-windows.jar;C:\Users\finba\.gradle\caches\modules-2\files-2.1\org.lwjgl\lwjgl-openal\3.3.1\40d65f1a7368a2aa47336f9cb69f5a190cf9975a\lwjgl-openal-3.3.1-natives-windows-arm64.jar;C:\Users\finba\.gradle\caches\modules-2\files-2.1\org.lwjgl\lwjgl-openal\3.3.1\888349f7b1be6fbae58bf8edfb9ef12def04c4e3\lwjgl-openal-3.3.1-natives-windows-x86.jar;C:\Users\finba\.gradle\caches\modules-2\files-2.1\org.lwjgl\lwjgl-opengl\3.3.1\831a5533a21a5f4f81bbc51bb13e9899319b5411\lwjgl-opengl-3.3.1.jar;C:\Users\finba\.gradle\caches\modules-2\files-2.1\org.lwjgl\lwjgl-opengl\3.3.1\c1807e9bd571402787d7e37e3029776ae2513bb8\lwjgl-opengl-3.3.1-natives-windows.jar;C:\Users\finba\.gradle\caches\modules-2\files-2.1\org.lwjgl\lwjgl-opengl\3.3.1\527d78f1e9056aff3ed02ce93019c73c5e8f1721\lwjgl-opengl-3.3.1-natives-windows-arm64.jar;C:\Users\finba\.gradle\caches\modules-2\files-2.1\org.lwjgl\lwjgl-opengl\3.3.1\deef3eb9b178ff2ff3ce893cc72ae741c3a17974\lwjgl-opengl-3.3.1-natives-windows-x86.jar;C:\Users\finba\.gradle\caches\modules-2\files-2.1\org.lwjgl\lwjgl-stb\3.3.1\b119297cf8ed01f247abe8685857f8e7fcf5980f\lwjgl-stb-3.3.1.jar;C:\Users\finba\.gradle\caches\modules-2\files-2.1\org.lwjgl\lwjgl-stb\3.3.1\86315914ac119efdb02dc9e8e978ade84f1702af\lwjgl-stb-3.3.1-natives-windows.jar;C:\Users\finba\.gradle\caches\modules-2\files-2.1\org.lwjgl\lwjgl-stb\3.3.1\fde63cdd2605c00636721a6c8b961e41d1f6b247\lwjgl-stb-3.3.1-natives-windows-arm64.jar;C:\Users\finba\.gradle\caches\modules-2\files-2.1\org.lwjgl\lwjgl-stb\3.3.1\a8d41f419eecb430b7c91ea2ce2c5c451cae2091\lwjgl-stb-3.3.1-natives-windows-x86.jar;C:\Users\finba\.gradle\caches\modules-2\files-2.1\org.lwjgl\lwjgl-tinyfd\3.3.1\ff1914111ef2e3e0110ef2dabc8d8cdaad82347\lwjgl-tinyfd-3.3.1.jar;C:\Users\finba\.gradle\caches\modules-2\files-2.1\org.lwjgl\lwjgl-tinyfd\3.3.1\a5d830475ec0958d9fdba1559efa99aef211e6ff\lwjgl-tinyfd-3.3.1-natives-windows.jar;C:\Users\finba\.gradle\caches\modules-2\files-2.1\org.lwjgl\lwjgl-tinyfd\3.3.1\83a5e780df610829ff3a737822b4f931cffecd91\lwjgl-tinyfd-3.3.1-natives-windows-arm64.jar;C:\Users\finba\.gradle\caches\modules-2\files-2.1\org.lwjgl\lwjgl-tinyfd\3.3.1\842eedd876fae354abc308c98a263f6bbc9e8a4d\lwjgl-tinyfd-3.3.1-natives-windows-x86.jar;C:\Users\finba\.gradle\caches\modules-2\files-2.1\org.lwjgl\lwjgl\3.3.1\ae58664f88e18a9bb2c77b063833ca7aaec484cb\lwjgl-3.3.1.jar;C:\Users\finba\.gradle\caches\modules-2\files-2.1\org.lwjgl\lwjgl\3.3.1\36c37f16ab611b3aa11f3bcf80b1d509b4ce6b\lwjgl-3.3.1-natives-windows.jar;C:\Users\finba\.gradle\caches\modules-2\files-2.1\org.lwjgl\lwjgl\3.3.1\f46cadcf95675908fd3a550d63d9d709cb68998\lwjgl-3.3.1-natives-windows-arm64.jar;C:\Users\finba\.gradle\caches\modules-2\files-2.1\org.lwjgl\lwjgl\3.3.1\3b14f4beae9dd39791ec9e12190a9380cd8a3ce6\lwjgl-3.3.1-natives-windows-x86.jar;C:\Users\finba\.gradle\caches\modules-2\files-2.1\com.machinezoo.noexception\noexception\1.7.1\b65330c98e38a1f915fa54a6e5eca496505e3f0a\noexception-1.7.1.jar;C:\Users\finba\.gradle\caches\modules-2\files-2.1\org.slf4j\slf4j-simple\1.7.30\e606eac955f55ecf1d8edcccba04eb8ac98088dd\slf4j-simple-1.7.30.jar;C:\Users\finba\.gradle\caches\modules-2\files-2.1\org.slf4j\slf4j-api\2.0.1\f48d81adce2abf5ad3cfe463df517952749e03bc\slf4j-api-2.0.1.jar;C:\Users\finba\.gradle\caches\modules-2\files-2.1\net.minecraftforge\srgutils\0.4.11\fbad1341ffdb47d276bbdc40ecb06da49e053e74\srgutils-0.4.11.jar;C:\Users\finba\.gradle\caches\modules-2\files-2.1\org.codehaus.plexus\plexus-utils\3.3.0\cf43b5391de623b36fe066a21127baef82c64022\plexus-utils-3.3.0.jar;C:\Users\finba\.gradle\caches\modules-2\files-2.1\com.google.guava\listenablefuture\9999.0-empty-to-avoid-conflict-with-guava\b421526c5f297295adef1c886e5246c39d4ac629\listenablefuture-9999.0-empty-to-avoid-conflict-with-guava.jar;C:\Users\finba\.gradle\caches\modules-2\files-2.1\org.checkerframework\checker-qual\3.12.0\d5692f0526415fcc6de94bb5bfbd3afd9dd3b3e5\checker-qual-3.12.0.jar;C:\Users\finba\.gradle\caches\modules-2\files-2.1\com.google.errorprone\error_prone_annotations\2.11.0\c5a0ace696d3f8b1c1d8cc036d8c03cc0cbe6b69\error_prone_annotations-2.11.0.jar;C:\Users\finba\.gradle\caches\modules-2\files-2.1\com.google.j2objc\j2objc-annotations\1.3\ba035118bc8bac37d7eff77700720999acd9986d\j2objc-annotations-1.3.jar;C:\Users\finba\.gradle\caches\modules-2\files-2.1\org.antlr\ST4\4.3\92f2c1ad8d84abcbeead6cf7f2c53a04166293c2\ST4-4.3.jar;C:\Users\finba\.gradle\caches\modules-2\files-2.1\org.antlr\antlr-runtime\3.5.2\cd9cd41361c155f3af0f653009dcecb08d8b4afd\antlr-runtime-3.5.2.jar;C:\Users\finba\.gradle\caches\modules-2\files-2.1\org.abego.treelayout\org.abego.treelayout.core\1.0.3\457216e8e6578099ae63667bb1e4439235892028\org.abego.treelayout.core-1.0.3.jar;C:\Users\finba\.gradle\caches\modules-2\files-2.1\org.glassfish\javax.json\1.0.4\3178f73569fd7a1e5ffc464e680f7a8cc784b85a\javax.json-1.0.4.jar
Launcher Type: SUN_STANDARD

[Global flags]
     intx CICompilerCount                          = 12                                        {product} {ergonomic}
     uint ConcGCThreads                            = 4                                         {product} {ergonomic}
     uint G1ConcRefinementThreads                  = 15                                        {product} {ergonomic}
   size_t G1HeapRegionSize                         = 4194304                                   {product} {ergonomic}
    ccstr HeapDumpPath                             = MojangTricksIntelDriversForPerformance_javaw.exe_minecraft.exe.heapdump         {manageable} {command line}
   size_t InitialHeapSize                          = 536870912                                 {product} {ergonomic}
   size_t MarkStackSize                            = 4194304                                   {product} {ergonomic}
   size_t MarkStackSizeMax                         = 536870912                                 {product} {ergonomic}
   size_t MaxHeapSize                              = 8564768768                                {product} {ergonomic}
   size_t MaxNewSize                               = 5138022400                                {product} {ergonomic}
   size_t MinHeapDeltaBytes                        = 4194304                                   {product} {ergonomic}
   size_t MinHeapSize                              = 8388608                                   {product} {ergonomic}
    uintx NonNMethodCodeHeapSize                   = 7602176                                {pd product} {ergonomic}
    uintx NonProfiledCodeHeapSize                  = 122093568                              {pd product} {ergonomic}
    uintx ProfiledCodeHeapSize                     = 121962496                              {pd product} {ergonomic}
    uintx ReservedCodeCacheSize                    = 251658240                              {pd product} {ergonomic}
     bool SegmentedCodeCache                       = true                                      {product} {ergonomic}
   size_t SoftMaxHeapSize                          = 8564768768                             {manageable} {ergonomic}
     bool UseCompressedOops                        = true                           {product lp64_product} {ergonomic}
     bool UseG1GC                                  = true                                      {product} {ergonomic}
     bool UseLargePagesIndividualAllocation        = false                                  {pd product} {ergonomic}

Logging:
Log output configuration:
 #0: stdout all=warning uptime,level,tags foldmultilines=false
 #1: stderr all=off uptime,level,tags foldmultilines=false

Environment Variables:
JAVA_HOME=C:\Program Files\Eclipse Adoptium\jdk-22.0.2.9-hotspot\
PATH=C:\Program Files\Eclipse Adoptium\jdk-22.0.2.9-hotspot\bin;C:\Program Files\Eclipse Adoptium\jdk-24.0.2.12-hotspot\bin;C:\Program Files\Eclipse Adoptium\jdk-17.0.15.6-hotspot\bin;C:\Program Files\Common Files\Oracle\Java\javapath;C:\Program Files (x86)\Common Files\Oracle\Java\java8path;C:\Program Files (x86)\Common Files\Oracle\Java\javapath;C:\WINDOWS\system32;C:\WINDOWS;C:\WINDOWS\System32\Wbem;C:\WINDOWS\System32\WindowsPowerShell\v1.0\;C:\WINDOWS\System32\OpenSSH\;C:\Program Files (x86)\NVIDIA Corporation\PhysX\Common;C:\Program Files\dotnet\;C:\Users\finba\OneDrive\Documents\Program codes\Libary\Binary\apache-maven-3.9.5\bin;C:\Users\finba\OneDrive\Documents\Program codes\Libary\Source\apache-maven-3.9.5;C:\Program Files\Git LFS;D:\Git LFS;C:\Program Files\Microsoft SQL Server\150\Tools\Binn\;C:\Program Files\Microsoft SQL Server\Client SDK\ODBC\170\Tools\Binn\;C:\Program Files\NVIDIA Corporation\NVIDIA app\NvDLISR;C:\Program Files\Git\cmd;C:\Program Files (x86)\Incredibuild;C:\Program Files (x86)\Windows Kits\10\Windows Performance Toolkit\;C:\Users\finba\AppData\Local\Programs\Python\Python311\Scripts\;C:\Users\finba\AppData\Local\Programs\Python\Python311\;C:\Users\finba\AppData\Local\Programs\Python\Python313\Scripts\;C:\Users\finba\AppData\Local\Programs\Python\Python313\;C:\Users\finba\.console-ninja\.bin;C:\Users\finba\AppData\Local\Microsoft\WindowsApps;C:\Users\finba\AppData\Local\Programs\Microsoft VS Code\bin;C:\Users\finba\.dotnet\tools;C:\Users\finba\AppData\Local\GitHubDesktop\bin
USERNAME=finba
OS=Windows_NT
PROCESSOR_IDENTIFIER=Intel64 Family 6 Model 165 Stepping 5, GenuineIntel
TMP=C:\Users\finba\AppData\Local\Temp
TEMP=C:\Users\finba\AppData\Local\Temp




Periodic native trim disabled

---------------  S Y S T E M  ---------------

OS:
 Windows 11 , 64 bit Build 22621 (10.0.22621.5415)
OS uptime: 6 days 8:47 hours
Hyper-V role detected

CPU: total 20 (initial active 20) (10 cores per cpu, 2 threads per core) family 6 model 165 stepping 5 microcode 0xec, cx8, cmov, fxsr, ht, mmx, 3dnowpref, sse, sse2, sse3, ssse3, sse4.1, sse4.2, popcnt, lzcnt, tsc, tscinvbit, avx, avx2, aes, erms, clmul, bmi1, bmi2, adx, fma, vzeroupper, clflush, clflushopt, hv, rdtscp, f16c
Processor Information for the first 20 processors :
  Max Mhz: 3696, Current Mhz: 3696, Mhz Limit: 3696

Memory: 4k page, system-wide physical 32664M (6340M free)
TotalPageFile size 49577M (AvailPageFile size 18978M)
current process WorkingSet (physical memory assigned to process): 269M, peak: 508M
current process commit charge ("private bytes"): 417M, peak: 799M

vm_info: OpenJDK 64-Bit Server VM (24.0.2+12) for windows-amd64 JRE (24.0.2+12), built on 2025-07-15T00:00:00Z with MS VC++ 17.7 (VS2022)

END.
