#
# A fatal error has been detected by the Java Runtime Environment:
#
#  EXCEPTION_ACCESS_VIOLATION (0xc0000005) at pc=0x00007ffd388c70d8, pid=3108, tid=3988
#
# JRE version: OpenJDK Runtime Environment Temurin-24.0.2+12 (24.0.2+12) (build 24.0.2+12)
# Java VM: OpenJDK 64-Bit Server VM Temurin-24.0.2+12 (24.0.2+12, mixed mode, sharing, tiered, compressed oops, compressed class ptrs, g1 gc, windows-amd64)
# Problematic frame:
# C  [jdwp.dll+0x270d8]
#
# No core dump will be written. Minidumps are not enabled by default on client versions of Windows
#
# If you would like to submit a bug report, please visit:
#   https://github.com/adoptium/adoptium-support/issues
# The crash happened outside the Java Virtual Machine in native code.
# See problematic frame for where to report the bug.
#

---------------  S U M M A R Y ------------

Command Line: -Ddebugger.agent.enable.coroutines=true -Dforge.enableGameTest=true -Dforge.enabledGameTestNamespaces=ash_hollow_requiem_of_the_dead -Dforge.logging.console.level=debug -Dforge.logging.markers=REGISTRIES -DignoreList=bootstraplauncher,securejarhandler,asm-commons,asm-util,asm-analysis,asm-tree,asm,JarJarFileSystems,client-extra,fmlcore,javafmllanguage,lowcodelanguage,mclanguage,forge- -Djava.net.preferIPv6Addresses=system -Dkotlinx.coroutines.debug.enable.creation.stack.trace=false -Dkotlinx.coroutines.debug.enable.flows.stack.trace=true -Dkotlinx.coroutines.debug.enable.mutable.state.flows.stack.trace=true -DlegacyClassPath.file=C:\Users\finba\OneDrive\Documents\research\Ash Hollow Requiem of the Dead\build\classpath\runClient_minecraftClasspath.txt -DmergeModules=jna-5.10.0.jar,jna-platform-5.10.0.jar -Dmixin.env.refMapRemappingFile=C:\Users\finba\OneDrive\Documents\research\Ash Hollow Requiem of the Dead\build\createSrgToMcp\output.srg -Dmixin.env.remapRefMap=true -Dnet.minecraftforge.gradle.GradleStart.srg.srg-mcp=C:\Users\finba\OneDrive\Documents\research\Ash Hollow Requiem of the Dead\build\createSrgToMcp\output.srg --module-path=C:\Users\finba\.gradle\caches\modules-2\files-2.1\cpw.mods\bootstraplauncher\1.1.2\c546e00443d8432cda6baa1c860346980742628\bootstraplauncher-1.1.2.jar;C:\Users\finba\.gradle\caches\modules-2\files-2.1\cpw.mods\securejarhandler\2.1.10\51e6a22c6c716beb11e244bf5b8be480f51dd6b5\securejarhandler-2.1.10.jar;C:\Users\finba\.gradle\caches\modules-2\files-2.1\org.ow2.asm\asm-commons\9.7.1\406c6a2225cfe1819f102a161e54cc16a5c24f75\asm-commons-9.7.1.jar;C:\Users\finba\.gradle\caches\modules-2\files-2.1\org.ow2.asm\asm-util\9.7.1\9e23359b598ec6b74b23e53110dd5c577adf2243\asm-util-9.7.1.jar;C:\Users\finba\.gradle\caches\modules-2\files-2.1\org.ow2.asm\asm-analysis\9.7.1\f97a3b319f0ed6a8cd944dc79060d3912a28985f\asm-analysis-9.7.1.jar;C:\Users\finba\.gradle\caches\modules-2\files-2.1\org.ow2.asm\asm-tree\9.7.1\3a53139787663b139de76b627fca0084ab60d32c\asm-tree-9.7.1.jar;C:\Users\finba\.gradle\caches\modules-2\files-2.1\org.ow2.asm\asm\9.7.1\f0ed132a49244b042cd0e15702ab9f2ce3cc8436\asm-9.7.1.jar;C:\Users\finba\.gradle\caches\modules-2\files-2.1\net.minecraftforge\JarJarFileSystems\0.3.19\2464eb7d6b9ddb9db36a82cf8a95193e5c6fe020\JarJarFileSystems-0.3.19.jar --add-modules=ALL-MODULE-PATH --add-opens=java.base/java.util.jar=cpw.mods.securejarhandler --add-opens=java.base/java.lang.invoke=cpw.mods.securejarhandler --add-exports=java.base/sun.security.util=cpw.mods.securejarhandler --add-exports=jdk.naming.dns/com.sun.jndi.dns=java.naming -XX:HeapDumpPath=MojangTricksIntelDriversForPerformance_javaw.exe_minecraft.exe.heapdump --module-path=C:\Users\finba\.gradle\caches\modules-2\files-2.1\cpw.mods\bootstraplauncher\1.1.2\c546e00443d8432cda6baa1c860346980742628\bootstraplauncher-1.1.2.jar;C:\Users\finba\.gradle\caches\modules-2\files-2.1\cpw.mods\securejarhandler\2.1.10\51e6a22c6c716beb11e244bf5b8be480f51dd6b5\securejarhandler-2.1.10.jar;C:\Users\finba\.gradle\caches\modules-2\files-2.1\org.ow2.asm\asm-commons\9.7.1\406c6a2225cfe1819f102a161e54cc16a5c24f75\asm-commons-9.7.1.jar;C:\Users\finba\.gradle\caches\modules-2\files-2.1\org.ow2.asm\asm-util\9.7.1\9e23359b598ec6b74b23e53110dd5c577adf2243\asm-util-9.7.1.jar;C:\Users\finba\.gradle\caches\modules-2\files-2.1\org.ow2.asm\asm-analysis\9.7.1\f97a3b319f0ed6a8cd944dc79060d3912a28985f\asm-analysis-9.7.1.jar;C:\Users\finba\.gradle\caches\modules-2\files-2.1\org.ow2.asm\asm-tree\9.7.1\3a53139787663b139de76b627fca0084ab60d32c\asm-tree-9.7.1.jar;C:\Users\finba\.gradle\caches\modules-2\files-2.1\org.ow2.asm\asm\9.7.1\f0ed132a49244b042cd0e15702ab9f2ce3cc8436\asm-9.7.1.jar;C:\Users\finba\.gradle\caches\modules-2\files-2.1\net.minecraftforge\JarJarFileSystems\0.3.19\2464eb7d6b9ddb9db36a82cf8a95193e5c6fe020\JarJarFileSystems-0.3.19.jar --add-modules=ALL-MODULE-PATH --add-opens=java.base/java.util.jar=cpw.mods.securejarhandler --add-opens=java.base/java.lang.invoke=cpw.mods.securejarhandler --add-exports=java.base/sun.security.util=cpw.mods.securejarhandler --add-exports=jdk.naming.dns/com.sun.jndi.dns=java.naming -XX:HeapDumpPath=MojangTricksIntelDriversForPerformance_javaw.exe_minecraft.exe.heapdump -agentlib:jdwp=transport=dt_socket,server=n,suspend=y,address=127.0.0.1:63882 -javaagent:C:\Users\finba\AppData\Local\JetBrains\IdeaIC2025.1\captureAgent\debugger-agent.jar=file:///C:/Users/finba/AppData/Local/Temp/capture5199792075410145069.props -Dfile.encoding=UTF-8 -Duser.country=GB -Duser.language=en -Duser.variant cpw.mods.bootstraplauncher.BootstrapLauncher --launchTarget forgeclientuserdev --version MOD_DEV --assetIndex 5 --assetsDir C:\Users\finba\.gradle\caches\forge_gradle\assets --gameDir . --fml.forgeVersion 47.4.0 --fml.mcVersion 1.20.1 --fml.forgeGroup net.minecraftforge --fml.mcpVersion 20230612.114412 --mixin.config ash_hollow_requiem_of_the_dead.mixins.json

Host: Intel(R) Core(TM) i9-10900KF CPU @ 3.70GHz, 20 cores, 31G,  Windows 11 , 64 bit Build 22621 (10.0.22621.5415)
Time: Fri Oct  3 22:17:33 2025 W. Europe Summer Time elapsed time: 2.692636 seconds (0d 0h 0m 2s)

---------------  T H R E A D  ---------------

Current thread (0x0000014eaf75b1d0):  JavaThread "main"             [_thread_in_native, id=3988, stack(0x000000025ca00000,0x000000025cb00000) (1024K)]

Stack: [0x000000025ca00000,0x000000025cb00000],  sp=0x000000025cafe158,  free space=1016k
Native frames: (J=compiled Java code, j=interpreted, Vv=VM code, C=native code)
C  [jdwp.dll+0x270d8]  (no source info available)
C  [jdwp.dll+0x167af]  (no source info available)
C  [jdwp.dll+0x12c6b]  (no source info available)
V  [jvm.dll+0x5dbc47]  (no source info available)
V  [jvm.dll+0x4033b3]  (no source info available)
V  [jvm.dll+0x401dd6]  (no source info available)
V  [jvm.dll+0x401d78]  (no source info available)
V  [jvm.dll+0x62c11b]  (no source info available)
V  [jvm.dll+0x62c1d9]  (no source info available)
V  [jvm.dll+0x4183d9]  (no source info available)
V  [jvm.dll+0x417f06]  (no source info available)
C  0x0000014ebf69f291  (no source info available)

The last pc belongs to getstatic (printed below).
Java frames: (J=compiled Java code, j=interpreted, Vv=VM code)
j  org.lwjgl.glfw.GLFW.glfwInit()Z+0 org.lwjgl.glfw@3.3.1+7
j  net.minecraftforge.fml.earlydisplay.DisplayWindow.initWindow(Ljava/lang/String;)V+4 fmlearlydisplay@1.20.1-47.4.0
j  net.minecraftforge.fml.earlydisplay.DisplayWindow.start(Ljava/lang/String;Ljava/lang/String;)Ljava/lang/Runnable;+14 fmlearlydisplay@1.20.1-47.4.0
j  net.minecraftforge.fml.earlydisplay.DisplayWindow.initialize([Ljava/lang/String;)Ljava/lang/Runnable;+402 fmlearlydisplay@1.20.1-47.4.0
j  net.minecraftforge.fml.loading.ImmediateWindowHandler.load(Ljava/lang/String;[Ljava/lang/String;)V+180 fmlloader@1.20.1-47.4.0
j  net.minecraftforge.fml.loading.ModDirTransformerDiscoverer.earlyInitialization(Ljava/lang/String;[Ljava/lang/String;)V+2 fmlloader@1.20.1-47.4.0
j  cpw.mods.modlauncher.TransformationServicesHandler.lambda$discoverServices$18(Lcpw/mods/modlauncher/ArgumentHandler$DiscoveryData;Lcpw/mods/modlauncher/serviceapi/ITransformerDiscoveryService;)V+9 cpw.mods.modlauncher@10.0.9
j  cpw.mods.modlauncher.TransformationServicesHandler$$Lambda+0x0000014ed7206de8.accept(Ljava/lang/Object;)V+8 cpw.mods.modlauncher@10.0.9
J 3094 c2 java.lang.Iterable.forEach(Ljava/util/function/Consumer;)V java.base@24.0.2 (39 bytes) @ 0x0000014ebff97f8c [0x0000014ebff974a0+0x0000000000000aec]
j  cpw.mods.modlauncher.TransformationServicesHandler.discoverServices(Lcpw/mods/modlauncher/ArgumentHandler$DiscoveryData;)V+145 cpw.mods.modlauncher@10.0.9
j  cpw.mods.modlauncher.Launcher.run([Ljava/lang/String;)V+14 cpw.mods.modlauncher@10.0.9
j  cpw.mods.modlauncher.Launcher.main([Ljava/lang/String;)V+78 cpw.mods.modlauncher@10.0.9
j  cpw.mods.modlauncher.BootstrapLaunchConsumer.accept([Ljava/lang/String;)V+1 cpw.mods.modlauncher@10.0.9
j  cpw.mods.modlauncher.BootstrapLaunchConsumer.accept(Ljava/lang/Object;)V+5 cpw.mods.modlauncher@10.0.9
j  cpw.mods.bootstraplauncher.BootstrapLauncher.main([Ljava/lang/String;)V+515 cpw.mods.bootstraplauncher@1.1.2
v  ~StubRoutines::call_stub 0x0000014ebf680fcd

siginfo: EXCEPTION_ACCESS_VIOLATION (0xc0000005), reading address 0xffffffffffffffff


Registers:
RAX=0x0000014f20c1de10, RBX=0x0000014ed5101d80, RCX=0x0000014eaf75b598, RDX=0x0000014ed5101d80
RSP=0x000000025cafe158, RBP=0x0000000000000002, RSI=0x0000014eaf75b598, RDI=0x000000025cafe200
R8 =0x0000000000010002, R9 =0x0000000000000000, R10=0x00007ffd42050000, R11=0x000000025cafe128
R12=0x0000000000000000, R13=0x0000014ed5101d80, R14=0x00007ffd388d0500, R15=0x0000000000000007
RIP=0x00007ffd388c70d8, EFLAGS=0x0000000000010206

XMM[0]=0x0000000000000000 0x0000000000000000
XMM[1]=0x0000000000000000 0x0000000000000000
XMM[2]=0x0000000000000000 0x0000000000000000
XMM[3]=0x0000000000000000 0x0000000000000000
XMM[4]=0x0000000000000000 0x0000000000000000
XMM[5]=0x0000000000000000 0x0000000000000000
XMM[6]=0x0000000000000000 0x0000000000000064
XMM[7]=0x0000000000000000 0x000000000000000a
XMM[8]=0x0000000000000000 0x000000000000006d
XMM[9]=0x0000000000000000 0x0000000000000dbf
XMM[10]=0x0000000000000000 0x0000000000000000
XMM[11]=0x0000000000000000 0x0000000000000000
XMM[12]=0x0000000000000000 0x0000000000000000
XMM[13]=0x0000000000000000 0xd2347b6ca4a0b75d
XMM[14]=0x0000000000000000 0xb8679ac41529a4fb
XMM[15]=0x0000000000000000 0x4c0c20057d01f3f0
  MXCSR=0x00001fa0


Register to memory mapping:

RAX=0x0000014f20c1de10 points into unknown readable memory: 0x0000000000000000 | 00 00 00 00 00 00 00 00
RBX=0x0000014ed5101d80 points into unknown readable memory: 0x0000000601e464b0 | b0 64 e4 01 06 00 00 00
RCX=0x0000014eaf75b598 points into unknown readable memory: 0x0000014f20c1de10 | 10 de c1 20 4f 01 00 00
RDX=0x0000014ed5101d80 points into unknown readable memory: 0x0000000601e464b0 | b0 64 e4 01 06 00 00 00
RSP=0x000000025cafe158 is pointing into the stack for thread: 0x0000014eaf75b1d0
RBP=0x0000000000000002 is an unknown value
RSI=0x0000014eaf75b598 points into unknown readable memory: 0x0000014f20c1de10 | 10 de c1 20 4f 01 00 00
RDI=0x000000025cafe200 is pointing into the stack for thread: 0x0000014eaf75b1d0
R8 =0x0000000000010002 is an unknown value
R9 =0x0 is null
R10=0x00007ffd42050000 VCRUNTIME140.dll
R11=0x000000025cafe128 is pointing into the stack for thread: 0x0000014eaf75b1d0
R12=0x0 is null
R13=0x0000014ed5101d80 points into unknown readable memory: 0x0000000601e464b0 | b0 64 e4 01 06 00 00 00
R14=0x00007ffd388d0500 jdwp.dll
R15=0x0000000000000007 is an unknown value

Top of Stack: (sp=0x000000025cafe158)
0x000000025cafe158:   00007ffd388b67af 0000014ed5101d80   .g.8........N...
0x000000025cafe168:   0000014eaf75b598 0000000000000000   ..u.N...........
0x000000025cafe178:   0000000000000000 0000000000000000   ................
0x000000025cafe188:   00007ffcace27c00 0000014ead21d428   .|......(.!.N...
0x000000025cafe198:   00007ffd388d0580 0000014eaf75b7c8   ...8......u.N...
0x000000025cafe1a8:   00007ffd388b2c6b 0000014ed5101d80   k,.8........N...
0x000000025cafe1b8:   0000000000000002 0000014eaf75b598   ..........u.N...
0x000000025cafe1c8:   0000014ed5101d88 0000014ed2065960   ....N...`Y..N...
0x000000025cafe1d8:   00007ffcac4029f8 000000000000014e   .)@.....N.......
0x000000025cafe1e8:   000000025cafe370 000000025cafe490   p..\.......\....
0x000000025cafe1f8:   0000014eaf75b1d0 0000000000000007   ..u.N...........
0x000000025cafe208:   0000014ed5101d80 0000000000000000   ....N...........
0x000000025cafe218:   0000014ed5101d88 0000000000000000   ....N...........
0x000000025cafe228:   0000000000000000 0000000000000000   ................
0x000000025cafe238:   0000000000000000 0000000000000000   ................
0x000000025cafe248:   0000000000000000 0000000000000000   ................
0x000000025cafe258:   0000014eaf75b7c8 0000014ed7215f80   ..u.N...._!.N...
0x000000025cafe268:   00007ffcac71bc47 0000014ed5101d88   G.q.........N...
0x000000025cafe278:   0000014ed529ca80 0000014eaf75b1d0   ..).N.....u.N...
0x000000025cafe288:   00000000000003d8 0000000000000000   ................
0x000000025cafe298:   0000014eaf753dd0 000000025cafe430   .=u.N...0..\....
0x000000025cafe2a8:   0000000000000005 0000014eaf75b1d0   ..........u.N...
0x000000025cafe2b8:   0000014f18365968 0000b99c1d8e120e   hY6.O...........
0x000000025cafe2c8:   0000014ed665e238 0000014ead1f21f0   8.e.N....!..N...
0x000000025cafe2d8:   0000014eaf75b910 0000014eaf75b920   ..u.N... .u.N...
0x000000025cafe2e8:   0000014eaf75bcf8 00000000000003d8   ..u.N...........
0x000000025cafe2f8:   0000014eaf75b1d0 0000014eaf75b1d0   ..u.N.....u.N...
0x000000025cafe308:   0000014ead1f25b0 0000014ead209bb0   .%..N..... .N...
0x000000025cafe318:   0000014ead209bc8 0000014ead209c98   .. .N..... .N...
0x000000025cafe328:   00000000000000d8 000000025cafe340   ........@..\....
0x000000025cafe338:   00007ffcac83e243 0000014eaf75b1d0   C.........u.N...
0x000000025cafe348:   0000014ead1f25b0 0000014ead209bb0   .%..N..... .N...

Instructions: (pc=0x00007ffd388c70d8)
  0x00007ffd388c6fd8:   05 13 01 01 00 48 8b 03 48 8b d7 4d 8b 40 30 48
  0x00007ffd388c6fe8:   8b cb 48 8b 5c 24 30 48 83 c4 20 5f 48 ff a0 00
  0x00007ffd388c6ff8:   01 00 00 cc 48 89 5c 24 08 57 48 83 ec 20 48 8b
  0x00007ffd388c7008:   f9 e8 e6 eb ff ff 4c 8b 05 db 00 01 00 48 8b d8
  0x00007ffd388c7018:   41 f6 80 10 02 00 00 02 74 33 41 b8 04 06 00 00
  0x00007ffd388c7028:   48 8d 15 c1 be 00 00 48 8d 0d c2 53 00 00 e8 b1
  0x00007ffd388c7038:   47 ff ff 48 8d 15 0e 92 00 00 48 8d 0d c7 53 00
  0x00007ffd388c7048:   00 e8 46 48 ff ff 4c 8b 05 9b 00 01 00 48 8b 03
  0x00007ffd388c7058:   48 8b d7 4d 8b 40 38 48 8b cb 48 8b 5c 24 30 48
  0x00007ffd388c7068:   83 c4 20 5f 48 ff a0 00 01 00 00 cc 48 89 5c 24
  0x00007ffd388c7078:   08 57 48 83 ec 20 48 8b f9 e8 6e eb ff ff 48 8b
  0x00007ffd388c7088:   15 63 00 01 00 48 8b d8 f6 82 10 02 00 00 02 74
  0x00007ffd388c7098:   2c 41 b8 f6 05 00 00 48 8d 15 4a be 00 00 48 8d
  0x00007ffd388c70a8:   0d 4b 53 00 00 e8 3a 47 ff ff 48 8d 15 af 63 00
  0x00007ffd388c70b8:   00 48 8d 0d 50 53 00 00 e8 cf 47 ff ff 48 8b 03
  0x00007ffd388c70c8:   48 8b d7 48 8b cb 48 8b 5c 24 30 48 83 c4 20 5f
=>0x00007ffd388c70d8:   48 ff a0 50 07 00 00 cc 48 89 5c 24 08 48 89 74
  0x00007ffd388c70e8:   24 10 48 89 7c 24 18 41 56 48 83 ec 20 4c 63 f2
  0x00007ffd388c70f8:   49 8b d8 48 8b d1 41 8b f9 48 8b cb 4d 8d 46 ff
  0x00007ffd388c7108:   ff 15 4a 51 00 00 85 c0 75 3c 41 0f be 44 1e ff
  0x00007ffd388c7118:   3b c7 75 32 49 03 de eb 10 0f be c8 ff 15 46 51
  0x00007ffd388c7128:   00 00 85 c0 74 09 48 ff c3 8a 03 84 c0 75 ea 80
  0x00007ffd388c7138:   3b 3b 74 12 8b d7 48 8b cb e8 3c 4b 00 00 48 85
  0x00007ffd388c7148:   c0 0f 94 c0 eb 02 32 c0 48 8b 5c 24 30 48 8b 74
  0x00007ffd388c7158:   24 38 48 8b 7c 24 40 48 83 c4 20 41 5e c3 cc cc
  0x00007ffd388c7168:   0f b6 d1 83 fa 1e 0f 87 83 00 00 00 74 7b 83 fa
  0x00007ffd388c7178:   07 77 41 74 39 83 ea 01 74 2e 83 ea 01 74 23 83
  0x00007ffd388c7188:   ea 01 74 18 83 ea 01 74 0d 83 fa 02 0f 85 8a 00
  0x00007ffd388c7198:   00 00 8d 42 03 c3 b8 04 00 00 00 c3 b8 03 00 00
  0x00007ffd388c71a8:   00 c3 b8 02 00 00 00 c3 b8 01 00 00 00 c3 b8 06
  0x00007ffd388c71b8:   00 00 00 c3 b8 08 00 00 00 2b d0 74 26 83 ea 01
  0x00007ffd388c71c8:   0f 84 88 00 00 00 83 ea 01 74 12 b8 0a 00 00 00


Stack slot to memory mapping:

stack at sp + 0 slots: 0x00007ffd388b67af jdwp.dll
stack at sp + 1 slots: 0x0000014ed5101d80 points into unknown readable memory: 0x0000000601e464b0 | b0 64 e4 01 06 00 00 00
stack at sp + 2 slots: 0x0000014eaf75b598 points into unknown readable memory: 0x0000014f20c1de10 | 10 de c1 20 4f 01 00 00
stack at sp + 3 slots: 0x0 is null
stack at sp + 4 slots: 0x0 is null
stack at sp + 5 slots: 0x0 is null
stack at sp + 6 slots: 0x00007ffcace27c00 jvm.dll
stack at sp + 7 slots: 0x0000014ead21d428 points into unknown readable memory: 0x8000001500000001 | 01 00 00 00 15 00 00 80

Lock stack of current Java thread (top to bottom):
LockStack[0]: [I 
{0x0000000608df3e28} - klass: {type array int} - flags: is_cloneable_fast 

 - length: 0

getstatic  178 getstatic  [0x0000014ebf69f1e0, 0x0000014ebf69f638]  1112 bytes
[MachCode]
  0x0000014ebf69f1e0: 4883 ec08 | c5fa 1104 | 24eb 1f48 | 83ec 10c5 | fb11 0424 | eb14 4883 | ec10 4889 | 0424 48c7 
  0x0000014ebf69f200: 4424 0800 | 0000 00eb | 0150 488b | 4dd0 410f | b755 0148 | 8b49 306b | d218 488d | 4c11 080f 
  0x0000014ebf69f220: b659 1281 | fbb2 0000 | 000f 8474 | 0100 00bb | b200 0000 | e805 0000 | 00e9 5001 | 0000 488b 
  0x0000014ebf69f240: d348 8d44 | 2408 4c89 | 6dc0 498b | cfc5 f877 | 4989 afb8 | 0300 0049 | 8987 a803 | 0000 4883 
  0x0000014ebf69f260: ec20 40f6 | c40f 0f84 | 1900 0000 | 4883 ec08 | 48b8 a07d | 55ac fc7f | 0000 ffd0 | 4883 c408 
  0x0000014ebf69f280: e90c 0000 | 0048 b8a0 | 7d55 acfc | 7f00 00ff | d048 83c4 | 2049 c787 | a803 0000 | 0000 0000 
  0x0000014ebf69f2a0: 49c7 87b8 | 0300 0000 | 0000 0049 | c787 b003 | 0000 0000 | 0000 c5f8 | 7741 8b8f | 3405 0000 
  0x0000014ebf69f2c0: f6c1 010f | 8442 0000 | 00f6 c102 | 0f85 3900 | 0000 4883 | ec20 40f6 | c40f 0f84 | 1900 0000 
  0x0000014ebf69f2e0: 4883 ec08 | 48b8 1023 | 55ac fc7f | 0000 ffd0 | 4883 c408 | e90c 0000 | 0048 b810 | 2355 acfc 
  0x0000014ebf69f300: 7f00 00ff | d048 83c4 | 20ff e049 | 8b8f f805 | 0000 4885 | c90f 8455 | 0000 008b | 899c 0000 
  0x0000014ebf69f320: 0083 f901 | 0f85 4600 | 0000 498b | 8ff8 0500 | 008b 89a0 | 0000 0048 | 83ec 2040 | f6c4 0f0f 
  0x0000014ebf69f340: 8419 0000 | 0048 83ec | 0848 b800 | 2355 acfc | 7f00 00ff | d048 83c4 | 08e9 0c00 | 0000 48b8 
  0x0000014ebf69f360: 0023 55ac | fc7f 0000 | ffd0 4883 | c420 ffe0 | 4983 7f08 | 000f 8405 | 0000 00e9 | 401b feff 
  0x0000014ebf69f380: 4c8b 6dc0 | 4c8b 75c8 | 4e8d 74f5 | 00c3 488b | 4dd0 410f | b755 0148 | 8b49 306b | d218 488d 
  0x0000014ebf69f3a0: 4c11 0848 | b8f0 d4ea | acfc 7f00 | 008b 0085 | c00f 848a | 0100 0048 | 8b4d d041 | 0fb7 5501 
  0x0000014ebf69f3c0: 488b 4930 | 6bd2 1848 | 8d4c 1108 | 4833 c0e8 | 0500 0000 | e953 0100 | 004c 8bc1 | 488b d048 
  0x0000014ebf69f3e0: 8d44 2408 | 4c89 6dc0 | 498b cfc5 | f877 4989 | afb8 0300 | 0049 8987 | a803 0000 | 4883 ec20 
  0x0000014ebf69f400: 40f6 c40f | 0f84 1900 | 0000 4883 | ec08 48b8 | 1073 55ac | fc7f 0000 | ffd0 4883 | c408 e90c 
  0x0000014ebf69f420: 0000 0048 | b810 7355 | acfc 7f00 | 00ff d048 | 83c4 2049 | c787 a803 | 0000 0000 | 0000 49c7 
  0x0000014ebf69f440: 87b8 0300 | 0000 0000 | 0049 c787 | b003 0000 | 0000 0000 | c5f8 7741 | 8b8f 3405 | 0000 f6c1 
  0x0000014ebf69f460: 010f 8442 | 0000 00f6 | c102 0f85 | 3900 0000 | 4883 ec20 | 40f6 c40f | 0f84 1900 | 0000 4883 
  0x0000014ebf69f480: ec08 48b8 | 1023 55ac | fc7f 0000 | ffd0 4883 | c408 e90c | 0000 0048 | b810 2355 | acfc 7f00 
  0x0000014ebf69f4a0: 00ff d048 | 83c4 20ff | e049 8b8f | f805 0000 | 4885 c90f | 8455 0000 | 008b 899c | 0000 0083 
  0x0000014ebf69f4c0: f901 0f85 | 4600 0000 | 498b 8ff8 | 0500 008b | 89a0 0000 | 0048 83ec | 2040 f6c4 | 0f0f 8419 
  0x0000014ebf69f4e0: 0000 0048 | 83ec 0848 | b800 2355 | acfc 7f00 | 00ff d048 | 83c4 08e9 | 0c00 0000 | 48b8 0023 
  0x0000014ebf69f500: 55ac fc7f | 0000 ffd0 | 4883 c420 | ffe0 4983 | 7f08 000f | 8405 0000 | 00e9 a219 | feff 4c8b 
  0x0000014ebf69f520: 6dc0 4c8b | 75c8 4e8d | 74f5 00c3 | 488b 4dd0 | 410f b755 | 0148 8b49 | 306b d218 | 488d 4c11 
  0x0000014ebf69f540: 088b 5908 | 0fb6 5111 | 0fb6 4110 | 4c8b 094d | 8b49 704d | 8b09 85c0 | 0f85 0b00 | 0000 410f 
  0x0000014ebf69f560: be04 1950 | e9b5 0000 | 0083 f801 | 0f85 0b00 | 0000 410f | b604 1950 | e9a1 0000 | 0083 f808 
  0x0000014ebf69f580: 0f85 0e00 | 0000 418b | 0419 48c1 | e003 50e9 | 8a00 0000 | 83f8 040f | 850a 0000 | 0041 8b04 
  0x0000014ebf69f5a0: 1950 e977 | 0000 0083 | f802 0f85 | 0b00 0000 | 410f b704 | 1950 e963 | 0000 0083 | f803 0f85 
  0x0000014ebf69f5c0: 0b00 0000 | 410f bf04 | 1950 e94f | 0000 0083 | f805 0f85 | 1a00 0000 | 498b 0419 | 4883 ec10 
  0x0000014ebf69f5e0: 4889 0424 | 48c7 4424 | 0800 0000 | 00e9 2c00 | 0000 83f8 | 060f 8514 | 0000 00c4 | c17a 1004 
  0x0000014ebf69f600: 1948 83ec | 08c5 fa11 | 0424 e90f | 0000 00c4 | c17b 1004 | 1948 83ec | 10c5 fb11 | 0424 410f 
  0x0000014ebf69f620: b65d 0349 | 83c5 0349 | ba90 8eed | acfc 7f00 | 0041 ff24 | da66 6690 
[/MachCode]

Compiled method (c2) 2766 3094       4       java.lang.Iterable::forEach (39 bytes)
 total in heap  [0x0000014ebff97288,0x0000014ebff98bc8] = 6464
 relocation     [0x0000014ebff97360,0x0000014ebff97490] = 304
 main code      [0x0000014ebff974a0,0x0000014ebff98a90] = 5616
 stub code      [0x0000014ebff98a90,0x0000014ebff98ae0] = 80
 oops           [0x0000014ebff98ae0,0x0000014ebff98ae8] = 8
 metadata       [0x0000014ebff98ae8,0x0000014ebff98bc8] = 224
 immutable data [0x0000014f20910450,0x0000014f20911060] = 3088
 dependencies   [0x0000014f20910450,0x0000014f20910480] = 48
 nul chk table  [0x0000014f20910480,0x0000014f209104d0] = 80
 handler table  [0x0000014f209104d0,0x0000014f20910608] = 312
 scopes pcs     [0x0000014f20910608,0x0000014f20910868] = 608
 scopes data    [0x0000014f20910868,0x0000014f20911060] = 2040

[Constant Pool (empty)]

[MachCode]
[Instructions begin]
  0x0000014ebff974a0: 6690 448b | 5208 443b 

  0x0000014ebff974a8: ;   {runtime_call Shared Runtime ic_miss_blob}
  0x0000014ebff974a8: 5008 0f85 | b072 73ff 
[Verified Entry Point]
  0x0000014ebff974b0: 8984 2400 | 80ff ff55 | 4881 ece0 | 0000 0090 | 4181 7f20 | 0200 0000 | 0f85 b115 | 0000 4889 
  0x0000014ebff974d0: 1424 4c89 | 4424 0845 | 8b50 0844 | 8954 2418 | 6690 c5f8 | 7748 b880 | 3113 204f 

  0x0000014ebff974ec: ;   {virtual_call}
  0x0000014ebff974ec: 0100 00e8 

  0x0000014ebff974f0: ; ImmutableOopMap {[0]=Oop [8]=Oop }
                      ;*invokeinterface iterator {reexecute=0 rethrow=0 return_oop=1}
                      ; - java.lang.Iterable::forEach@6 (line 74)
  0x0000014ebff974f0: dc21 8aff 

  0x0000014ebff974f4: ;   {post_call_nop}
  0x0000014ebff974f4: 0f1f 8400 | 6c02 0000 | 4889 4424 | 1044 8b50 

  0x0000014ebff97504: ;   {metadata('java/util/ImmutableCollections$SetN$SetNIterator')}
  0x0000014ebff97504: 0841 81fa | b888 2900 | 0f85 2b0a | 0000 4c8b | d045 8b52 | 0c0f 1f80 | 0000 0000 | 4585 d20f 
  0x0000014ebff97524: 8e7c 0a00 | 00b8 0100 | 0000 85c0 | 0f84 0f06 | 0000 4c8b | 5424 1045 | 8b5a 0844 | 895c 241c 
  0x0000014ebff97544: e9cd 0200 | 0045 8bc2 | 41c1 e810 | 4533 c28b | 4e24 448b | 5c24 304f | 8d14 dc4c | 8954 2448 
  0x0000014ebff97564: 85c9 0f84 | 4206 0000 | 458b 5ccc | 0c45 85db | 0f86 ce0d | 0000 498d | 04cc 458b | cb41 ffc9 
  0x0000014ebff97584: 4523 c845 | 85db 0f84 | 740c 0000 | 488b d842 | 8b4c 8810 | 498b fe48 | c1ef 0390 | 85c9 0f84 
  0x0000014ebff975a4: 6b01 0000 | 458b 54cc | 0c4d 8d2c | cc45 3bd0 | 0f85 c000 | 0000 418b | 6ccc 104c | 8bd5 49c1 
  0x0000014ebff975c4: e203 4d3b | d674 524c | 8954 2470 | 4c89 6c24 | 6889 4c24 | 6444 894c | 2454 4889 | 4424 5844 
  0x0000014ebff975e4: 895c 2450 | 4489 4424 | 3448 8974 | 2440 4c89 | 7424 3849 | 8bd6 4d8b | c266 6690 

  0x0000014ebff97600: ;   {optimized virtual_call}
  0x0000014ebff97600: c5f8 77e8 

  0x0000014ebff97604: ; ImmutableOopMap {rbp=NarrowOop [0]=Oop [8]=Oop [16]=Oop [32]=Oop [40]=Oop [48]=NarrowOop [56]=Oop [64]=Oop [72]=Oop [88]=Oop [96]=NarrowOop [100]=NarrowOop [104]=Oop [112]=Oop }
                      ;*invokevirtual equals {reexecute=0 rethrow=0 return_oop=0}
                      ; - java.util.HashMap::putVal@91 (line 642)
                      ; - java.util.HashMap::put@9 (line 619)
                      ; - cpw.mods.cl.ModuleClassLoader::lambda$new$6@6 (line 66)
                      ; - cpw.mods.cl.ModuleClassLoader$$Lambda/0x0000014ed70c7db8::accept@12
                      ; - java.lang.Iterable::forEach@30 (line 75)
  0x0000014ebff97604: 5874 73ff 

  0x0000014ebff97608: ;   {post_call_nop}
  0x0000014ebff97608: 0f1f 8400 | 8003 0001 | 85c0 0f84 | e40d 0000 | 4c8b 6c24 | 6849 8bc5 | 8b4c 2460 | 4c8d 5814 
  0x0000014ebff97628: 4180 7f48 | 000f 854f | 1100 0041 | 890b 448b | c149 c1e0 | 034d 8bd3 | 4d33 d049 | c1ea 160f 
  0x0000014ebff97648: 8428 0000 | 0049 83f8 | 000f 841e | 0000 004d | 8bd3 49c1 | ea09 49b8 | 0040 ddc5 | 4e01 0000 
  0x0000014ebff97668: 4d03 d041 | 803a 020f | 8575 1100 | 00e9 5e01 | 0000 458b | 54cc 0890 

  0x0000014ebff97680: ;   {metadata('java/util/HashMap$TreeNode')}
  0x0000014ebff97680: 4181 fa30 | 2a2a 000f | 8566 0500 | 0044 894c | 2458 4889 | 4424 5044 | 895c 2444 | 4489 4424 
  0x0000014ebff976a0: 4048 8974 | 2438 4c89 | 7424 3049 | 8bed 448b | 5424 6049 | 8bca 48c1 | e103 488b | d54c 8bc6 
  0x0000014ebff976c0: 4c8b c88b | 7c24 4049 | 8bf6 448b | 5424 6044 | 8954 245c 

  0x0000014ebff976d4: ;   {optimized virtual_call}
  0x0000014ebff976d4: c5f8 77e8 

  0x0000014ebff976d8: ; ImmutableOopMap {rbp=Oop [0]=Oop [8]=Oop [16]=Oop [32]=Oop [40]=Oop [48]=Oop [56]=Oop [72]=Oop [80]=Oop [92]=NarrowOop [96]=NarrowOop }
                      ;*invokevirtual putTreeVal {reexecute=0 rethrow=0 return_oop=1}
                      ; - java.util.HashMap::putVal@123 (line 645)
                      ; - java.util.HashMap::put@9 (line 619)
                      ; - cpw.mods.cl.ModuleClassLoader::lambda$new$6@6 (line 66)
                      ; - cpw.mods.cl.ModuleClassLoader$$Lambda/0x0000014ed70c7db8::accept@12
                      ; - java.lang.Iterable::forEach@30 (line 75)
  0x0000014ebff976d8: 8473 73ff 

  0x0000014ebff976dc: ;   {post_call_nop}
  0x0000014ebff976dc: 0f1f 8400 | 5404 0002 | 4885 c00f | 8533 ffff | ff4c 8b74 | 2430 488b | 7424 3844 | 8b44 2440 
  0x0000014ebff976fc: 448b 5c24 | 4448 8b5c | 2450 448b | 4c24 584c | 8bed e9ab | 0000 0049 | 8b87 c801 | 0000 4c8b 
  0x0000014ebff9771c: d049 83c2 | 204d 3b97 | d801 0000 | 0f83 b708 | 0000 4d89 | 97c8 0100 | 0041 0f0d | 8ac0 0000 
  0x0000014ebff9773c: 0048 c700 | 0100 0000 

  0x0000014ebff97744: ;   {metadata('java/util/HashMap$Node')}
  0x0000014ebff97744: c740 0868 | 252a 0044 | 8960 0c4c | 8960 104c | 8960 1844 | 8940 0c8b | 4c24 6089 | 4814 8978 
  0x0000014ebff97764: 108b 4b08 

  0x0000014ebff97768: ;   {metadata('java/util/HashMap$Node'[])}
  0x0000014ebff97768: 81f9 5823 | 2a00 0f85 | 340b 0000 | 4e8d 548b | 1041 807f | 4800 0f85 | bd10 0000 | 488b f848 
  0x0000014ebff97788: c1ef 0341 | 893a 498b | ca48 33c8 | 48c1 e916 | 0f84 1d00 | 0000 498b | ca48 c1e9 | 0948 bf00 
  0x0000014ebff977a8: 40dd c54e | 0100 0048 | 03cf 8039 | 020f 8516 | 1100 0045 | 33ed ff46 | 188b 4e1c | 448b 5614 
  0x0000014ebff977c8: 41ff c244 | 8956 1444 | 3bd1 0f8f | 1407 0000 | 4c8b 5424 | 1045 8b5a | 084d 8b57 

  0x0000014ebff977e4: ; ImmutableOopMap {[0]=Oop [8]=Oop [16]=Oop [32]=Oop }
                      ;*goto {reexecute=1 rethrow=0 return_oop=0}
                      ; - (reexecute) java.lang.Iterable::forEach@35 (line 76)
                      ;   {poll}
  0x0000014ebff977e4: 3041 8502 

  0x0000014ebff977e8: ;   {metadata('java/util/ImmutableCollections$SetN$SetNIterator')}
  0x0000014ebff977e8: 4181 fbb8 | 8829 000f | 8566 0300 | 004c 8b54 | 2410 458b | 520c 6690 | 4585 d20f | 8ee3 0300 
  0x0000014ebff97808: 00b8 0100 | 0000 85c0 | 0f84 2f03 | 0000 448b | 5424 1c0f | 1f44 0000 

  0x0000014ebff97820: ;   {metadata('java/util/ImmutableCollections$SetN$SetNIterator')}
  0x0000014ebff97820: 4181 fab8 | 8829 000f | 8558 0300 | 004c 8b5c | 2410 458b | 430c 4585 | c00f 8edd | 0a00 0045 
  0x0000014ebff97840: 8b53 1441 | 8b5b 1043 | 8b6c d410 

  0x0000014ebff9784c: ; implicit exception: dispatches to 0x0000014ebff98620
  0x0000014ebff9784c: 458b 54ec | 0c4d 8d0c | ecff c366 | 0f1f 8400 | 0000 0000 | 413b da0f | 8d7c 0600 | 0041 3bda 
  0x0000014ebff9786c: 0f83 6d09 | 0000 418b | 4c99 1049 

  0x0000014ebff97878: ; ImmutableOopMap {r11=Oop r9=Oop rcx=NarrowOop rbp=NarrowOop [0]=Oop [8]=Oop [16]=Oop }
                      ;*ifnull {reexecute=1 rethrow=0 return_oop=0}
                      ; - (reexecute) java.util.ImmutableCollections$SetN$SetNIterator::next@62 (line 985)
                      ; - java.lang.Iterable::forEach@22 (line 74)
                      ;   {poll}
  0x0000014ebff97878: 8b7f 3085 | 0766 6690 | 85c9 74d1 | 4189 5b10 | 41ff c845 | 8943 0c4d | 8d14 cc4c | 8954 2420 
  0x0000014ebff97898: 448b 5c24 | 1866 6690 

  0x0000014ebff978a0: ;   {metadata('cpw/mods/cl/ModuleClassLoader$$Lambda+0x0000014ed70c7db8')}
  0x0000014ebff978a0: 4181 fbb8 | 7d0c 010f | 85b8 0600 | 004c 8b54 | 2408 4c89 | 5424 2845 | 8b52 0c44 | 8954 2430 
  0x0000014ebff978c0: 4c8b 5424 | 2845 8b5a | 1044 895c | 2460 4c8b | 5424 2045 | 8b52 0866 | 0f1f 8400 | 0000 0000 
  0x0000014ebff978e0: ;   {metadata('java/lang/String')}
  0x0000014ebff978e0: 4181 fa38 | a616 000f | 850b 0c00 | 004c 8b74 | 2420 448b | 5424 3043 | 8b6c d45c | 0f1f 4000 
  0x0000014ebff97900: ; implicit exception: dispatches to 0x0000014ebff985a4
  0x0000014ebff97900: 458b 54ec 

  0x0000014ebff97904: ;   {metadata('java/util/HashMap')}
  0x0000014ebff97904: 0841 81fa | 58fd 1d00 | 0f85 5e09 | 0000 458b | 560c 498d | 34ec 660f | 1f44 0000 | 4585 d20f 
  0x0000014ebff97924: 8520 fcff | ff45 0fb6 | 5e11 4585 | db0f 8596 | 0600 0045 | 0fbe 5e10 | 0f1f 4000 | 4585 db0f 
  0x0000014ebff97944: 8567 0a00 | 0041 8b6e | 1445 8b44 | ec0c 4d8d | 14ec 498d | 7cec 100f | 1f44 0000 | 4183 f802 
  0x0000014ebff97964: 0f8c 4206 | 0000 33db | 418b d083 | fa20 0f8c | 6301 0000 | 33c9 c5d5 | efed c441 | 3def c0c5 
  0x0000014ebff97984: c5ef ffc5 

  0x0000014ebff97988: ;   {external_word}
  0x0000014ebff97988: cdef f649 | bae0 a7c9 | acfc 7f00 | 0045 8b1a | c441 796e | cbc4 427d | 58c9 448b | d241 83e2 
  0x0000014ebff979a8: e041 0faf | dbc5 fa7e | 1c0f c5fa | 7e54 0f08 | c5fa 7e4c | 0f10 c5fa | 7e64 0f18 | c4c2 5540 
  0x0000014ebff979c8: e9c4 e27d | 31db c5d5 | feeb c442 | 3d40 c1c4 | e27d 31d2 | c53d fec2 | c4c2 4540 | f9c4 e27d 
  0x0000014ebff979e8: 31c9 c5c5 | fef9 c4c2 | 4d40 f1c4 | e27d 31e4 | c5cd fef4 | 83c1 2041 | 3bca 7ca5 | 4a8d 3c17 
  0x0000014ebff97a08: ;   {external_word}
  0x0000014ebff97a08: 412b d249 | bae4 a7c9 | acfc 7f00 | 00c4 417e | 6f12 c4c2 

  0x0000014ebff97a1c: ;   {external_word}
  0x0000014ebff97a1c: 5540 ea49 | ba04 a8c9 | acfc 7f00 | 00c4 417e | 6f1a c442 

  0x0000014ebff97a30: ;   {external_word}
  0x0000014ebff97a30: 3d40 c349 | ba24 a8c9 | acfc 7f00 | 00c4 c17e | 6f02 c4e2 

  0x0000014ebff97a44: ;   {external_word}
  0x0000014ebff97a44: 4540 f849 | ba44 a8c9 | acfc 7f00 | 00c4 417e | 6f22 c4c2 | 4d40 f4c4 | e255 02dd | c4e3 7d39 
  0x0000014ebff97a64: da01 c5e1 | feda c4e2 | 6102 dbc5 | f96e d3c5 | e1fe dac5 | f97e dbc4 | c23d 02c8 | c4e3 7d39 
  0x0000014ebff97a84: cc01 c5f1 | fecc c4e2 | 7102 c9c5 | f96e e3c5 | f1fe ccc5 | f97e cbc4 | e245 02df | c4e3 7d39 
  0x0000014ebff97aa4: da01 c5e1 | feda c4e2 | 6102 dbc5 | f96e d3c5 | e1fe dac5 | f97e dbc4 | e24d 02ce | c4e3 7d39 
  0x0000014ebff97ac4: cc01 c5f1 | fecc c4e2 | 7102 c9c5 | f96e e3c5 | f1fe ccc5 | f97e cbb9 | 0100 0000 | 3bca 0f8d 
  0x0000014ebff97ae4: 2c00 0000 | 41bb c103 | 0000 410f | afdb 440f | b654 0fff | 458b da41 | c1e3 0545 | 2bda 4103 
  0x0000014ebff97b04: db44 0fb6 | 1c0f 4103 | db83 c102 | 3bca 7cd4 | 7f12 448b | d3c1 e305 | 412b da44 | 0fb6 5c0f 
  0x0000014ebff97b24: ff41 03db | 85db 0f84 | a504 0000 | 448b c341 | c1e8 1044 | 33c3 4189 | 5e0c 6690 | e90e faff 
  0x0000014ebff97b44: ;   {no_reloc}
  0x0000014ebff97b44: ffc5 f877 | 4881 c4e0 | 0000 005d 

  0x0000014ebff97b50: ;   {poll_return}
  0x0000014ebff97b50: 493b 6728 | 0f87 0f0f | 0000 c348 | 8b54 2410 | 6690 c5f8 | 7748 b8a8 | 3113 204f 

  0x0000014ebff97b6c: ;   {virtual_call}
  0x0000014ebff97b6c: 0100 00e8 

  0x0000014ebff97b70: ; ImmutableOopMap {[0]=Oop [8]=Oop [16]=Oop [32]=Oop }
                      ;*invokeinterface hasNext {reexecute=0 rethrow=0 return_oop=0}
                      ; - java.lang.Iterable::forEach@13 (line 74)
  0x0000014ebff97b70: 6c1c 8aff 

  0x0000014ebff97b74: ;   {post_call_nop}
  0x0000014ebff97b74: 0f1f 8400 | ec08 0005 | 0f1f 4000 | e989 fcff | ff48 8b54 | 2410 c5f8 | 7748 b8d0 | 3113 204f 
  0x0000014ebff97b94: ;   {virtual_call}
  0x0000014ebff97b94: 0100 00e8 

  0x0000014ebff97b98: ; ImmutableOopMap {[0]=Oop [8]=Oop [16]=Oop }
                      ;*invokeinterface next {reexecute=0 rethrow=0 return_oop=1}
                      ; - java.lang.Iterable::forEach@22 (line 74)
  0x0000014ebff97b98: 841e 8aff 

  0x0000014ebff97b9c: ;   {post_call_nop}
  0x0000014ebff97b9c: 0f1f 8400 | 1409 0006 | 4889 4424 | 20e9 eafc | ffff 4489 | 4424 3448 | 8974 2440 | 4c89 7424 
  0x0000014ebff97bbc: 3848 8bd6 | 8b6c 2460 

  0x0000014ebff97bc4: ;   {optimized virtual_call}
  0x0000014ebff97bc4: c5f8 77e8 

  0x0000014ebff97bc8: ; ImmutableOopMap {rbp=NarrowOop [0]=Oop [8]=Oop [16]=Oop [32]=Oop [40]=Oop [48]=NarrowOop [56]=Oop [64]=Oop [72]=Oop [96]=NarrowOop }
                      ;*invokevirtual resize {reexecute=0 rethrow=0 return_oop=1}
                      ; - java.util.HashMap::putVal@20 (line 636)
                      ; - java.util.HashMap::put@9 (line 619)
                      ; - cpw.mods.cl.ModuleClassLoader::lambda$new$6@6 (line 66)
                      ; - cpw.mods.cl.ModuleClassLoader$$Lambda/0x0000014ed70c7db8::accept@12
                      ; - java.lang.Iterable::forEach@30 (line 75)
  0x0000014ebff97bc8: 946e 73ff 

  0x0000014ebff97bcc: ;   {post_call_nop}
  0x0000014ebff97bcc: 0f1f 8400 | 4409 0007 

  0x0000014ebff97bd4: ; implicit exception: dispatches to 0x0000014ebff986e0
  0x0000014ebff97bd4: 448b 580c | 4c8b 7424 | 3848 8b74 | 2440 448b | 4424 34e9 | 92f9 ffff | 33c0 e91b | fcff ff41 
  0x0000014ebff97bf4: 8b4c cc18 | 0f1f 8400 | 0000 0000 | 85c9 0f84 | 3301 0000 | 498d 04cc | 33d2 448b | 500c 453b 
  0x0000014ebff97c14: d00f 85ea | 0000 008b | 6810 4c8b | d549 c1e2 | 034d 3bd6 | 0f84 f2f9 | ffff 498b | ca89 5424 
  0x0000014ebff97c34: 7848 8944 | 2470 4c89 | 6c24 6844 | 894c 2464 | 4889 5c24 | 5844 895c | 2454 4c8b | 5c24 4844 
  0x0000014ebff97c54: 8944 2450 | 4889 7424 | 484c 8974 | 2440 448b | 5424 6044 | 8954 243c | 448b 5424 | 3044 8954 
  0x0000014ebff97c74: 2438 4c8b | 5424 284c | 8954 2430 | 4c8b 5424 | 204c 8954 | 2428 4c8b | 5424 104c | 8954 2420 
  0x0000014ebff97c94: 448b 5424 | 1844 8954 | 2410 498b | d64c 8bc1 | 4c89 9c24 | 8800 0000 | 448b 5c24 | 3c44 895c 
  0x0000014ebff97cb4: 2418 4c89 | 8424 b000 | 0000 6690 

  0x0000014ebff97cc0: ;   {optimized virtual_call}
  0x0000014ebff97cc0: c5f8 77e8 

  0x0000014ebff97cc4: ; ImmutableOopMap {rbp=NarrowOop [0]=Oop [8]=Oop [24]=NarrowOop [32]=Oop [40]=Oop [48]=Oop [56]=NarrowOop [60]=NarrowOop [64]=Oop [72]=Oop [88]=Oop [96]=NarrowOop [104]=Oop [112]=Oop [136]=Oop [176]=Oop }
                      ;*invokevirtual equals {reexecute=0 rethrow=0 return_oop=0}
                      ; - java.util.HashMap::putVal@203 (line 655)
                      ; - java.util.HashMap::put@9 (line 619)
                      ; - cpw.mods.cl.ModuleClassLoader::lambda$new$6@6 (line 66)
                      ; - cpw.mods.cl.ModuleClassLoader$$Lambda/0x0000014ed70c7db8::accept@12
                      ; - java.lang.Iterable::forEach@30 (line 75)
  0x0000014ebff97cc4: 986d 73ff 

  0x0000014ebff97cc8: ;   {post_call_nop}
  0x0000014ebff97cc8: 0f1f 8400 | 400a 0008 | 85c0 0f84 | 6807 0000 | 488b 4424 | 7044 8b5c | 2410 4489 | 5c24 184c 
  0x0000014ebff97ce8: 8b54 2420 | 4c89 5424 | 104c 8b54 | 2428 4c89 | 5424 200f | 1f44 0000 | e91b f9ff | ff4d 8b6f 
  0x0000014ebff97d08: 308b 4818 | ffc2 4c8b | 5424 28c5 | fb10 5424 | 48c5 fa10 

  0x0000014ebff97d1c: ; ImmutableOopMap {r10=Oop rcx=NarrowOop rbx=Oop rdi=NarrowOop rsi=Oop rax=Oop r14=Oop xmm2=Oop xmm4=NarrowOop [0]=Oop [8]=Oop [16]=Oop [32]=Oop [40]=Oop [48]=NarrowOop [72]=Oop [96]=NarrowOop }
                      ;*goto {reexecute=1 rethrow=0 return_oop=0}
                      ; - (reexecute) java.util.HashMap::putVal@219 (line 647)
                      ; - java.util.HashMap::put@9 (line 619)
                      ; - cpw.mods.cl.ModuleClassLoader::lambda$new$6@6 (line 66)
                      ; - cpw.mods.cl.ModuleClassLoader$$Lambda/0x0000014ed70c7db8::accept@12
                      ; - java.lang.Iterable::forEach@30 (line 75)
                      ;   {poll}
  0x0000014ebff97d1c: 6424 6041 | 8545 0085 | c974 0f48 | c1e1 034c | 8be8 488b | c1e9 d8fe | ffff 4c8b | e8eb 0233 
  0x0000014ebff97d3c: d249 8b87 | c801 0000 | 4c8b d049 | 83c2 204d | 3b97 d801 | 0000 0f83 | 8d03 0000 | 4d89 97c8 
  0x0000014ebff97d5c: 0100 0041 | 0f0d 8ac0 | 0000 0048 | c700 0100 

  0x0000014ebff97d6c: ;   {metadata('java/util/HashMap$Node')}
  0x0000014ebff97d6c: 0000 c740 | 0868 252a | 0044 8960 | 0c4c 8960 | 104c 8960 | 1844 8940 | 0c44 8b54 | 2460 4489 
  0x0000014ebff97d8c: 5014 8978 | 104d 8d55 | 1841 807f | 4800 0f85 | ab0b 0000 | 488b f848 | c1ef 0341 | 893a 498b 
  0x0000014ebff97dac: ca48 33c8 | 48c1 e916 | 0f84 1d00 | 0000 498b | ca48 c1e9 | 0948 bf00 | 40dd c54e | 0100 0048 
  0x0000014ebff97dcc: 03cf 8039 | 020f 850e | 0c00 0066 | 0f1f 8400 | 0000 0000 | 83fa 070f | 8cd5 f9ff | ff8b ca4c 
  0x0000014ebff97dec: 896c 2470 | 4489 4c24 | 5c48 895c | 2468 4489 | 5c24 5848 | ff74 2448 | 488f 4424 | 5044 8944 
  0x0000014ebff97e0c: 243c 4889 | 7424 484c | 8974 2440 | 448b 5424 | 6044 8954 | 2438 4c8b | 5424 284c | 8954 2430 
  0x0000014ebff97e2c: 4c8b 5424 | 204c 8954 | 2428 4c8b | 5424 104c | 8954 2420 | 448b 5c24 | 1844 895c | 2410 488b 
  0x0000014ebff97e4c: 6c24 0848 | 8bd6 4c8b | c344 8b4c | 243c 448b | 5c24 3844 | 895c 2418 | 898c 249c | 0000 0090 
  0x0000014ebff97e6c: ;   {no_reloc}
  0x0000014ebff97e6c: c5f8 77e8 

  0x0000014ebff97e70: ; ImmutableOopMap {rbp=Oop [0]=Oop [24]=NarrowOop [32]=Oop [40]=Oop [48]=Oop [56]=NarrowOop [64]=Oop [72]=Oop [80]=Oop [104]=Oop [112]=Oop }
                      ;*invokevirtual treeifyBin {reexecute=0 rethrow=0 return_oop=0}
                      ; - java.util.HashMap::putVal@169 (line 651)
                      ; - java.util.HashMap::put@9 (line 619)
                      ; - cpw.mods.cl.ModuleClassLoader::lambda$new$6@6 (line 66)
                      ; - cpw.mods.cl.ModuleClassLoader$$Lambda/0x0000014ed70c7db8::accept@12
                      ; - java.lang.Iterable::forEach@30 (line 75)
  0x0000014ebff97e70: ec6b 73ff 

  0x0000014ebff97e74: ;   {post_call_nop}
  0x0000014ebff97e74: 0f1f 8400 | ec0b 000a | 4889 6c24 | 0844 8b54 | 2410 4489 | 5424 184c | 8b54 2420 | 4c89 5424 
  0x0000014ebff97e94: 104c 8b54 | 2428 4c89 | 5424 204c | 8b54 2430 | 4c89 5424 | 2844 8b54 | 2438 4489 | 5424 604c 
  0x0000014ebff97eb4: 8b74 2440 | 488b 7424 | 4844 8b44 | 243c 48ff | 7424 5048 | 8f44 2448 | 448b 5c24 | 5848 8b5c 
  0x0000014ebff97ed4: 2468 448b | 4c24 5c4c | 8b6c 2470 | e9d9 f8ff | ff33 dbe9 | 7df9 ffff | 4c89 6c24 | 6844 894c 
  0x0000014ebff97ef4: 2458 4889 | 5c24 5044 | 895c 243c | 48ff 7424 | 4848 8f44 | 2440 4489 | 4424 3848 | 8bd6 8b6c 
  0x0000014ebff97f14: 2460 4c89 | 7424 604c | 8974 2478 | 4889 b424 | 8000 0000 

  0x0000014ebff97f28: ;   {optimized virtual_call}
  0x0000014ebff97f28: c5f8 77e8 

  0x0000014ebff97f2c: ; ImmutableOopMap {rbp=NarrowOop [0]=Oop [8]=Oop [16]=Oop [32]=Oop [40]=Oop [64]=Oop [80]=Oop [96]=Oop [104]=Oop [120]=Oop [128]=Oop }
                      ;*invokevirtual resize {reexecute=0 rethrow=0 return_oop=1}
                      ; - java.util.HashMap::putVal@288 (line 670)
                      ; - java.util.HashMap::put@9 (line 619)
                      ; - cpw.mods.cl.ModuleClassLoader::lambda$new$6@6 (line 66)
                      ; - cpw.mods.cl.ModuleClassLoader$$Lambda/0x0000014ed70c7db8::accept@12
                      ; - java.lang.Iterable::forEach@30 (line 75)
  0x0000014ebff97f2c: 306b 73ff 

  0x0000014ebff97f30: ;   {post_call_nop}
  0x0000014ebff97f30: 0f1f 8400 | a80c 000b | e99b f8ff | ff48 8bd0 | 488b 2c24 | 6690 c5f8 | 7748 b8f8 | 3113 204f 
  0x0000014ebff97f50: ;   {virtual_call}
  0x0000014ebff97f50: 0100 00e8 

  0x0000014ebff97f54: ; ImmutableOopMap {rbp=Oop [0]=Oop [8]=Oop [16]=Oop }
                      ;*invokeinterface hasNext {reexecute=0 rethrow=0 return_oop=0}
                      ; - java.lang.Iterable::forEach@13 (line 74)
  0x0000014ebff97f54: 8818 8aff 

  0x0000014ebff97f58: ;   {post_call_nop}
  0x0000014ebff97f58: 0f1f 8400 | d00c 000c | e9c9 f5ff | ff4c 8b54 | 2410 4c89 | 5424 2848 | 8b54 2408 | 4c8b 4424 
  0x0000014ebff97f78: 2090 c5f8 | 7748 b820 | 3213 204f 

  0x0000014ebff97f84: ;   {virtual_call}
  0x0000014ebff97f84: 0100 00e8 

  0x0000014ebff97f88: ; ImmutableOopMap {[0]=Oop [8]=Oop [32]=Oop [40]=Oop }
                      ;*invokeinterface accept {reexecute=0 rethrow=0 return_oop=0}
                      ; - java.lang.Iterable::forEach@30 (line 75)
  0x0000014ebff97f88: 4417 8aff 

  0x0000014ebff97f8c: ;   {post_call_nop}
  0x0000014ebff97f8c: 0f1f 8400 | 040d 000d | 4c8b 5424 | 284c 8954 | 2410 6690 | e933 f8ff | ff33 c0e9 | 82f5 ffff 
  0x0000014ebff97fac: 4183 f801 | 7523 4585 | c00f 86f1 | 0400 0044 | 0fb6 0790 | 4585 c074 | 1041 8bd8 | e96d fbff 
  0x0000014ebff97fcc: ff45 33c0 | e97e f5ff | ff41 c646 | 1101 4533 | c066 6690 | e96e f5ff | ff89 7c24 | 7044 894c 
  0x0000014ebff97fec: 2464 4889 | 5c24 6844 | 895c 2454 | 48ff 7424 | 4848 8f44 | 2458 4489 | 4424 5048 | 8974 2448 
  0x0000014ebff9800c: 4c89 7424 | 4044 8b54 | 2460 4489 | 5424 3c44 | 8b5c 2430 | 4489 5c24 | 384c 8b54 | 2428 4c89 
  0x0000014ebff9802c: 5424 304c | 8b54 2420 | 4c89 5424 | 284c 8b54 | 2410 4c89 | 5424 2044 | 8b54 2418 | 4489 5424 
  0x0000014ebff9804c: 1048 8b6c 

  0x0000014ebff98050: ;   {metadata('java/util/HashMap$Node')}
  0x0000014ebff98050: 2408 48ba | 6825 2ad6 | 4e01 0000 | 448b 5c24 | 3c44 895c | 2414 6690 

  0x0000014ebff98068: ;   {runtime_call C2 Runtime new_instance}
  0x0000014ebff98068: c5f8 77e8 

  0x0000014ebff9806c: ; ImmutableOopMap {rbp=Oop [0]=Oop [20]=NarrowOop [32]=Oop [40]=Oop [48]=Oop [56]=NarrowOop [64]=Oop [72]=Oop [88]=Oop [96]=NarrowOop [104]=Oop [112]=NarrowOop }
                      ;*new {reexecute=0 rethrow=0 return_oop=1}
                      ; - java.util.HashMap::newNode@0 (line 1910)
                      ; - java.util.HashMap::putVal@56 (line 638)
                      ; - java.util.HashMap::put@9 (line 619)
                      ; - cpw.mods.cl.ModuleClassLoader::lambda$new$6@6 (line 66)
                      ; - cpw.mods.cl.ModuleClassLoader$$Lambda/0x0000014ed70c7db8::accept@12
                      ; - java.lang.Iterable::forEach@30 (line 75)
  0x0000014ebff9806c: f0aa 89ff 

  0x0000014ebff98070: ;   {post_call_nop}
  0x0000014ebff98070: 0f1f 8400 | e80d 000e | 4889 6c24 | 0844 8b5c | 2410 4489 | 5c24 184c | 8b54 2420 | 4c89 5424 
  0x0000014ebff98090: 104c 8b54 | 2428 4c89 | 5424 204c | 8b54 2430 | 4c89 5424 | 2844 8b54 | 2438 4489 | 5424 304c 
  0x0000014ebff980b0: 8b74 2440 | 488b 7424 | 4844 8b44 | 2450 48ff | 7424 5848 | 8f44 2448 | 448b 5c24 | 5448 8b5c 
  0x0000014ebff980d0: 2468 448b | 4c24 648b | 7c24 700f | 1f44 0000 | e972 f6ff | ff89 5424 | 784c 896c | 2470 897c 
  0x0000014ebff980f0: 2464 4489 | 4c24 5c48 | 895c 2468 | 4489 5c24 | 5848 ff74 | 2448 488f | 4424 5044 | 8944 243c 
  0x0000014ebff98110: 4889 7424 | 484c 8974 | 2440 448b | 5c24 6044 | 895c 2438 | 4c8b 5424 | 284c 8954 | 2430 4c8b 
  0x0000014ebff98130: 5424 204c | 8954 2428 | 4c8b 5424 | 104c 8954 | 2420 448b | 5c24 1844 | 895c 2410 | 488b 6c24 
  0x0000014ebff98150: ;   {metadata('java/util/HashMap$Node')}
  0x0000014ebff98150: 0848 ba68 | 252a d64e | 0100 0044 | 8b5c 2438 | 4489 5c24 | 1866 6690 

  0x0000014ebff98168: ;   {runtime_call C2 Runtime new_instance}
  0x0000014ebff98168: c5f8 77e8 

  0x0000014ebff9816c: ; ImmutableOopMap {rbp=Oop [0]=Oop [24]=NarrowOop [32]=Oop [40]=Oop [48]=Oop [56]=NarrowOop [64]=Oop [72]=Oop [80]=Oop [96]=NarrowOop [100]=NarrowOop [104]=Oop [112]=Oop }
                      ;*new {reexecute=0 rethrow=0 return_oop=1}
                      ; - java.util.HashMap::newNode@0 (line 1910)
                      ; - java.util.HashMap::putVal@152 (line 649)
                      ; - java.util.HashMap::put@9 (line 619)
                      ; - cpw.mods.cl.ModuleClassLoader::lambda$new$6@6 (line 66)
                      ; - cpw.mods.cl.ModuleClassLoader$$Lambda/0x0000014ed70c7db8::accept@12
                      ; - java.lang.Iterable::forEach@30 (line 75)
  0x0000014ebff9816c: f0a9 89ff 

  0x0000014ebff98170: ;   {post_call_nop}
  0x0000014ebff98170: 0f1f 8400 | e80e 000f | 4889 6c24 | 0844 8b54 | 2410 4489 | 5424 184c | 8b54 2420 | 4c89 5424 
  0x0000014ebff98190: 104c 8b54 | 2428 4c89 | 5424 204c | 8b54 2430 | 4c89 5424 | 284c 8b74 | 2440 488b | 7424 4844 
  0x0000014ebff981b0: 8b44 243c | 48ff 7424 | 5048 8f44 | 2448 448b | 5c24 5848 | 8b5c 2468 | 448b 4c24 | 5c8b 7c24 
  0x0000014ebff981d0: 644c 8b6c | 2470 8b54 | 2478 e9a2 | fbff ffba | e4ff ffff | 4c89 5c24 | 1844 8954 | 2424 895c 
  0x0000014ebff981f0: 2428 6690 

  0x0000014ebff981f4: ;   {runtime_call UncommonTrapBlob}
  0x0000014ebff981f4: c5f8 77e8 

  0x0000014ebff981f8: ; ImmutableOopMap {rbp=NarrowOop [0]=Oop [8]=Oop [24]=Oop }
                      ;*aaload {reexecute=0 rethrow=0 return_oop=0}
                      ; - java.util.ImmutableCollections$SetN$SetNIterator::next@59 (line 985)
                      ; - java.lang.Iterable::forEach@22 (line 74)
  0x0000014ebff981f8: 64b0 89ff 

  0x0000014ebff981fc: ;   {post_call_nop}
  0x0000014ebff981fc: 0f1f 8400 | 740f 0010 | bae4 ffff | ff48 8b2c | 244c 8b54 | 2428 4c89 | 1424 4c8b | 5424 104c 
  0x0000014ebff9821c: 8954 2408 | 4c8b 5424 | 204c 8954 | 2410 448b | 5424 3044 | 8954 2428 | 8b4c 2460 | 4c89 7424 
  0x0000014ebff9823c: 304c 8974 | 2440 894c | 2448 4889 | 7424 5044 | 8944 244c | 4489 5c24 | 6448 8944 | 2478 4489 
  0x0000014ebff9825c: 4c24 7490 

  0x0000014ebff98260: ;   {runtime_call UncommonTrapBlob}
  0x0000014ebff98260: c5f8 77e8 

  0x0000014ebff98264: ; ImmutableOopMap {rbp=Oop [0]=Oop [8]=Oop [16]=Oop [40]=NarrowOop [48]=Oop [64]=Oop [72]=NarrowOop [80]=Oop [96]=NarrowOop [120]=Oop }
                      ;*aaload {reexecute=0 rethrow=0 return_oop=0}
                      ; - java.util.HashMap::putVal@40 (line 637)
                      ; - java.util.HashMap::put@9 (line 619)
                      ; - cpw.mods.cl.ModuleClassLoader::lambda$new$6@6 (line 66)
                      ; - cpw.mods.cl.ModuleClassLoader$$Lambda/0x0000014ed70c7db8::accept@12
                      ; - java.lang.Iterable::forEach@30 (line 75)
  0x0000014ebff98264: f8af 89ff 

  0x0000014ebff98268: ;   {post_call_nop}
  0x0000014ebff98268: 0f1f 8400 | e00f 0011 | bade ffff | ff4c 8b54 | 2428 4c89 | 5424 084c | 8b54 2420 | 4c89 5424 
  0x0000014ebff98288: 184c 8974 | 2438 4c89 | 7424 4044 | 895c 2448 

  0x0000014ebff98298: ;   {runtime_call UncommonTrapBlob}
  0x0000014ebff98298: c5f8 77e8 

  0x0000014ebff9829c: ; ImmutableOopMap {rbp=NarrowOop [0]=Oop [8]=Oop [16]=Oop [24]=Oop [48]=NarrowOop [56]=Oop [64]=Oop [72]=NarrowOop [96]=NarrowOop }
                      ;*invokeinterface put {reexecute=0 rethrow=0 return_oop=0}
                      ; - cpw.mods.cl.ModuleClassLoader::lambda$new$6@6 (line 66)
                      ; - cpw.mods.cl.ModuleClassLoader$$Lambda/0x0000014ed70c7db8::accept@12
                      ; - java.lang.Iterable::forEach@30 (line 75)
  0x0000014ebff9829c: c0af 89ff 

  0x0000014ebff982a0: ;   {post_call_nop}
  0x0000014ebff982a0: 0f1f 8400 | 1810 0012 | bad6 ffff | ff48 8b2c | 244c 8b54 | 2410 4c89 | 5424 084c | 8b54 2420 
  0x0000014ebff982c0: 4c89 5424 | 104c 8b54 | 2428 4c89 | 5424 1844 | 8b54 2430 | 4489 5424 | 288b 4c24 | 604c 8974 
  0x0000014ebff982e0: 2430 4c89 | 7424 4089 | 4c24 4848 | 8974 2450 | 4489 4424 | 4c44 895c | 2464 4889 | 5c24 7844 
  0x0000014ebff98300: 894c 2474 | 4889 8424 | 8000 0000 

  0x0000014ebff9830c: ;   {runtime_call UncommonTrapBlob}
  0x0000014ebff9830c: c5f8 77e8 

  0x0000014ebff98310: ; ImmutableOopMap {rbp=Oop [8]=Oop [16]=Oop [24]=Oop [40]=NarrowOop [48]=Oop [64]=Oop [72]=NarrowOop [80]=Oop [96]=NarrowOop [120]=Oop [128]=Oop }
                      ;*aastore {reexecute=1 rethrow=0 return_oop=0}
                      ; - (reexecute) java.util.HashMap::putVal@59 (line 638)
                      ; - java.util.HashMap::put@9 (line 619)
                      ; - cpw.mods.cl.ModuleClassLoader::lambda$new$6@6 (line 66)
                      ; - cpw.mods.cl.ModuleClassLoader$$Lambda/0x0000014ed70c7db8::accept@12
                      ; - java.lang.Iterable::forEach@30 (line 75)
  0x0000014ebff98310: 4caf 89ff 

  0x0000014ebff98314: ;   {post_call_nop}
  0x0000014ebff98314: 0f1f 8400 | 8c10 0013 | ba4d ffff | ff48 8b2c | 244c 8b54 | 2408 4c89 | 1424 4c89 | 5c24 1044 
  0x0000014ebff98334: 8944 2418 

  0x0000014ebff98338: ;   {runtime_call UncommonTrapBlob}
  0x0000014ebff98338: c5f8 77e8 

  0x0000014ebff9833c: ; ImmutableOopMap {rbp=Oop [0]=Oop [16]=Oop }
                      ;*ifle {reexecute=1 rethrow=0 return_oop=0}
                      ; - (reexecute) java.util.ImmutableCollections$SetN$SetNIterator::next@4 (line 970)
                      ; - java.lang.Iterable::forEach@22 (line 74)
  0x0000014ebff9833c: 20af 89ff 

  0x0000014ebff98340: ;   {post_call_nop}
  0x0000014ebff98340: 0f1f 8400 | b810 0014 | ba4d ffff | ff48 8b2c | 244c 8b54 | 2428 4c89 | 1424 4c8b | 5424 104c 
  0x0000014ebff98360: 8954 2408 | 4c8b 5424 | 204c 8954 | 2410 448b | 5424 3044 | 8954 2428 | 448b 5424 | 604c 8974 
  0x0000014ebff98380: 2430 4c89 | 7424 4044 | 8954 2448 | 4889 7424 | 5044 8944 | 244c 894c | 2464 4489 | 5c24 6c90 
  0x0000014ebff983a0: ;   {runtime_call UncommonTrapBlob}
  0x0000014ebff983a0: c5f8 77e8 

  0x0000014ebff983a4: ; ImmutableOopMap {rbp=Oop [0]=Oop [8]=Oop [16]=Oop [40]=NarrowOop [48]=Oop [64]=Oop [72]=NarrowOop [80]=Oop [96]=NarrowOop [100]=NarrowOop }
                      ;*ifne {reexecute=1 rethrow=0 return_oop=0}
                      ; - (reexecute) java.util.HashMap::putVal@16 (line 635)
                      ; - java.util.HashMap::put@9 (line 619)
                      ; - cpw.mods.cl.ModuleClassLoader::lambda$new$6@6 (line 66)
                      ; - cpw.mods.cl.ModuleClassLoader$$Lambda/0x0000014ed70c7db8::accept@12
                      ; - java.lang.Iterable::forEach@30 (line 75)
  0x0000014ebff983a4: b8ae 89ff 

  0x0000014ebff983a8: ;   {post_call_nop}
  0x0000014ebff983a8: 0f1f 8400 | 2011 0015 | 33ed 4585 | db40 0f94 | c5ba 4dff | ffff 4c8b | 5424 284c | 8954 2408 
  0x0000014ebff983c8: 4c8b 5424 | 204c 8954 | 2418 448b | 5c24 604c | 8974 2438 | 4c89 7424 | 4844 895c | 2450 4889 
  0x0000014ebff983e8: 7424 5890 

  0x0000014ebff983ec: ;   {runtime_call UncommonTrapBlob}
  0x0000014ebff983ec: c5f8 77e8 

  0x0000014ebff983f0: ; ImmutableOopMap {[0]=Oop [8]=Oop [16]=Oop [24]=Oop [48]=NarrowOop [56]=Oop [72]=Oop [80]=NarrowOop [88]=Oop }
                      ;*ifeq {reexecute=1 rethrow=0 return_oop=0}
                      ; - (reexecute) java.lang.String::hashCode@20 (line 2445)
                      ; - java.util.HashMap::hash@9 (line 338)
                      ; - java.util.HashMap::put@2 (line 619)
                      ; - cpw.mods.cl.ModuleClassLoader::lambda$new$6@6 (line 66)
                      ; - cpw.mods.cl.ModuleClassLoader$$Lambda/0x0000014ed70c7db8::accept@12
                      ; - java.lang.Iterable::forEach@30 (line 75)
  0x0000014ebff983f0: 6cae 89ff 

  0x0000014ebff983f4: ;   {post_call_nop}
  0x0000014ebff983f4: 0f1f 8400 | 6c11 0016 | ba4d ffff | ff4c 8b54 | 2428 4c89 | 5424 084c | 8b54 2420 | 4c89 5424 
  0x0000014ebff98414: 184c 8b54 | 2438 4c89 | 5424 2844 | 8b54 2460 | 4489 5424 | 4889 8424 | 8000 0000 

  0x0000014ebff98430: ;   {runtime_call UncommonTrapBlob}
  0x0000014ebff98430: c5f8 77e8 

  0x0000014ebff98434: ; ImmutableOopMap {rbp=NarrowOop [0]=Oop [8]=Oop [16]=Oop [24]=Oop [40]=Oop [48]=NarrowOop [64]=Oop [72]=NarrowOop [88]=Oop [100]=NarrowOop }
                      ;*ifeq {reexecute=1 rethrow=0 return_oop=0}
                      ; - (reexecute) java.util.HashMap::putVal@94 (line 642)
                      ; - java.util.HashMap::put@9 (line 619)
                      ; - cpw.mods.cl.ModuleClassLoader::lambda$new$6@6 (line 66)
                      ; - cpw.mods.cl.ModuleClassLoader$$Lambda/0x0000014ed70c7db8::accept@12
                      ; - java.lang.Iterable::forEach@30 (line 75)
  0x0000014ebff98434: 28ae 89ff 

  0x0000014ebff98438: ;   {post_call_nop}
  0x0000014ebff98438: 0f1f 8400 | b011 0017 | ba4d ffff | ff4c 8b5c | 2430 4c89 | 5c24 084c | 8b5c 2420 | 4c89 5c24 
  0x0000014ebff98458: 104c 8b5c | 2428 4c89 | 5c24 184c | 8b5c 2440 | 4c89 5c24 | 2844 8b44 | 2438 4489 | 4424 3044 
  0x0000014ebff98478: 8b5c 243c | 4489 5c24 | 3444 8b5c | 2464 4489 | 5c24 6044 | 8b44 2478 | 4489 4424 | 6489 4424 
  0x0000014ebff98498: 7866 6690 

  0x0000014ebff9849c: ;   {runtime_call UncommonTrapBlob}
  0x0000014ebff9849c: c5f8 77e8 

  0x0000014ebff984a0: ; ImmutableOopMap {rbp=NarrowOop [0]=Oop [8]=Oop [16]=Oop [24]=Oop [40]=Oop [48]=NarrowOop [52]=NarrowOop [72]=Oop [88]=Oop [104]=Oop [112]=Oop }
                      ;*ifeq {reexecute=1 rethrow=0 return_oop=0}
                      ; - (reexecute) java.util.HashMap::putVal@206 (line 655)
                      ; - java.util.HashMap::put@9 (line 619)
                      ; - cpw.mods.cl.ModuleClassLoader::lambda$new$6@6 (line 66)
                      ; - cpw.mods.cl.ModuleClassLoader$$Lambda/0x0000014ed70c7db8::accept@12
                      ; - java.lang.Iterable::forEach@30 (line 75)
  0x0000014ebff984a0: bcad 89ff 

  0x0000014ebff984a4: ;   {post_call_nop}
  0x0000014ebff984a4: 0f1f 8400 | 1c12 0018 | bae4 ffff | ff4c 8b54 | 2428 4c89 | 5424 084c | 8b54 2420 | 4c89 5424 
  0x0000014ebff984c4: 1844 8b54 | 2460 4c89 | 7424 384c | 8974 2448 | 458b da44 | 895c 2450 | 4889 7424 | 5844 8944 
  0x0000014ebff984e4: 2454 6690 

  0x0000014ebff984e8: ;   {runtime_call UncommonTrapBlob}
  0x0000014ebff984e8: c5f8 77e8 

  0x0000014ebff984ec: ; ImmutableOopMap {rbp=NarrowOop [0]=Oop [8]=Oop [16]=Oop [24]=Oop [48]=NarrowOop [56]=Oop [72]=Oop [80]=NarrowOop [88]=Oop }
                      ;*baload {reexecute=0 rethrow=0 return_oop=0}
                      ; - jdk.internal.util.ArraysSupport::hashCodeOfUnsigned@38 (line 275)
                      ; - java.lang.StringLatin1::hashCode@5 (line 306)
                      ; - java.lang.String::hashCode@27 (line 2445)
                      ; - java.util.HashMap::hash@9 (line 338)
                      ; - java.util.HashMap::put@2 (line 619)
                      ; - cpw.mods.cl.ModuleClassLoader::lambda$new$6@6 (line 66)
                      ; - cpw.mods.cl.ModuleClassLoader$$Lambda/0x0000014ed70c7db8::accept@12
                      ; - java.lang.Iterable::forEach@30 (line 75)
  0x0000014ebff984ec: 70ad 89ff 

  0x0000014ebff984f0: ;   {post_call_nop}
  0x0000014ebff984f0: 0f1f 8400 | 6812 0019 | bade ffff | ff48 8b2c | 244c 8b54 | 2428 4c89 | 1424 4c8b | 5424 104c 
  0x0000014ebff98510: 8954 2408 | 448b 5424 | 3044 8954 | 2428 6690 

  0x0000014ebff98520: ;   {runtime_call UncommonTrapBlob}
  0x0000014ebff98520: c5f8 77e8 

  0x0000014ebff98524: ; ImmutableOopMap {rbp=Oop [0]=Oop [8]=Oop [32]=Oop [40]=NarrowOop [96]=NarrowOop }
                      ;*checkcast {reexecute=0 rethrow=0 return_oop=0}
                      ; - cpw.mods.cl.ModuleClassLoader$$Lambda/0x0000014ed70c7db8::accept@9
                      ; - java.lang.Iterable::forEach@30 (line 75)
  0x0000014ebff98524: 38ad 89ff 

  0x0000014ebff98528: ;   {post_call_nop}
  0x0000014ebff98528: 0f1f 8400 | a012 001a | baf4 ffff | ff48 8b2c | 244c 8b54 | 2428 4c89 | 1424 4c8b | 5424 104c 
  0x0000014ebff98548: 8954 2408 | 4c8b 5424 | 204c 8954 | 2410 6690 

  0x0000014ebff98558: ;   {runtime_call UncommonTrapBlob}
  0x0000014ebff98558: c5f8 77e8 

  0x0000014ebff9855c: ; ImmutableOopMap {rbp=Oop [0]=Oop [8]=Oop [16]=Oop [48]=NarrowOop [96]=NarrowOop }
                      ;*checkcast {reexecute=0 rethrow=0 return_oop=0}
                      ; - cpw.mods.cl.ModuleClassLoader$$Lambda/0x0000014ed70c7db8::accept@9
                      ; - java.lang.Iterable::forEach@30 (line 75)
  0x0000014ebff9855c: 00ad 89ff 

  0x0000014ebff98560: ;   {post_call_nop}
  0x0000014ebff98560: 0f1f 8400 | d812 001b | baf6 ffff | ff48 8b2c | 244c 8b54 | 2428 4c89 | 1424 4c8b | 5424 104c 
  0x0000014ebff98580: 8954 2408 | 4c8b 5424 | 204c 8954 | 2410 4c89 | 7424 3090 

  0x0000014ebff98594: ;   {runtime_call UncommonTrapBlob}
  0x0000014ebff98594: c5f8 77e8 

  0x0000014ebff98598: ; ImmutableOopMap {rbp=Oop [0]=Oop [8]=Oop [16]=Oop [48]=Oop [96]=NarrowOop }
                      ;*invokevirtual lambda$new$6 {reexecute=0 rethrow=0 return_oop=0}
                      ; - cpw.mods.cl.ModuleClassLoader$$Lambda/0x0000014ed70c7db8::accept@12
                      ; - java.lang.Iterable::forEach@30 (line 75)
  0x0000014ebff98598: c4ac 89ff 

  0x0000014ebff9859c: ;   {post_call_nop}
  0x0000014ebff9859c: 0f1f 8400 | 1413 001c | baf6 ffff | ff48 8b2c | 244c 8b54 | 2428 4c89 | 1424 4c8b | 5424 104c 
  0x0000014ebff985bc: 8954 2408 | 4c8b 5424 | 204c 8954 | 2410 448b | 5424 3044 | 8954 2428 | 4c89 7424 | 304c 8974 
  0x0000014ebff985dc: 2438 4489 | 5c24 4090 

  0x0000014ebff985e4: ;   {runtime_call UncommonTrapBlob}
  0x0000014ebff985e4: c5f8 77e8 

  0x0000014ebff985e8: ; ImmutableOopMap {rbp=Oop [0]=Oop [8]=Oop [16]=Oop [40]=NarrowOop [48]=Oop [56]=Oop [64]=NarrowOop [96]=NarrowOop }
                      ;*invokeinterface put {reexecute=0 rethrow=0 return_oop=0}
                      ; - cpw.mods.cl.ModuleClassLoader::lambda$new$6@6 (line 66)
                      ; - cpw.mods.cl.ModuleClassLoader$$Lambda/0x0000014ed70c7db8::accept@12
                      ; - java.lang.Iterable::forEach@30 (line 75)
  0x0000014ebff985e8: 74ac 89ff 

  0x0000014ebff985ec: ;   {post_call_nop}
  0x0000014ebff985ec: 0f1f 8400 | 6413 001d | baf6 ffff | ff48 8b2c | 244c 8b54 | 2408 4c89 | 1424 4c89 | 5c24 1089 
  0x0000014ebff9860c: 5c24 1890 

  0x0000014ebff98610: ;   {runtime_call UncommonTrapBlob}
  0x0000014ebff98610: c5f8 77e8 

  0x0000014ebff98614: ; ImmutableOopMap {rbp=Oop [0]=Oop [16]=Oop }
                      ;*getfield elements {reexecute=1 rethrow=0 return_oop=0}
                      ; - (reexecute) java.util.ImmutableCollections$SetN$SetNIterator::next@16 (line 973)
                      ; - java.lang.Iterable::forEach@22 (line 74)
  0x0000014ebff98614: 48ac 89ff 

  0x0000014ebff98618: ;   {post_call_nop}
  0x0000014ebff98618: 0f1f 8400 | 9013 001e | baf6 ffff | ff48 8b2c | 244c 8b54 | 2408 4c89 | 1424 4c89 | 5c24 1089 
  0x0000014ebff98638: 5c24 1890 

  0x0000014ebff9863c: ;   {runtime_call UncommonTrapBlob}
  0x0000014ebff9863c: c5f8 77e8 

  0x0000014ebff98640: ; ImmutableOopMap {rbp=Oop [0]=Oop [16]=Oop }
                      ;*arraylength {reexecute=0 rethrow=0 return_oop=0}
                      ; - java.util.ImmutableCollections$SetN$SetNIterator::next@19 (line 973)
                      ; - java.lang.Iterable::forEach@22 (line 74)
  0x0000014ebff98640: 1cac 89ff 

  0x0000014ebff98644: ;   {post_call_nop}
  0x0000014ebff98644: 0f1f 8400 | bc13 001f | baf6 ffff | ff48 8b2c | 244c 8b54 | 2428 4c89 | 1424 4c8b | 5424 104c 
  0x0000014ebff98664: 8954 2408 | 4c8b 5424 | 204c 8954 | 2410 448b | 5c24 3044 | 895c 2428 | 448b 5424 | 604c 8974 
  0x0000014ebff98684: 2430 4c89 | 7424 4045 | 8bda 4489 | 5c24 4848 | 8974 2450 

  0x0000014ebff98698: ;   {runtime_call UncommonTrapBlob}
  0x0000014ebff98698: c5f8 77e8 

  0x0000014ebff9869c: ; ImmutableOopMap {rbp=Oop [0]=Oop [8]=Oop [16]=Oop [40]=NarrowOop [48]=Oop [64]=Oop [72]=NarrowOop [80]=Oop }
                      ;*arraylength {reexecute=0 rethrow=0 return_oop=0}
                      ; - java.lang.StringLatin1::hashCode@3 (line 306)
                      ; - java.lang.String::hashCode@27 (line 2445)
                      ; - java.util.HashMap::hash@9 (line 338)
                      ; - java.util.HashMap::put@2 (line 619)
                      ; - cpw.mods.cl.ModuleClassLoader::lambda$new$6@6 (line 66)
                      ; - cpw.mods.cl.ModuleClassLoader$$Lambda/0x0000014ed70c7db8::accept@12
                      ; - java.lang.Iterable::forEach@30 (line 75)
  0x0000014ebff9869c: c0ab 89ff 

  0x0000014ebff986a0: ;   {post_call_nop}
  0x0000014ebff986a0: 0f1f 8400 | 1814 0020 | baf6 ffff | ff48 8b2c | 2466 6690 

  0x0000014ebff986b4: ;   {runtime_call UncommonTrapBlob}
  0x0000014ebff986b4: c5f8 77e8 

  0x0000014ebff986b8: ; ImmutableOopMap {rbp=Oop [8]=Oop }
                      ;*invokeinterface hasNext {reexecute=0 rethrow=0 return_oop=0}
                      ; - java.lang.Iterable::forEach@13 (line 74)
  0x0000014ebff986b8: a4ab 89ff 

  0x0000014ebff986bc: ;   {post_call_nop}
  0x0000014ebff986bc: 0f1f 8400 | 3414 0021 | ba4d ffff | ff48 8b2c | 2466 6690 

  0x0000014ebff986d0: ;   {runtime_call UncommonTrapBlob}
  0x0000014ebff986d0: c5f8 77e8 

  0x0000014ebff986d4: ; ImmutableOopMap {rbp=Oop [8]=Oop }
                      ;*ifnonnull {reexecute=1 rethrow=0 return_oop=0}
                      ; - (reexecute) java.util.Objects::requireNonNull@1 (line 219)
                      ; - java.lang.Iterable::forEach@1 (line 73)
  0x0000014ebff986d4: 88ab 89ff 

  0x0000014ebff986d8: ;   {post_call_nop}
  0x0000014ebff986d8: 0f1f 8400 | 5014 0022 | baf6 ffff | ff48 8b2c | 244c 8b54 | 2428 4c89 | 1424 4c8b | 5424 104c 
  0x0000014ebff986f8: 8954 2408 | 4c8b 5424 | 204c 8954 | 2410 4c8b | 5424 384c | 8954 2420 | 448b 5c24 | 3044 895c 
  0x0000014ebff98718: 2428 448b | 5424 6044 | 8954 242c 

  0x0000014ebff98724: ;   {runtime_call UncommonTrapBlob}
  0x0000014ebff98724: c5f8 77e8 

  0x0000014ebff98728: ; ImmutableOopMap {rbp=Oop [0]=Oop [8]=Oop [16]=Oop [32]=Oop [40]=NarrowOop [44]=NarrowOop [64]=Oop }
                      ;*arraylength {reexecute=0 rethrow=0 return_oop=0}
                      ; - java.util.HashMap::putVal@26 (line 636)
                      ; - java.util.HashMap::put@9 (line 619)
                      ; - cpw.mods.cl.ModuleClassLoader::lambda$new$6@6 (line 66)
                      ; - cpw.mods.cl.ModuleClassLoader$$Lambda/0x0000014ed70c7db8::accept@12
                      ; - java.lang.Iterable::forEach@30 (line 75)
  0x0000014ebff98728: 34ab 89ff 

  0x0000014ebff9872c: ;   {post_call_nop}
  0x0000014ebff9872c: 0f1f 8400 | a414 0023 | e936 0000 | 00e9 3100 | 0000 6690 | e92a 0000 | 00e9 2500 | 0000 488b 
  0x0000014ebff9874c: d0e9 2000 | 0000 488b | d0e9 1800 | 0000 eb13 | eb11 488b | d0eb 0f48 | 8bd0 eb0a | 488b d0eb 
  0x0000014ebff9876c: 05eb 0048 | 8bd0 c5f8 | 7748 81c4 | e000 0000 

  0x0000014ebff9877c: ;   {runtime_call C2 Runtime rethrow}
  0x0000014ebff9877c: 5de9 de47 | 8aff 458b | 0349 c1e0 | 0349 83f8 | 000f 84a0 | eeff ff4d | 8b57 384d | 85d2 0f84 
  0x0000014ebff9879c: 1400 0000 | 4983 ea08 | 4d89 5738 | 4d03 5740 | 4d89 02e9 | 7fee ffff | 4883 ec30 | 4c89 5c24 
  0x0000014ebff987bc: 2848 894c | 2420 498b | c849 8bd7 

  0x0000014ebff987c8: ;   {runtime_call}
  0x0000014ebff987c8: 48b8 a070 | 49ac fc7f | 0000 ffd0 | 488b 4c24 | 204c 8b5c | 2428 c5f8 | 7748 83c4 | 30e9 49ee 
  0x0000014ebff987e8: ffff f083 | 4424 c000 | 4180 3a00 | 0f84 7bee | ffff 41c6 | 0200 4d8b | 4750 4d85 | c00f 8414 
  0x0000014ebff98808: 0000 0049 | 83e8 084d | 8947 504d | 0347 584d | 8910 e956 | eeff ff48 | 83ec 2049 | 8bca 498b 
  0x0000014ebff98828: ;   {runtime_call}
  0x0000014ebff98828: d748 b880 | 7049 acfc | 7f00 00ff | d0c5 f877 | 4883 c420 | e934 eeff | ff41 8b3a | 48c1 e703 
  0x0000014ebff98848: 4883 ff00 | 0f84 32ef | ffff 498b | 4f38 4885 | c90f 8414 | 0000 0048 | 83e9 0849 | 894f 3849 
  0x0000014ebff98868: 034f 4048 | 8939 e911 | efff ff48 | 83ec 504c | 8954 2448 | 4c89 5c24 | 404c 8944 | 2438 4c89 
  0x0000014ebff98888: 4c24 3048 | 8974 2428 | 4889 4424 | 2048 8bcf 

  0x0000014ebff98898: ;   {runtime_call}
  0x0000014ebff98898: 498b d748 | b8a0 7049 | acfc 7f00 | 00ff d048 | 8b44 2420 | 488b 7424 | 284c 8b4c | 2430 4c8b 
  0x0000014ebff988b8: 4424 384c | 8b5c 2440 | 4c8b 5424 | 48c5 f877 | 4883 c450 | e9b3 eeff | fff0 8344 | 24c0 0080 
  0x0000014ebff988d8: 3900 0f84 | dbee ffff | c601 0049 | 8b7f 5048 | 85ff 0f84 | 1400 0000 | 4883 ef08 | 4989 7f50 
  0x0000014ebff988f8: 4903 7f58 | 4889 0fe9 | b7ee ffff | 4883 ec40 | 4c89 5c24 | 384c 8944 | 2430 4c89 | 4c24 2848 
  0x0000014ebff98918: 8974 2420 

  0x0000014ebff9891c: ;   {runtime_call}
  0x0000014ebff9891c: 498b d748 | b880 7049 | acfc 7f00 | 00ff d048 | 8b74 2420 | 4c8b 4c24 | 284c 8b44 | 2430 4c8b 
  0x0000014ebff9893c: 5c24 38c5 | f877 4883 | c440 e970 | eeff ff41 | 8b3a 48c1 | e703 4883 | ff00 0f84 | 44f4 ffff 
  0x0000014ebff9895c: 498b 4f38 | 4885 c90f | 8414 0000 | 0048 83e9 | 0849 894f | 3849 034f | 4048 8939 | e923 f4ff 
  0x0000014ebff9897c: ff48 83ec | 604c 8954 | 2458 4c89 | 5c24 504c | 8944 2448 | 4c89 4c24 | 4048 8954 | 2438 4889 
  0x0000014ebff9899c: 7424 3048 | 8944 2428 | 488b cf49 

  0x0000014ebff989a8: ;   {runtime_call}
  0x0000014ebff989a8: 8bd7 48b8 | a070 49ac | fc7f 0000 | ffd0 488b | 4424 2848 | 8b74 2430 | 488b 5424 | 384c 8b4c 
  0x0000014ebff989c8: 2440 4c8b | 4424 484c | 8b5c 2450 | 4c8b 5424 | 58c5 f877 | 4883 c460 | e9bb f3ff | fff0 8344 
  0x0000014ebff989e8: 24c0 0080 | 3900 0f84 | e3f3 ffff | c601 0049 | 8b7f 5048 | 85ff 0f84 | 1400 0000 | 4883 ef08 
  0x0000014ebff98a08: 4989 7f50 | 4903 7f58 | 4889 0fe9 | bff3 ffff | 4883 ec50 | 4c89 5c24 | 484c 8944 | 2440 4c89 
  0x0000014ebff98a28: 4c24 3848 | 8954 2430 | 4889 7424 | 2849 8bd7 

  0x0000014ebff98a38: ;   {runtime_call}
  0x0000014ebff98a38: 48b8 8070 | 49ac fc7f | 0000 ffd0 | 488b 7424 | 2848 8b54 | 2430 4c8b | 4c24 384c | 8b44 2440 
  0x0000014ebff98a58: 4c8b 5c24 | 48c5 f877 | 4883 c450 | e96e f3ff 

  0x0000014ebff98a68: ;   {internal_word}
  0x0000014ebff98a68: ff49 ba50 | 7bf9 bf4e | 0100 004d | 8997 6004 

  0x0000014ebff98a78: ;   {runtime_call SafepointBlob}
  0x0000014ebff98a78: 0000 e961 

  0x0000014ebff98a7c: ;   {runtime_call StubRoutines (final stubs)}
  0x0000014ebff98a7c: d273 ffe8 | 7cce 71ff | e945 eaff | fff4 f4f4 | f4f4 f4f4 
[Stub Code]
  0x0000014ebff98a90: ;   {no_reloc}
  0x0000014ebff98a90: 48bb 0000 | 0000 0000 

  0x0000014ebff98a98: ;   {runtime_call nmethod}
  0x0000014ebff98a98: 0000 e9fb 

  0x0000014ebff98a9c: ;   {static_stub}
  0x0000014ebff98a9c: ffff ff48 | bb00 0000 | 0000 0000 

  0x0000014ebff98aa8: ;   {runtime_call nmethod}
  0x0000014ebff98aa8: 00e9 fbff 

  0x0000014ebff98aac: ;   {static_stub}
  0x0000014ebff98aac: ffff 48bb | 0000 0000 | 0000 0000 

  0x0000014ebff98ab8: ;   {runtime_call nmethod}
  0x0000014ebff98ab8: e9fb ffff 

  0x0000014ebff98abc: ;   {static_stub}
  0x0000014ebff98abc: ff48 bb00 | 0000 0000 

  0x0000014ebff98ac4: ;   {runtime_call nmethod}
  0x0000014ebff98ac4: 0000 00e9 | fbff ffff 
[Exception Handler]
  0x0000014ebff98acc: ;   {runtime_call ExceptionBlob}
  0x0000014ebff98acc: e98f aa89 | ffe8 0000 | 0000 4883 

  0x0000014ebff98ad8: ;   {runtime_call DeoptimizationBlob}
  0x0000014ebff98ad8: 2c24 05e9 | a0c7 73ff 
[/MachCode]


---------------  P R O C E S S  ---------------

Threads class SMR info:
_java_thread_list=0x0000014f1b801c00, length=25, elements={
0x0000014eaf75b1d0, 0x0000014ed2057080, 0x0000014ed205a7e0, 0x0000014ed205c8a0,
0x0000014ed205d9e0, 0x0000014ed2060720, 0x0000014ed20677b0, 0x0000014ed206bd30,
0x0000014ed51220f0, 0x0000014ed516e100, 0x0000014ed5297c50, 0x0000014ed53bf760,
0x0000014ed53e82b0, 0x0000014ed5569410, 0x0000014ed5ab2f30, 0x0000014ed5ab3890,
0x0000014ed5b40990, 0x0000014ed5615000, 0x0000014ed52fdd30, 0x0000014ed5c7af80,
0x0000014ed5301ad0, 0x0000014f1b7326f0, 0x0000014f1b88c060, 0x0000014f1b732e80,
0x0000014f1b733610
}

Java Threads: ( => current thread )
=>0x0000014eaf75b1d0 JavaThread "main"                              [_thread_in_native, id=3988, stack(0x000000025ca00000,0x000000025cb00000) (1024K)]
  0x0000014ed2057080 JavaThread "Reference Handler"          daemon [_thread_blocked, id=31528, stack(0x000000025d200000,0x000000025d300000) (1024K)]
  0x0000014ed205a7e0 JavaThread "Finalizer"                  daemon [_thread_blocked, id=13764, stack(0x000000025d300000,0x000000025d400000) (1024K)]
  0x0000014ed205c8a0 JavaThread "Signal Dispatcher"          daemon [_thread_blocked, id=32432, stack(0x000000025d400000,0x000000025d500000) (1024K)]
  0x0000014ed205d9e0 JavaThread "Attach Listener"            daemon [_thread_blocked, id=15168, stack(0x000000025d500000,0x000000025d600000) (1024K)]
  0x0000014ed2060720 JavaThread "Service Thread"             daemon [_thread_blocked, id=20968, stack(0x000000025d600000,0x000000025d700000) (1024K)]
  0x0000014ed20677b0 JavaThread "Monitor Deflation Thread"   daemon [_thread_blocked, id=28428, stack(0x000000025d700000,0x000000025d800000) (1024K)]
  0x0000014ed206bd30 JavaThread "C2 CompilerThread0"         daemon [_thread_blocked, id=14264, stack(0x000000025d800000,0x000000025d900000) (1024K)]
  0x0000014ed51220f0 JavaThread "C1 CompilerThread0"         daemon [_thread_blocked, id=28456, stack(0x000000025d900000,0x000000025da00000) (1024K)]
  0x0000014ed516e100 JavaThread "C1 CompilerThread1"         daemon [_thread_blocked, id=23920, stack(0x000000025da00000,0x000000025db00000) (1024K)]
  0x0000014ed5297c50 JavaThread "Common-Cleaner"             daemon [_thread_blocked, id=25296, stack(0x000000025db00000,0x000000025dc00000) (1024K)]
  0x0000014ed53bf760 JavaThread "C1 CompilerThread2"         daemon [_thread_blocked, id=3760, stack(0x000000025dc00000,0x000000025dd00000) (1024K)]
  0x0000014ed53e82b0 JavaThread "C1 CompilerThread3"         daemon [_thread_blocked, id=16572, stack(0x000000025dd00000,0x000000025de00000) (1024K)]
  0x0000014ed5569410 JavaThread "C2 CompilerThread1"         daemon [_thread_in_native, id=7404, stack(0x000000025de00000,0x000000025df00000) (1024K)]
  0x0000014ed5ab2f30 JavaThread "JDWP Transport Listener: dt_socket" daemon [_thread_blocked, id=2984, stack(0x000000025df00000,0x000000025e000000) (1024K)]
  0x0000014ed5ab3890 JavaThread "JDWP Event Helper Thread"   daemon [_thread_blocked, id=16780, stack(0x000000025e000000,0x000000025e100000) (1024K)]
  0x0000014ed5b40990 JavaThread "JDWP Command Reader"        daemon [_thread_in_native, id=30032, stack(0x000000025e100000,0x000000025e200000) (1024K)]
  0x0000014ed5615000 JavaThread "IntelliJ Suspend Helper"    daemon [_thread_blocked, id=21008, stack(0x000000025e200000,0x000000025e300000) (1024K)]
  0x0000014ed52fdd30 JavaThread "Notification Thread"        daemon [_thread_blocked, id=2260, stack(0x000000025e300000,0x000000025e400000) (1024K)]
  0x0000014ed5c7af80 JavaThread "C2 CompilerThread2"         daemon [_thread_blocked, id=31344, stack(0x000000025e400000,0x000000025e500000) (1024K)]
  0x0000014ed5301ad0 JavaThread "C2 CompilerThread3"         daemon [_thread_blocked, id=7432, stack(0x000000025e500000,0x000000025e600000) (1024K)]
  0x0000014f1b7326f0 JavaThread "C2 CompilerThread4"         daemon [_thread_in_native, id=19788, stack(0x000000025e600000,0x000000025e700000) (1024K)]
  0x0000014f1b88c060 JavaThread "C2 CompilerThread5"         daemon [_thread_blocked, id=31944, stack(0x000000025e700000,0x000000025e800000) (1024K)]
  0x0000014f1b732e80 JavaThread "C2 CompilerThread6"         daemon [_thread_blocked, id=15648, stack(0x000000025e800000,0x000000025e900000) (1024K)]
  0x0000014f1b733610 JavaThread "C2 CompilerThread7"         daemon [_thread_blocked, id=14524, stack(0x000000025e900000,0x000000025ea00000) (1024K)]
Total: 25

Other Threads:
  0x0000014ed204c140 VMThread "VM Thread"                           [id=21848, stack(0x000000025d100000,0x000000025d200000) (1024K)]
  0x0000014ed1f9c840 WatcherThread "VM Periodic Task Thread"        [id=22216, stack(0x000000025d000000,0x000000025d100000) (1024K)]
  0x0000014ed1ecfd90 WorkerThread "GC Thread#0"                     [id=24128, stack(0x000000025cb00000,0x000000025cc00000) (1024K)]
  0x0000014f1b815690 WorkerThread "GC Thread#1"                     [id=26388, stack(0x000000025ea00000,0x000000025eb00000) (1024K)]
  0x0000014f1b814070 WorkerThread "GC Thread#2"                     [id=20848, stack(0x000000025eb00000,0x000000025ec00000) (1024K)]
  0x0000014f1b814420 WorkerThread "GC Thread#3"                     [id=27128, stack(0x000000025ec00000,0x000000025ed00000) (1024K)]
  0x0000014f1b8147d0 WorkerThread "GC Thread#4"                     [id=23652, stack(0x000000025ed00000,0x000000025ee00000) (1024K)]
  0x0000014f1b815a40 WorkerThread "GC Thread#5"                     [id=6848, stack(0x000000025ee00000,0x000000025ef00000) (1024K)]
  0x0000014f1b814b80 WorkerThread "GC Thread#6"                     [id=19888, stack(0x000000025ef00000,0x000000025f000000) (1024K)]
  0x0000014f1c3f02b0 WorkerThread "GC Thread#7"                     [id=12156, stack(0x000000025f000000,0x000000025f100000) (1024K)]
  0x0000014f1c3f32a0 WorkerThread "GC Thread#8"                     [id=27348, stack(0x000000025f100000,0x000000025f200000) (1024K)]
  0x0000014f1c3f1520 WorkerThread "GC Thread#9"                     [id=12904, stack(0x000000025f200000,0x000000025f300000) (1024K)]
  0x0000014f1c3f3650 WorkerThread "GC Thread#10"                    [id=28052, stack(0x000000025f300000,0x000000025f400000) (1024K)]
  0x0000014f1c3f1170 WorkerThread "GC Thread#11"                    [id=24332, stack(0x000000025f400000,0x000000025f500000) (1024K)]
  0x0000014f1bb22db0 WorkerThread "GC Thread#12"                    [id=21824, stack(0x000000025f500000,0x000000025f600000) (1024K)]
  0x0000014f1bb23510 WorkerThread "GC Thread#13"                    [id=19336, stack(0x000000025f600000,0x000000025f700000) (1024K)]
  0x0000014f1bb23160 WorkerThread "GC Thread#14"                    [id=21888, stack(0x000000025f700000,0x000000025f800000) (1024K)]
  0x0000014eaf7dc670 ConcurrentGCThread "G1 Main Marker"            [id=30224, stack(0x000000025cc00000,0x000000025cd00000) (1024K)]
  0x0000014eaf7ddf40 WorkerThread "G1 Conc#0"                       [id=24288, stack(0x000000025cd00000,0x000000025ce00000) (1024K)]
  0x0000014f1bb20520 WorkerThread "G1 Conc#1"                       [id=11324, stack(0x000000025f800000,0x000000025f900000) (1024K)]
  0x0000014f1bb20170 WorkerThread "G1 Conc#2"                       [id=30660, stack(0x000000025f900000,0x000000025fa00000) (1024K)]
  0x0000014f1bb20c80 WorkerThread "G1 Conc#3"                       [id=24244, stack(0x000000025fa00000,0x000000025fb00000) (1024K)]
  0x0000014ed1f8d0d0 ConcurrentGCThread "G1 Refine#0"               [id=21892, stack(0x000000025ce00000,0x000000025cf00000) (1024K)]
  0x0000014ed1f8ea70 ConcurrentGCThread "G1 Service"                [id=3648, stack(0x000000025cf00000,0x000000025d000000) (1024K)]
Total: 24

Threads with active compile tasks:
C2 CompilerThread1  2801 4434       4       java.lang.invoke.MethodType::methodType (69 bytes)
C2 CompilerThread4  2801 4416       4       java.lang.invoke.MethodType::makeImpl (155 bytes)
Total: 2

VM state: not at safepoint (normal execution)

VM Mutex/Monitor currently owned by a thread: None

Heap address: 0x0000000601800000, size: 8168 MB, Compressed Oops mode: Zero based, Oop shift amount: 3

CDS archive(s) mapped at: [0x0000014ed6000000-0x0000014ed6d40000-0x0000014ed6d40000), size 13893632, SharedBaseAddress: 0x0000014ed6000000, ArchiveRelocationMode: 1.
Compressed class space mapped at: 0x0000014ed7000000-0x0000014f17000000, reserved size: 1073741824
UseCompressedClassPointers 1, UseCompactObjectHeaders 0
Narrow klass pointer bits 32, Max shift 3
Narrow klass base: 0x0000014ed6000000, Narrow klass shift: 0
Encoding Range: [0x0000014ed6000000 - 0x0000014fd6000000), (4294967296 bytes)
Klass Range:    [0x0000014ed6000000 - 0x0000014f17000000), (1090519040 bytes)
Klass ID Range:  [8 - 1090519033) (1090519025)

GC Precious Log:
 CardTable entry size: 512
 Card Set container configuration: InlinePtr #cards 4 size 8 Array Of Cards #cards 32 size 80 Howl #buckets 8 coarsen threshold 7372 Howl Bitmap #cards 1024 size 144 coarsen threshold 921 Card regions per heap region 1 cards per card region 8192
 CPUs: 20 total, 20 available
 Memory: 32664M
 Large Page Support: Disabled
 NUMA Support: Disabled
 Compressed Oops: Enabled (Zero based)
 Heap Region Size: 4M
 Heap Min Capacity: 8M
 Heap Initial Capacity: 512M
 Heap Max Capacity: 8168M
 Pre-touch: Disabled
 Parallel Workers: 15
 Concurrent Workers: 4
 Concurrent Refinement Workers: 15
 Periodic GC: Disabled

Heap:
 garbage-first heap   total reserved 8364032K, committed 139264K, used 41953K [0x0000000601800000, 0x0000000800000000)
  region size 4096K, 4 young (16384K), 2 survivors (8192K)
 Metaspace       used 21443K, committed 21824K, reserved 1114112K
  class space    used 1981K, committed 2176K, reserved 1048576K

Heap Regions: E=young(eden), S=young(survivor), O=old, HS=humongous(starts), HC=humongous(continues), CS=collection set, F=free, TAMS=top-at-mark-start, PB=parsable bottom
|   0|0x0000000601800000, 0x0000000601c00000, 0x0000000601c00000|100%| O|  |TAMS 0x0000000601800000| PB 0x0000000601800000| Untracked |  0
|   1|0x0000000601c00000, 0x0000000602000000, 0x0000000602000000|100%| O|  |TAMS 0x0000000601c00000| PB 0x0000000601c00000| Untracked |  0
|   2|0x0000000602000000, 0x0000000602400000, 0x0000000602400000|100%| O|  |TAMS 0x0000000602000000| PB 0x0000000602000000| Untracked |  0
|   3|0x0000000602400000, 0x0000000602800000, 0x0000000602800000|100%| O|  |TAMS 0x0000000602400000| PB 0x0000000602400000| Untracked |  0
|   4|0x0000000602800000, 0x0000000602c00000, 0x0000000602c00000|100%| O|  |TAMS 0x0000000602800000| PB 0x0000000602800000| Untracked |  0
|   5|0x0000000602c00000, 0x0000000603000000, 0x0000000603000000|100%| O|  |TAMS 0x0000000602c00000| PB 0x0000000602c00000| Untracked |  0
|   6|0x0000000603000000, 0x00000006033dc300, 0x0000000603400000| 96%| O|  |TAMS 0x0000000603000000| PB 0x0000000603000000| Untracked |  0
|   7|0x0000000603400000, 0x0000000603400000, 0x0000000603800000|  0%| F|  |TAMS 0x0000000603400000| PB 0x0000000603400000| Untracked |  0
|   8|0x0000000603800000, 0x0000000603800000, 0x0000000603c00000|  0%| F|  |TAMS 0x0000000603800000| PB 0x0000000603800000| Untracked |  0
|   9|0x0000000603c00000, 0x0000000603c00000, 0x0000000604000000|  0%| F|  |TAMS 0x0000000603c00000| PB 0x0000000603c00000| Untracked |  0
|  10|0x0000000604000000, 0x0000000604000000, 0x0000000604400000|  0%| F|  |TAMS 0x0000000604000000| PB 0x0000000604000000| Untracked |  0
|  11|0x0000000604400000, 0x0000000604400000, 0x0000000604800000|  0%| F|  |TAMS 0x0000000604400000| PB 0x0000000604400000| Untracked |  0
|  12|0x0000000604800000, 0x0000000604800000, 0x0000000604c00000|  0%| F|  |TAMS 0x0000000604800000| PB 0x0000000604800000| Untracked |  0
|  13|0x0000000604c00000, 0x0000000604c00000, 0x0000000605000000|  0%| F|  |TAMS 0x0000000604c00000| PB 0x0000000604c00000| Untracked |  0
|  14|0x0000000605000000, 0x0000000605000000, 0x0000000605400000|  0%| F|  |TAMS 0x0000000605000000| PB 0x0000000605000000| Untracked |  0
|  15|0x0000000605400000, 0x0000000605400000, 0x0000000605800000|  0%| F|  |TAMS 0x0000000605400000| PB 0x0000000605400000| Untracked |  0
|  16|0x0000000605800000, 0x0000000605800000, 0x0000000605c00000|  0%| F|  |TAMS 0x0000000605800000| PB 0x0000000605800000| Untracked |  0
|  17|0x0000000605c00000, 0x0000000605c00000, 0x0000000606000000|  0%| F|  |TAMS 0x0000000605c00000| PB 0x0000000605c00000| Untracked |  0
|  18|0x0000000606000000, 0x0000000606000000, 0x0000000606400000|  0%| F|  |TAMS 0x0000000606000000| PB 0x0000000606000000| Untracked |  0
|  19|0x0000000606400000, 0x0000000606400000, 0x0000000606800000|  0%| F|  |TAMS 0x0000000606400000| PB 0x0000000606400000| Untracked |  0
|  20|0x0000000606800000, 0x0000000606800000, 0x0000000606c00000|  0%| F|  |TAMS 0x0000000606800000| PB 0x0000000606800000| Untracked |  0
|  21|0x0000000606c00000, 0x0000000606c00000, 0x0000000607000000|  0%| F|  |TAMS 0x0000000606c00000| PB 0x0000000606c00000| Untracked |  0
|  22|0x0000000607000000, 0x0000000607000000, 0x0000000607400000|  0%| F|  |TAMS 0x0000000607000000| PB 0x0000000607000000| Untracked |  0
|  23|0x0000000607400000, 0x0000000607400000, 0x0000000607800000|  0%| F|  |TAMS 0x0000000607400000| PB 0x0000000607400000| Untracked |  0
|  24|0x0000000607800000, 0x0000000607800000, 0x0000000607c00000|  0%| F|  |TAMS 0x0000000607800000| PB 0x0000000607800000| Untracked |  0
|  25|0x0000000607c00000, 0x0000000607c00000, 0x0000000608000000|  0%| F|  |TAMS 0x0000000607c00000| PB 0x0000000607c00000| Untracked |  0
|  26|0x0000000608000000, 0x0000000608000000, 0x0000000608400000|  0%| F|  |TAMS 0x0000000608000000| PB 0x0000000608000000| Untracked |  0
|  27|0x0000000608400000, 0x0000000608400000, 0x0000000608800000|  0%| F|  |TAMS 0x0000000608400000| PB 0x0000000608400000| Untracked |  0
|  28|0x0000000608800000, 0x0000000608800000, 0x0000000608c00000|  0%| F|  |TAMS 0x0000000608800000| PB 0x0000000608800000| Untracked |  0
|  29|0x0000000608c00000, 0x0000000608e00000, 0x0000000609000000| 50%| E|  |TAMS 0x0000000608c00000| PB 0x0000000608c00000| Complete |  0
|  62|0x0000000611000000, 0x0000000611400000, 0x0000000611400000|100%| S|CS|TAMS 0x0000000611000000| PB 0x0000000611000000| Complete |  0
|  70|0x0000000613000000, 0x0000000613400000, 0x0000000613400000|100%| S|CS|TAMS 0x0000000613000000| PB 0x0000000613000000| Complete |  0
| 127|0x0000000621400000, 0x0000000621800000, 0x0000000621800000|100%| E|CS|TAMS 0x0000000621400000| PB 0x0000000621400000| Complete |  0
|2041|0x00000007ffc00000, 0x00000007ffd1c320, 0x0000000800000000| 27%| O|Cm|TAMS 0x00000007ffc00000| PB 0x00000007ffc00000| Complete |  0

Card table byte_map: [0x0000014ec8de0000,0x0000014ec9de0000] _byte_map_base: 0x0000014ec5dd4000

Marking Bits: (CMBitMap*) 0x0000014ed1ed03b0
 Bits: [0x0000014ec9de0000, 0x0000014ed1d80000)

Polling page: 0x0000014ead5d0000

Metaspace:

Usage:
  Non-class:     19.01 MB used.
      Class:      1.94 MB used.
       Both:     20.94 MB used.

Virtual space:
  Non-class space:       64.00 MB reserved,      19.19 MB ( 30%) committed,  1 nodes.
      Class space:        1.00 GB reserved,       2.12 MB ( <1%) committed,  1 nodes.
             Both:        1.06 GB reserved,      21.31 MB (  2%) committed. 

Chunk freelists:
   Non-Class:  12.59 MB
       Class:  13.91 MB
        Both:  26.51 MB

MaxMetaspaceSize: unlimited
CompressedClassSpaceSize: 1.00 GB
Initial GC threshold: 21.00 MB
Current GC threshold: 35.12 MB
CDS: on
 - commit_granule_bytes: 65536.
 - commit_granule_words: 8192.
 - virtual_space_node_default_size: 8388608.
 - enlarge_chunks_in_place: 1.
UseCompressedClassPointers 1, UseCompactObjectHeaders 0
Narrow klass pointer bits 32, Max shift 3
Narrow klass base: 0x0000014ed6000000, Narrow klass shift: 0
Encoding Range: [0x0000014ed6000000 - 0x0000014fd6000000), (4294967296 bytes)
Klass Range:    [0x0000014ed6000000 - 0x0000014f17000000), (1090519040 bytes)
Klass ID Range:  [8 - 1090519033) (1090519025)


Internal statistics:

num_allocs_failed_limit: 3.
num_arena_births: 348.
num_arena_deaths: 0.
num_vsnodes_births: 2.
num_vsnodes_deaths: 0.
num_space_committed: 341.
num_space_uncommitted: 0.
num_chunks_returned_to_freelist: 3.
num_chunks_taken_from_freelist: 764.
num_chunk_merges: 3.
num_chunk_splits: 470.
num_chunks_enlarged: 306.
num_inconsistent_stats: 0.

CodeHeap 'non-profiled nmethods': size=119232Kb used=2743Kb max_used=2743Kb free=116488Kb
 bounds [0x0000014ebfdc0000, 0x0000014ec0070000, 0x0000014ec7230000]
CodeHeap 'profiled nmethods': size=119104Kb used=7586Kb max_used=7586Kb free=111517Kb
 bounds [0x0000014eb8230000, 0x0000014eb89a0000, 0x0000014ebf680000]
CodeHeap 'non-nmethods': size=7424Kb used=3192Kb max_used=3249Kb free=4231Kb
 bounds [0x0000014ebf680000, 0x0000014ebf9c0000, 0x0000014ebfdc0000]
CodeCache: size=245760Kb, used=13521Kb, max_used=13578Kb, free=232236Kb
 total_blobs=5166, nmethods=4560, adapters=508, full_count=0
Compilation: enabled, stopped_count=0, restarted_count=0

Compilation events (20 events):
Event: 2.682 Thread 0x0000014ed51220f0 nmethod 4549 0x0000014eb8994d08 code [0x0000014eb8994e60, 0x0000014eb8995320]
Event: 2.682 Thread 0x0000014ed5301ad0 4552       4       jdk.internal.classfile.impl.StackMapGenerator$Frame::checkStack (96 bytes)
Event: 2.683 Thread 0x0000014f1b732e80 nmethod 4546 0x0000014ec006c508 code [0x0000014ec006c660, 0x0000014ec006cb58]
Event: 2.683 Thread 0x0000014ed53bf760 4556       3       java.lang.invoke.LambdaForm::create (95 bytes)
Event: 2.683 Thread 0x0000014ed53e82b0 4558       3       java.lang.invoke.LambdaForm::<init> (53 bytes)
Event: 2.683 Thread 0x0000014ed51220f0 4557       3       java.lang.invoke.LambdaForm::fixResult (31 bytes)
Event: 2.683 Thread 0x0000014ed516e100 4559       3       java.lang.invoke.InvokerBytecodeGenerator::generateCustomizedCode (34 bytes)
Event: 2.683 Thread 0x0000014ed51220f0 nmethod 4557 0x0000014eb8995388 code [0x0000014eb89954a0, 0x0000014eb8995668]
Event: 2.683 Thread 0x0000014ed53e82b0 nmethod 4558 0x0000014eb8995688 code [0x0000014eb89957a0, 0x0000014eb8995a88]
Event: 2.683 Thread 0x0000014ed51220f0 4560       3       java.lang.invoke.InvokerBytecodeGenerator::lookupPregenerated (294 bytes)
Event: 2.683 Thread 0x0000014ed516e100 nmethod 4559 0x0000014eb8995b08 code [0x0000014eb8995c60, 0x0000014eb8995f28]
Event: 2.683 Thread 0x0000014ed53bf760 nmethod 4556 0x0000014eb8995f88 code [0x0000014eb8996100, 0x0000014eb89966b0]
Event: 2.683 Thread 0x0000014f1b733610 4562       4       java.lang.invoke.MethodTypeForm::canonicalize (74 bytes)
Event: 2.684 Thread 0x0000014ed5301ad0 nmethod 4552 0x0000014ec006cf08 code [0x0000014ec006d040, 0x0000014ec006d530]
Event: 2.684 Thread 0x0000014ed51220f0 nmethod 4560 0x0000014eb8996708 code [0x0000014eb8996a00, 0x0000014eb8998588]
Event: 2.684 Thread 0x0000014ed206bd30 4563       4       jdk.internal.classfile.impl.StackMapGenerator$Frame::checkLocal (97 bytes)
Event: 2.684 Thread 0x0000014f1b733610 nmethod 4562 0x0000014ec006d588 code [0x0000014ec006d680, 0x0000014ec006d760]
Event: 2.686 Thread 0x0000014ed206bd30 nmethod 4563 0x0000014ec006d888 code [0x0000014ec006d9c0, 0x0000014ec006deb0]
Event: 2.688 Thread 0x0000014ed53e82b0 4564       3       jdk.internal.loader.NativeLibraries$NativeLibraryImpl::find (9 bytes)
Event: 2.688 Thread 0x0000014ed53e82b0 nmethod 4564 0x0000014eb8998608 code [0x0000014eb8998720, 0x0000014eb8998868]

GC Heap History (6 events):
Event: 0.565 GC heap before
{Heap before GC invocations=0 (full 0):
 garbage-first heap   total reserved 8364032K, committed 528384K, used 50288K [0x0000000601800000, 0x0000000800000000)
  region size 4096K, 12 young (49152K), 0 survivors (0K)
 Metaspace       used 5160K, committed 5312K, reserved 1114112K
  class space    used 401K, committed 448K, reserved 1048576K
}
Event: 0.568 GC heap after
{Heap after GC invocations=1 (full 0):
 garbage-first heap   total reserved 8364032K, committed 528384K, used 11649K [0x0000000601800000, 0x0000000800000000)
  region size 4096K, 2 young (8192K), 2 survivors (8192K)
 Metaspace       used 5160K, committed 5312K, reserved 1114112K
  class space    used 401K, committed 448K, reserved 1048576K
}
Event: 1.377 GC heap before
{Heap before GC invocations=1 (full 0):
 garbage-first heap   total reserved 8364032K, committed 528384K, used 236929K [0x0000000601800000, 0x0000000800000000)
  region size 4096K, 58 young (237568K), 2 survivors (8192K)
 Metaspace       used 7696K, committed 7936K, reserved 1114112K
  class space    used 605K, committed 704K, reserved 1048576K
}
Event: 1.384 GC heap after
{Heap after GC invocations=2 (full 0):
 garbage-first heap   total reserved 8364032K, committed 528384K, used 30990K [0x0000000601800000, 0x0000000800000000)
  region size 4096K, 7 young (28672K), 7 survivors (28672K)
 Metaspace       used 7696K, committed 7936K, reserved 1114112K
  class space    used 605K, committed 704K, reserved 1048576K
}
Event: 2.647 GC heap before
{Heap before GC invocations=2 (full 0):
 garbage-first heap   total reserved 8364032K, committed 528384K, used 260366K [0x0000000601800000, 0x0000000800000000)
  region size 4096K, 64 young (262144K), 7 survivors (28672K)
 Metaspace       used 21151K, committed 21504K, reserved 1114112K
  class space    used 1952K, committed 2112K, reserved 1048576K
}
Event: 2.654 GC heap after
{Heap after GC invocations=3 (full 0):
 garbage-first heap   total reserved 8364032K, committed 528384K, used 37857K [0x0000000601800000, 0x0000000800000000)
  region size 4096K, 2 young (8192K), 2 survivors (8192K)
 Metaspace       used 21151K, committed 21504K, reserved 1114112K
  class space    used 1952K, committed 2112K, reserved 1048576K
}

Dll operation events (12 events):
Event: 0.008 Loaded shared library C:\Program Files\Eclipse Adoptium\jdk-24.0.2.12-hotspot\bin\java.dll
Event: 0.009 Loaded shared library C:\Program Files\Eclipse Adoptium\jdk-24.0.2.12-hotspot\bin\zip.dll
Event: 0.028 Loaded shared library C:\Program Files\Eclipse Adoptium\jdk-24.0.2.12-hotspot\bin\jsvml.dll
Event: 0.116 Loaded shared library C:\Program Files\Eclipse Adoptium\jdk-24.0.2.12-hotspot\bin\net.dll
Event: 0.117 Loaded shared library C:\Program Files\Eclipse Adoptium\jdk-24.0.2.12-hotspot\bin\nio.dll
Event: 0.119 Loaded shared library C:\Program Files\Eclipse Adoptium\jdk-24.0.2.12-hotspot\bin\zip.dll
Event: 0.166 Loaded shared library C:\Program Files\Eclipse Adoptium\jdk-24.0.2.12-hotspot\bin\instrument.dll
Event: 0.213 Loaded shared library C:\Program Files\Eclipse Adoptium\jdk-24.0.2.12-hotspot\bin\jimage.dll
Event: 0.501 Loaded shared library C:\Program Files\Eclipse Adoptium\jdk-24.0.2.12-hotspot\bin\verify.dll
Event: 1.862 Loaded shared library C:\Program Files\Eclipse Adoptium\jdk-24.0.2.12-hotspot\bin\management.dll
Event: 1.864 Loaded shared library C:\Program Files\Eclipse Adoptium\jdk-24.0.2.12-hotspot\bin\management_ext.dll
Event: 2.669 Loaded shared library C:\Users\finba\AppData\Local\Temp\lwjglfinba\3.3.1-build-7\lwjgl.dll

Deoptimization events (20 events):
Event: 2.629 Thread 0x0000014eaf75b1d0 Uncommon trap: trap_request=0xffffffde fr.pc=0x0000014ec0055d1c relative=0x000000000000029c
Event: 2.629 Thread 0x0000014eaf75b1d0 Uncommon trap: reason=class_check action=maybe_recompile pc=0x0000014ec0055d1c method=java.nio.ByteBuffer.put(Ljava/nio/ByteBuffer;)Ljava/nio/ByteBuffer; @ 10 c2
Event: 2.629 Thread 0x0000014eaf75b1d0 DEOPT PACKING pc=0x0000014ec0055d1c sp=0x000000025cafe4a0
Event: 2.629 Thread 0x0000014eaf75b1d0 DEOPT UNPACKING pc=0x0000014ebf833302 sp=0x000000025cafe550 mode 2
Event: 2.629 Thread 0x0000014eaf75b1d0 Uncommon trap: trap_request=0xffffffde fr.pc=0x0000014ec0056798 relative=0x0000000000000158
Event: 2.629 Thread 0x0000014eaf75b1d0 Uncommon trap: reason=class_check action=maybe_recompile pc=0x0000014ec0056798 method=java.nio.ByteBuffer.putBuffer(ILjava/nio/ByteBuffer;II)V @ 33 c2
Event: 2.629 Thread 0x0000014eaf75b1d0 DEOPT PACKING pc=0x0000014ec0056798 sp=0x000000025cafe420
Event: 2.629 Thread 0x0000014eaf75b1d0 DEOPT UNPACKING pc=0x0000014ebf833302 sp=0x000000025cafe488 mode 2
Event: 2.667 Thread 0x0000014eaf75b1d0 DEOPT PACKING pc=0x0000014eb855e114 sp=0x000000025cafce40
Event: 2.667 Thread 0x0000014eaf75b1d0 DEOPT UNPACKING pc=0x0000014ebf6d5722 sp=0x000000025cafc318 mode 1
Event: 2.667 Thread 0x0000014eaf75b1d0 DEOPT PACKING pc=0x0000014eb85612d4 sp=0x000000025cafcf00
Event: 2.667 Thread 0x0000014eaf75b1d0 DEOPT UNPACKING pc=0x0000014ebf6d5722 sp=0x000000025cafc3e0 mode 1
Event: 2.667 Thread 0x0000014eaf75b1d0 DEOPT PACKING pc=0x0000014eb855dab4 sp=0x000000025cafcfe0
Event: 2.667 Thread 0x0000014eaf75b1d0 DEOPT UNPACKING pc=0x0000014ebf6d5722 sp=0x000000025cafc4c8 mode 1
Event: 2.673 Thread 0x0000014eaf75b1d0 DEOPT PACKING pc=0x0000014eb855e114 sp=0x000000025cafd9d0
Event: 2.673 Thread 0x0000014eaf75b1d0 DEOPT UNPACKING pc=0x0000014ebf6d5722 sp=0x000000025cafcea8 mode 1
Event: 2.673 Thread 0x0000014eaf75b1d0 DEOPT PACKING pc=0x0000014eb85612d4 sp=0x000000025cafda90
Event: 2.673 Thread 0x0000014eaf75b1d0 DEOPT UNPACKING pc=0x0000014ebf6d5722 sp=0x000000025cafcf70 mode 1
Event: 2.673 Thread 0x0000014eaf75b1d0 DEOPT PACKING pc=0x0000014eb855dab4 sp=0x000000025cafdb70
Event: 2.673 Thread 0x0000014eaf75b1d0 DEOPT UNPACKING pc=0x0000014ebf6d5722 sp=0x000000025cafd058 mode 1

Classes loaded (20 events):
Event: 2.676 Loading class java/nio/ShortBuffer
Event: 2.676 Loading class java/nio/ShortBuffer done
Event: 2.678 Loading class java/nio/DirectByteBuffer$Deallocator
Event: 2.678 Loading class java/nio/DirectByteBuffer$Deallocator done
Event: 2.679 Loading class java/nio/DirectShortBufferU
Event: 2.679 Loading class java/nio/DirectShortBufferU done
Event: 2.679 Loading class java/nio/DirectCharBufferU
Event: 2.679 Loading class java/nio/DirectCharBufferU done
Event: 2.679 Loading class java/nio/DirectFloatBufferU
Event: 2.679 Loading class java/nio/DirectFloatBufferU done
Event: 2.679 Loading class java/nio/DirectDoubleBufferU
Event: 2.679 Loading class java/nio/DirectDoubleBufferU done
Event: 2.685 Loading class java/nio/InvalidMarkException
Event: 2.685 Loading class java/nio/InvalidMarkException done
Event: 2.685 Loading class java/nio/BufferUnderflowException
Event: 2.685 Loading class java/nio/BufferUnderflowException done
Event: 2.687 Loading class org/lwjgl/system/MemoryStack
Event: 2.687 Loading class org/lwjgl/system/MemoryStack done
Event: 2.687 Loading class org/lwjgl/system/MemoryStack
Event: 2.687 Loading class org/lwjgl/system/MemoryStack done

Classes unloaded (0 events):
No events

Classes redefined (1 events):
Event: 0.184 Thread 0x0000014ed204c140 redefined class name=java.lang.Throwable, count=1

Internal exceptions (20 events):
Event: 2.588 Thread 0x0000014eaf75b1d0 Exception <a 'java/lang/NoSuchMethodError'{0x0000000613825520}: 'void java.lang.invoke.DirectMethodHandle$Holder.invokeStaticInit(java.lang.Object, java.lang.Object)'> (0x0000000613825520) 
thrown [s\src\hotspot\share\interpreter\linkResolver.cpp, line 805]
Event: 2.589 Thread 0x0000014eaf75b1d0 Exception <a 'java/lang/NoSuchMethodError'{0x000000061384a760}: 'java.lang.Object java.lang.invoke.DirectMethodHandle$Holder.invokeStaticInit(java.lang.Object, java.lang.Object, java.lang.Object, java.lang.Object)'> (0x000000061384a760) 
thrown [s\src\hotspot\share\interpreter\linkResolver.cpp, line 805]
Event: 2.589 Thread 0x0000014eaf75b1d0 Exception <a 'java/lang/IncompatibleClassChangeError'{0x0000000613859ef8}: Found class java.lang.Object, but interface was expected> (0x0000000613859ef8) 
thrown [s\src\hotspot\share\interpreter\linkResolver.cpp, line 872]
Event: 2.592 Thread 0x0000014eaf75b1d0 Exception <a 'java/lang/IncompatibleClassChangeError'{0x00000006138a7c28}: Found class java.lang.Object, but interface was expected> (0x00000006138a7c28) 
thrown [s\src\hotspot\share\interpreter\linkResolver.cpp, line 872]
Event: 2.615 Thread 0x0000014eaf75b1d0 Exception <a 'java/lang/NoSuchMethodError'{0x0000000613af1f78}: 'java.lang.Object java.lang.invoke.DirectMethodHandle$Holder.invokeVirtual(java.lang.Object, java.lang.Object, java.lang.Object)'> (0x0000000613af1f78) 
thrown [s\src\hotspot\share\interpreter\linkResolver.cpp, line 805]
Event: 2.631 Thread 0x0000014eaf75b1d0 Exception <a 'java/lang/NoSuchMethodError'{0x00000006134423e8}: 'java.lang.Object java.lang.invoke.DirectMethodHandle$Holder.invokeStatic(java.lang.Object, int, java.lang.Object, java.lang.Object, java.lang.Object, java.lang.Object)'> (0x00000006134423e8) 
thrown [s\src\hotspot\share\interpreter\linkResolver.cpp, line 805]
Event: 2.631 Thread 0x0000014eaf75b1d0 Exception <a 'java/lang/NoSuchMethodError'{0x0000000613452e60}: 'java.lang.Object java.lang.invoke.DirectMethodHandle$Holder.newInvokeSpecial(java.lang.Object, int, java.lang.Object, java.lang.Object)'> (0x0000000613452e60) 
thrown [s\src\hotspot\share\interpreter\linkResolver.cpp, line 805]
Event: 2.632 Thread 0x0000014eaf75b1d0 Exception <a 'java/lang/NoSuchMethodError'{0x000000061345b880}: 'java.lang.Object java.lang.invoke.DirectMethodHandle$Holder.invokeSpecial(java.lang.Object, java.lang.Object, int, java.lang.Object, java.lang.Object)'> (0x000000061345b880) 
thrown [s\src\hotspot\share\interpreter\linkResolver.cpp, line 805]
Event: 2.644 Thread 0x0000014eaf75b1d0 Exception <a 'java/lang/NoSuchMethodError'{0x00000006135ddce0}: 'void java.lang.System.load(java.lang.String, java.lang.Class)'> (0x00000006135ddce0) 
thrown [s\src\hotspot\share\interpreter\linkResolver.cpp, line 805]
Event: 2.646 Thread 0x0000014eaf75b1d0 Exception <a 'java/lang/NoSuchMethodError'{0x000000061360f250}: 'void java.lang.System.loadLibrary(java.lang.String, java.lang.Class)'> (0x000000061360f250) 
thrown [s\src\hotspot\share\interpreter\linkResolver.cpp, line 805]
Event: 2.667 Thread 0x0000014eaf75b1d0 Exception <a 'sun/nio/fs/WindowsException'{0x00000006215d7750}> (0x00000006215d7750) 
thrown [s\src\hotspot\share\prims\jni.cpp, line 518]
Event: 2.667 Thread 0x0000014eaf75b1d0 Exception <a 'sun/nio/fs/WindowsException'{0x00000006215d7ac0}> (0x00000006215d7ac0) 
thrown [s\src\hotspot\share\prims\jni.cpp, line 518]
Event: 2.673 Thread 0x0000014eaf75b1d0 Exception <a 'sun/nio/fs/WindowsException'{0x0000000608c5e080}> (0x0000000608c5e080) 
thrown [s\src\hotspot\share\prims\jni.cpp, line 518]
Event: 2.673 Thread 0x0000014eaf75b1d0 Exception <a 'sun/nio/fs/WindowsException'{0x0000000608c5e400}> (0x0000000608c5e400) 
thrown [s\src\hotspot\share\prims\jni.cpp, line 518]
Event: 2.681 Thread 0x0000014eaf75b1d0 Exception <a 'java/lang/NoSuchMethodError'{0x0000000608cfa330}: 'int java.lang.invoke.DirectMethodHandle$Holder.invokeStaticInit(java.lang.Object, java.lang.Object, int, long)'> (0x0000000608cfa330) 
thrown [s\src\hotspot\share\interpreter\linkResolver.cpp, line 805]
Event: 2.681 Thread 0x0000014eaf75b1d0 Exception <a 'java/lang/NoSuchMethodError'{0x0000000608d095f8}: 'java.lang.Object java.lang.invoke.DirectMethodHandle$Holder.newInvokeSpecial(java.lang.Object, java.lang.Object, int)'> (0x0000000608d095f8) 
thrown [s\src\hotspot\share\interpreter\linkResolver.cpp, line 805]
Event: 2.682 Thread 0x0000014eaf75b1d0 Exception <a 'java/lang/NoSuchMethodError'{0x0000000608d27270}: 'int java.lang.invoke.DirectMethodHandle$Holder.invokeStaticInit(java.lang.Object, java.lang.Object, long, long)'> (0x0000000608d27270) 
thrown [s\src\hotspot\share\interpreter\linkResolver.cpp, line 805]
Event: 2.683 Thread 0x0000014eaf75b1d0 Exception <a 'java/lang/NoSuchMethodError'{0x0000000608d366a0}: 'java.lang.Object java.lang.invoke.DirectMethodHandle$Holder.newInvokeSpecial(java.lang.Object, java.lang.Object, long)'> (0x0000000608d366a0) 
thrown [s\src\hotspot\share\interpreter\linkResolver.cpp, line 805]
Event: 2.683 Thread 0x0000014eaf75b1d0 Exception <a 'java/lang/NoSuchMethodError'{0x0000000608d3f2c8}: 'java.lang.Object java.lang.invoke.Invokers$Holder.linkToTargetMethod(java.lang.Object, long, java.lang.Object)'> (0x0000000608d3f2c8) 
thrown [s\src\hotspot\share\interpreter\linkResolver.cpp, line 805]
Event: 2.684 Thread 0x0000014eaf75b1d0 Exception <a 'java/lang/NoSuchMethodError'{0x0000000608d4f9b0}: 'int java.lang.invoke.DirectMethodHandle$Holder.invokeStaticInit(java.lang.Object, java.lang.Object, java.lang.Object, long)'> (0x0000000608d4f9b0) 
thrown [s\src\hotspot\share\interpreter\linkResolver.cpp, line 805]

VM Operations (20 events):
Event: 2.329 Executing VM operation: HandshakeAllThreads (Deoptimize)
Event: 2.329 Executing VM operation: HandshakeAllThreads (Deoptimize) done
Event: 2.361 Executing VM operation: HandshakeAllThreads (Deoptimize)
Event: 2.361 Executing VM operation: HandshakeAllThreads (Deoptimize) done
Event: 2.406 Executing VM operation: HandshakeAllThreads (Deoptimize)
Event: 2.406 Executing VM operation: HandshakeAllThreads (Deoptimize) done
Event: 2.407 Executing VM operation: HandshakeAllThreads (Deoptimize)
Event: 2.407 Executing VM operation: HandshakeAllThreads (Deoptimize) done
Event: 2.471 Executing VM operation: HandshakeAllThreads (Deoptimize)
Event: 2.471 Executing VM operation: HandshakeAllThreads (Deoptimize) done
Event: 2.488 Executing VM operation: HandshakeAllThreads (Deoptimize)
Event: 2.488 Executing VM operation: HandshakeAllThreads (Deoptimize) done
Event: 2.551 Executing VM operation: HandshakeAllThreads (Deoptimize)
Event: 2.551 Executing VM operation: HandshakeAllThreads (Deoptimize) done
Event: 2.647 Executing VM operation: CollectForMetadataAllocation (Metadata GC Threshold)
Event: 2.655 Executing VM operation: CollectForMetadataAllocation (Metadata GC Threshold) done
Event: 2.658 Executing VM operation: G1PauseRemark
Event: 2.660 Executing VM operation: G1PauseRemark done
Event: 2.662 Executing VM operation: G1PauseCleanup
Event: 2.662 Executing VM operation: G1PauseCleanup done

Memory protections (0 events):
No events

Nmethod flushes (0 events):
No events

Events (20 events):
Event: 0.027 Thread 0x0000014ed51220f0 Thread added: 0x0000014ed516e100
Event: 0.114 Thread 0x0000014eaf75b1d0 Thread added: 0x0000014ed5297c50
Event: 0.147 Thread 0x0000014ed51220f0 Thread added: 0x0000014ed53bf760
Event: 0.147 Thread 0x0000014ed51220f0 Thread added: 0x0000014ed53e82b0
Event: 0.149 Thread 0x0000014ed53bf760 Thread added: 0x0000014ed5569410
Event: 0.157 Thread 0x0000014eaf75b1d0 Thread added: 0x0000014ed5ab2f30
Event: 0.157 Thread 0x0000014eaf75b1d0 Thread added: 0x0000014ed5ab3890
Event: 0.157 Thread 0x0000014ed5ab2f30 Thread added: 0x0000014ed5b40990
Event: 0.187 Thread 0x0000014eaf75b1d0 Thread added: 0x0000014ed5615000
Event: 0.188 Thread 0x0000014eaf75b1d0 Thread added: 0x0000014ed52fdd30
Event: 0.260 Thread 0x0000014ed206bd30 Thread added: 0x0000014ed5c7af80
Event: 0.261 Thread 0x0000014ed5569410 Thread added: 0x0000014ed5301ad0
Event: 0.451 Thread 0x0000014ed5301ad0 Thread added: 0x0000014f1b7326f0
Event: 0.459 Thread 0x0000014ed5569410 Thread added: 0x0000014f1b88c060
Event: 0.464 Thread 0x0000014ed516e100 Thread added: 0x0000014f1b732e80
Event: 0.464 Thread 0x0000014ed516e100 Thread added: 0x0000014f1b733610
Event: 2.334 Thread 0x0000014eaf75b1d0 Thread added: 0x0000014f1ef19110
Event: 2.337 Thread 0x0000014f1ef19110 Thread exited: 0x0000014f1ef19110
Event: 2.345 Thread 0x0000014eaf75b1d0 Thread added: 0x0000014f1ef13950
Event: 2.347 Thread 0x0000014f1ef13950 Thread exited: 0x0000014f1ef13950


Dynamic libraries:
0x00007ff7854f0000 - 0x00007ff7854fe000 	C:\Program Files\Eclipse Adoptium\jdk-24.0.2.12-hotspot\bin\java.exe
0x00007ffd80330000 - 0x00007ffd80547000 	C:\WINDOWS\SYSTEM32\ntdll.dll
0x00007ffd7e4f0000 - 0x00007ffd7e5b4000 	C:\WINDOWS\System32\KERNEL32.DLL
0x00007ffd7d8c0000 - 0x00007ffd7dc93000 	C:\WINDOWS\System32\KERNELBASE.dll
0x00007ffd7de80000 - 0x00007ffd7df91000 	C:\WINDOWS\System32\ucrtbase.dll
0x00007ffd73a70000 - 0x00007ffd73a86000 	C:\Program Files\Eclipse Adoptium\jdk-24.0.2.12-hotspot\bin\jli.dll
0x00007ffd42050000 - 0x00007ffd4206e000 	C:\Program Files\Eclipse Adoptium\jdk-24.0.2.12-hotspot\bin\VCRUNTIME140.dll
0x00007ffd7fb10000 - 0x00007ffd7fcc2000 	C:\WINDOWS\System32\USER32.dll
0x00007ffd7dfa0000 - 0x00007ffd7dfc6000 	C:\WINDOWS\System32\win32u.dll
0x00007ffd59e00000 - 0x00007ffd5a09c000 	C:\WINDOWS\WinSxS\amd64_microsoft.windows.common-controls_6595b64144ccf1df_6.0.22621.5983_none_2714a6b37381578e\COMCTL32.dll
0x00007ffd80280000 - 0x00007ffd802a9000 	C:\WINDOWS\System32\GDI32.dll
0x00007ffd7d430000 - 0x00007ffd7d553000 	C:\WINDOWS\System32\gdi32full.dll
0x00007ffd7ed50000 - 0x00007ffd7edf7000 	C:\WINDOWS\System32\msvcrt.dll
0x00007ffd7dde0000 - 0x00007ffd7de7a000 	C:\WINDOWS\System32\msvcp_win.dll
0x00007ffd802b0000 - 0x00007ffd802e1000 	C:\WINDOWS\System32\IMM32.DLL
0x00007ffd73a60000 - 0x00007ffd73a6c000 	C:\Program Files\Eclipse Adoptium\jdk-24.0.2.12-hotspot\bin\vcruntime140_1.dll
0x00007ffd37b00000 - 0x00007ffd37b8d000 	C:\Program Files\Eclipse Adoptium\jdk-24.0.2.12-hotspot\bin\msvcp140.dll
0x00007ffcac140000 - 0x00007ffcacfac000 	C:\Program Files\Eclipse Adoptium\jdk-24.0.2.12-hotspot\bin\server\jvm.dll
0x00007ffd7eb10000 - 0x00007ffd7ebc1000 	C:\WINDOWS\System32\ADVAPI32.dll
0x00007ffd7e440000 - 0x00007ffd7e4e8000 	C:\WINDOWS\System32\sechost.dll
0x00007ffd7d810000 - 0x00007ffd7d838000 	C:\WINDOWS\System32\bcrypt.dll
0x00007ffd7fe30000 - 0x00007ffd7ff48000 	C:\WINDOWS\System32\RPCRT4.dll
0x00007ffd7fcd0000 - 0x00007ffd7fd41000 	C:\WINDOWS\System32\WS2_32.dll
0x00007ffd7c220000 - 0x00007ffd7c26d000 	C:\WINDOWS\SYSTEM32\POWRPROF.dll
0x00007ffd765c0000 - 0x00007ffd765f4000 	C:\WINDOWS\SYSTEM32\WINMM.dll
0x00007ffd75470000 - 0x00007ffd7547a000 	C:\WINDOWS\SYSTEM32\VERSION.dll
0x00007ffd7c200000 - 0x00007ffd7c213000 	C:\WINDOWS\SYSTEM32\UMPDC.dll
0x00007ffd7c4b0000 - 0x00007ffd7c4c8000 	C:\WINDOWS\SYSTEM32\kernel.appcore.dll
0x00007ffd3b930000 - 0x00007ffd3b93a000 	C:\Program Files\Eclipse Adoptium\jdk-24.0.2.12-hotspot\bin\jimage.dll
0x00007ffd73100000 - 0x00007ffd73333000 	C:\WINDOWS\SYSTEM32\DBGHELP.DLL
0x00007ffd7dfd0000 - 0x00007ffd7e361000 	C:\WINDOWS\System32\combase.dll
0x00007ffd7fd50000 - 0x00007ffd7fe28000 	C:\WINDOWS\System32\OLEAUT32.dll
0x00007ffd730c0000 - 0x00007ffd730f2000 	C:\WINDOWS\SYSTEM32\dbgcore.DLL
0x00007ffd7d840000 - 0x00007ffd7d8bb000 	C:\WINDOWS\System32\bcryptPrimitives.dll
0x00007ffd388a0000 - 0x00007ffd388dc000 	C:\Program Files\Eclipse Adoptium\jdk-24.0.2.12-hotspot\bin\jdwp.dll
0x00007ffd3b920000 - 0x00007ffd3b92f000 	C:\Program Files\Eclipse Adoptium\jdk-24.0.2.12-hotspot\bin\instrument.dll
0x00007ffd38880000 - 0x00007ffd3889e000 	C:\Program Files\Eclipse Adoptium\jdk-24.0.2.12-hotspot\bin\java.dll
0x00007ffd800e0000 - 0x00007ffd80280000 	C:\WINDOWS\System32\ole32.dll
0x00007ffd7f0a0000 - 0x00007ffd7f93e000 	C:\WINDOWS\System32\SHELL32.dll
0x00007ffd7d6d0000 - 0x00007ffd7d80f000 	C:\WINDOWS\System32\wintypes.dll
0x00007ffd37a60000 - 0x00007ffd37a77000 	C:\Program Files\Eclipse Adoptium\jdk-24.0.2.12-hotspot\bin\zip.dll
0x00007ffd7b2c0000 - 0x00007ffd7bbd8000 	C:\WINDOWS\SYSTEM32\windows.storage.dll
0x00007ffd7ebd0000 - 0x00007ffd7ecd4000 	C:\WINDOWS\System32\SHCORE.dll
0x00007ffd7ece0000 - 0x00007ffd7ed49000 	C:\WINDOWS\System32\shlwapi.dll
0x00007ffd7d360000 - 0x00007ffd7d385000 	C:\WINDOWS\SYSTEM32\profapi.dll
0x00007ffce9030000 - 0x00007ffce9107000 	C:\Program Files\Eclipse Adoptium\jdk-24.0.2.12-hotspot\bin\jsvml.dll
0x00007ffd3b910000 - 0x00007ffd3b920000 	C:\Program Files\Eclipse Adoptium\jdk-24.0.2.12-hotspot\bin\net.dll
0x00007ffd7c970000 - 0x00007ffd7c9d9000 	C:\WINDOWS\system32\mswsock.dll
0x00007ffd37a40000 - 0x00007ffd37a56000 	C:\Program Files\Eclipse Adoptium\jdk-24.0.2.12-hotspot\bin\nio.dll
0x00007ffd38870000 - 0x00007ffd3887c000 	C:\Program Files\Eclipse Adoptium\jdk-24.0.2.12-hotspot\bin\dt_socket.dll
0x00007ffd7bec0000 - 0x00007ffd7beed000 	C:\WINDOWS\SYSTEM32\IPHLPAPI.DLL
0x00007ffd38560000 - 0x00007ffd38570000 	C:\Program Files\Eclipse Adoptium\jdk-24.0.2.12-hotspot\bin\verify.dll
0x00007ffd379b0000 - 0x00007ffd379ba000 	C:\Program Files\Eclipse Adoptium\jdk-24.0.2.12-hotspot\bin\management.dll
0x00007ffd37030000 - 0x00007ffd3703b000 	C:\Program Files\Eclipse Adoptium\jdk-24.0.2.12-hotspot\bin\management_ext.dll
0x00007ffd7f060000 - 0x00007ffd7f068000 	C:\WINDOWS\System32\PSAPI.DLL
0x00007ffd55c20000 - 0x00007ffd55c37000 	C:\WINDOWS\system32\napinsp.dll
0x00007ffd55c00000 - 0x00007ffd55c1b000 	C:\WINDOWS\system32\pnrpnsp.dll
0x00007ffd7bef0000 - 0x00007ffd7bfe8000 	C:\WINDOWS\SYSTEM32\DNSAPI.dll
0x00007ffd7f050000 - 0x00007ffd7f059000 	C:\WINDOWS\System32\NSI.dll
0x00007ffd55be0000 - 0x00007ffd55bf1000 	C:\WINDOWS\System32\winrnr.dll
0x00007ffd75dc0000 - 0x00007ffd75dd5000 	C:\WINDOWS\system32\wshbth.dll
0x00007ffd55bb0000 - 0x00007ffd55bd1000 	C:\WINDOWS\system32\nlansp_c.dll
0x000000005cc70000 - 0x000000005cc96000 	C:\Program Files\Bonjour\mdnsNSP.dll
0x00007ffd783b0000 - 0x00007ffd783ba000 	C:\Windows\System32\rasadhlp.dll
0x00007ffd75ea0000 - 0x00007ffd75f24000 	C:\WINDOWS\System32\fwpuclnt.dll
0x00007ffd362c0000 - 0x00007ffd36335000 	C:\Users\finba\AppData\Local\Temp\lwjglfinba\3.3.1-build-7\lwjgl.dll
0x00007ffd339f0000 - 0x00007ffd33a51000 	C:\Users\finba\AppData\Local\Temp\lwjglfinba\3.3.1-build-7\glfw.dll

JVMTI agents:
jdwp path:C:\Program Files\Eclipse Adoptium\jdk-24.0.2.12-hotspot\bin\jdwp.dll, loaded, initialized, options:transport=dt_socket,server=n,suspend=y,address=127.0.0.1:63882
C:\Users\finba\AppData\Local\JetBrains\IdeaIC2025.1\captureAgent\debugger-agent.jar path:C:\Program Files\Eclipse Adoptium\jdk-24.0.2.12-hotspot\bin\instrument.dll, loaded, initialized, instrumentlib options:file:///C:/Users/finba/AppData/Local/Temp/capture5199792075410145069.props

dbghelp: loaded successfully - version: 4.0.5 - missing functions: none
symbol engine: initialized successfully - sym options: 0x614 - pdb path: .;C:\Program Files\Eclipse Adoptium\jdk-24.0.2.12-hotspot\bin;C:\WINDOWS\SYSTEM32;C:\WINDOWS\WinSxS\amd64_microsoft.windows.common-controls_6595b64144ccf1df_6.0.22621.5983_none_2714a6b37381578e;C:\Program Files\Eclipse Adoptium\jdk-24.0.2.12-hotspot\bin\server;C:\Program Files\Bonjour;C:\Users\finba\AppData\Local\Temp\lwjglfinba\3.3.1-build-7

VM Arguments:
jvm_args: -Ddebugger.agent.enable.coroutines=true -Dforge.enableGameTest=true -Dforge.enabledGameTestNamespaces=ash_hollow_requiem_of_the_dead -Dforge.logging.console.level=debug -Dforge.logging.markers=REGISTRIES -DignoreList=bootstraplauncher,securejarhandler,asm-commons,asm-util,asm-analysis,asm-tree,asm,JarJarFileSystems,client-extra,fmlcore,javafmllanguage,lowcodelanguage,mclanguage,forge- -Djava.net.preferIPv6Addresses=system -Dkotlinx.coroutines.debug.enable.creation.stack.trace=false -Dkotlinx.coroutines.debug.enable.flows.stack.trace=true -Dkotlinx.coroutines.debug.enable.mutable.state.flows.stack.trace=true -DlegacyClassPath.file=C:\Users\finba\OneDrive\Documents\research\Ash Hollow Requiem of the Dead\build\classpath\runClient_minecraftClasspath.txt -DmergeModules=jna-5.10.0.jar,jna-platform-5.10.0.jar -Dmixin.env.refMapRemappingFile=C:\Users\finba\OneDrive\Documents\research\Ash Hollow Requiem of the Dead\build\createSrgToMcp\output.srg -Dmixin.env.remapRefMap=true -Dnet.minecraftforge.gradle.GradleStart.srg.srg-mcp=C:\Users\finba\OneDrive\Documents\research\Ash Hollow Requiem of the Dead\build\createSrgToMcp\output.srg --module-path=C:\Users\finba\.gradle\caches\modules-2\files-2.1\cpw.mods\bootstraplauncher\1.1.2\c546e00443d8432cda6baa1c860346980742628\bootstraplauncher-1.1.2.jar;C:\Users\finba\.gradle\caches\modules-2\files-2.1\cpw.mods\securejarhandler\2.1.10\51e6a22c6c716beb11e244bf5b8be480f51dd6b5\securejarhandler-2.1.10.jar;C:\Users\finba\.gradle\caches\modules-2\files-2.1\org.ow2.asm\asm-commons\9.7.1\406c6a2225cfe1819f102a161e54cc16a5c24f75\asm-commons-9.7.1.jar;C:\Users\finba\.gradle\caches\modules-2\files-2.1\org.ow2.asm\asm-util\9.7.1\9e23359b598ec6b74b23e53110dd5c577adf2243\asm-util-9.7.1.jar;C:\Users\finba\.gradle\caches\modules-2\files-2.1\org.ow2.asm\asm-analysis\9.7.1\f97a3b319f0ed6a8cd944dc79060d3912a28985f\asm-analysis-9.7.1.jar;C:\Users\finba\.gradle\caches\modules-2\files-2.1\org.ow2.asm\asm-tree\9.7.1\3a53139787663b139de76b627fca0084ab60d32c\asm-tree-9.7.1.jar;C:\Users\finba\.gradle\caches\modules-2\files-2.1\org.ow2.asm\asm\9.7.1\f0ed132a49244b042cd0e15702ab9f2ce3cc8436\asm-9.7.1.jar;C:\Users\finba\.gradle\caches\modules-2\files-2.1\net.minecraftforge\JarJarFileSystems\0.3.19\2464eb7d6b9ddb9db36a82cf8a95193e5c6fe020\JarJarFileSystems-0.3.19.jar --add-modules=ALL-MODULE-PATH --add-opens=java.base/java.util.jar=cpw.mods.securejarhandler --add-opens=java.base/java.lang.invoke=cpw.mods.securejarhandler --add-exports=java.base/sun.security.util=cpw.mods.securejarhandler --add-exports=jdk.naming.dns/com.sun.jndi.dns=java.naming -XX:HeapDumpPath=MojangTricksIntelDriversForPerformance_javaw.exe_minecraft.exe.heapdump --module-path=C:\Users\finba\.gradle\caches\modules-2\files-2.1\cpw.mods\bootstraplauncher\1.1.2\c546e00443d8432cda6baa1c860346980742628\bootstraplauncher-1.1.2.jar;C:\Users\finba\.gradle\caches\modules-2\files-2.1\cpw.mods\securejarhandler\2.1.10\51e6a22c6c716beb11e244bf5b8be480f51dd6b5\securejarhandler-2.1.10.jar;C:\Users\finba\.gradle\caches\modules-2\files-2.1\org.ow2.asm\asm-commons\9.7.1\406c6a2225cfe1819f102a161e54cc16a5c24f75\asm-commons-9.7.1.jar;C:\Users\finba\.gradle\caches\modules-2\files-2.1\org.ow2.asm\asm-util\9.7.1\9e23359b598ec6b74b23e53110dd5c577adf2243\asm-util-9.7.1.jar;C:\Users\finba\.gradle\caches\modules-2\files-2.1\org.ow2.asm\asm-analysis\9.7.1\f97a3b319f0ed6a8cd944dc79060d3912a28985f\asm-analysis-9.7.1.jar;C:\Users\finba\.gradle\caches\modules-2\files-2.1\org.ow2.asm\asm-tree\9.7.1\3a53139787663b139de76b627fca0084ab60d32c\asm-tree-9.7.1.jar;C:\Users\finba\.gradle\caches\modules-2\files-2.1\org.ow2.asm\asm\9.7.1\f0ed132a49244b042cd0e15702ab9f2ce3cc8436\asm-9.7.1.jar;C:\Users\finba\.gradle\caches\modules-2\files-2.1\net.minecraftforge\JarJarFileSystems\0.3.19\2464eb7d6b9ddb9db36a82cf8a95193e5c6fe020\JarJarFileSystems-0.3.19.jar --add-modules=ALL-MODULE-PATH --add-opens=java.base/java.util.jar=cpw.mods.securejarhandler --add-opens=java.base/java.lang.invoke=cpw.mods.securejarhandler --add-exports=java.base/sun.security.util=cpw.mods.securejarhandler --add-exports=jdk.naming.dns/com.sun.jndi.dns=java.naming -XX:HeapDumpPath=MojangTricksIntelDriversForPerformance_javaw.exe_minecraft.exe.heapdump -agentlib:jdwp=transport=dt_socket,server=n,suspend=y,address=127.0.0.1:63882 -javaagent:C:\Users\finba\AppData\Local\JetBrains\IdeaIC2025.1\captureAgent\debugger-agent.jar=file:///C:/Users/finba/AppData/Local/Temp/capture5199792075410145069.props -Dfile.encoding=UTF-8 -Duser.country=GB -Duser.language=en -Duser.variant 
java_command: cpw.mods.bootstraplauncher.BootstrapLauncher --launchTarget forgeclientuserdev --version MOD_DEV --assetIndex 5 --assetsDir C:\Users\finba\.gradle\caches\forge_gradle\assets --gameDir . --fml.forgeVersion 47.4.0 --fml.mcVersion 1.20.1 --fml.forgeGroup net.minecraftforge --fml.mcpVersion 20230612.114412 --mixin.config ash_hollow_requiem_of_the_dead.mixins.json
java_class_path (initial): C:\Users\finba\OneDrive\Documents\research\Ash Hollow Requiem of the Dead\build\classes\java\main;C:\Users\finba\OneDrive\Documents\research\Ash Hollow Requiem of the Dead\build\resources\main;C:\Users\finba\.gradle\caches\forge_gradle\minecraft_user_repo\net\minecraftforge\forge\1.20.1-47.4.0_mapped_official_1.20.1\forge-1.20.1-47.4.0_mapped_official_1.20.1-recomp.jar;C:\Users\finba\.gradle\caches\forge_gradle\minecraft_repo\versions\1.20.1\client-extra.jar;C:\Users\finba\.gradle\caches\modules-2\files-2.1\net.minecraftforge\fmlearlydisplay\1.20.1-47.4.0\5a0c2d1a65a422bd0e64548e58b70f4d011ef788\fmlearlydisplay-1.20.1-47.4.0.jar;C:\Users\finba\.gradle\caches\modules-2\files-2.1\net.minecraftforge\javafmllanguage\1.20.1-47.4.0\f0c0b352173d0a378cbdcec9cfc4ba65899a721\javafmllanguage-1.20.1-47.4.0.jar;C:\Users\finba\.gradle\caches\modules-2\files-2.1\net.minecraftforge\lowcodelanguage\1.20.1-47.4.0\e862740d8c84d08dbfedea412bef88fe42e727c5\lowcodelanguage-1.20.1-47.4.0.jar;C:\Users\finba\.gradle\caches\modules-2\files-2.1\net.minecraftforge\mclanguage\1.20.1-47.4.0\5719b3a297a33f877ed5dde4cb4bd75c859096af\mclanguage-1.20.1-47.4.0.jar;C:\Users\finba\.gradle\caches\modules-2\files-2.1\net.minecraftforge\fmlcore\1.20.1-47.4.0\235975dafa4309945b59c56b53f31dc5b65a6051\fmlcore-1.20.1-47.4.0.jar;C:\Users\finba\.gradle\caches\modules-2\files-2.1\net.minecraftforge\fmlloader\1.20.1-47.4.0\350292a3c597f65d130e48b6e419a2b21cba2ac1\fmlloader-1.20.1-47.4.0.jar;C:\Users\finba\.gradle\caches\modules-2\files-2.1\net.minecraftforge\JarJarSelector\0.3.19\376cc9c8ea60720cf027c01fc033de915699801c\JarJarSelector-0.3.19.jar;C:\Users\finba\.gradle\caches\modules-2\files-2.1\net.minecraftforge\JarJarMetadata\0.3.19\83feaa9b770e6ac0e96ee4fc23fa89325c5fe2\JarJarMetadata-0.3.19.jar;C:\Users\finba\.gradle\caches\modules-2\files-2.1\com.google.guava\guava\31.1-jre\60458f877d055d0c9114d9e1a2efb737b4bc282c\guava-31.1-jre.jar;C:\Users\finba\.gradle\caches\modules-2\files-2.1\com.google.code.findbugs\jsr305\3.0.2\25ea2e8b0c338a877313bd4672d3fe056ea78f0d\jsr305-3.0.2.jar;C:\Users\finba\.gradle\caches\modules-2\files-2.1\ca.weblite\java-objc-bridge\1.1\1227f9e0666314f9de41477e3ec277e542ed7f7b\java-objc-bridge-1.1.jar;C:\Users\finba\.gradle\caches\modules-2\files-2.1\net.minecraftforge\forgespi\7.0.1\3b4972a0cdb135853dba219be61a79b22cff1309\forgespi-7.0.1.jar;C:\Users\finba\.gradle\caches\modules-2\files-2.1\net.minecraftforge\mergetool\1.1.5\f3da18e12c696d35a47c82cbb2cc8b5aa15e1154\mergetool-1.1.5-api.jar;C:\Users\finba\.gradle\caches\modules-2\files-2.1\org.jetbrains\annotations\24.0.1\13c5c75c4206580aa4d683bffee658caae6c9f43\annotations-24.0.1.jar;C:\Users\finba\.gradle\caches\forge_gradle\mcp_repo\net\minecraft\mapping\1.20.1\mapping-1.20.1-mapping.zip;C:\Users\finba\.gradle\caches\modules-2\files-2.1\net.minecraftforge\accesstransformers\8.0.4\272d240aa73f42195b2a68e2ebd8b701ecf41f63\accesstransformers-8.0.4.jar;C:\Users\finba\.gradle\caches\modules-2\files-2.1\net.minecraftforge\eventbus\6.0.5\699143dd438431d06b57416944f7cedbe52e1475\eventbus-6.0.5.jar;C:\Users\finba\.gradle\caches\modules-2\files-2.1\cpw.mods\modlauncher\10.0.9\6d9443f56f50bb85cea383686ff9c867391458b\modlauncher-10.0.9.jar;C:\Users\finba\.gradle\caches\modules-2\files-2.1\cpw.mods\bootstraplauncher\1.1.2\c546e00443d8432cda6baa1c860346980742628\bootstraplauncher-1.1.2.jar;C:\Users\finba\.gradle\caches\modules-2\files-2.1\cpw.mods\securejarhandler\2.1.10\51e6a22c6c716beb11e244bf5b8be480f51dd6b5\securejarhandler-2.1.10.jar;C:\Users\finba\.gradle\caches\modules-2\files-2.1\net.minecraftforge\coremods\5.2.4\e30bab269d896613e38396274711410b3a0e4b87\coremods-5.2.4.jar;C:\Users\finba\.gradle\caches\modules-2\files-2.1\org.openjdk.nashorn\nashorn-core\15.4\f67f5ffaa5f5130cf6fb9b133da00c7df3b532a5\nashorn-core-15.4.jar;C:\Users\finba\.gradle\caches\modules-2\files-2.1\org.ow2.asm\asm-commons\9.7.1\406c6a2225cfe1819f102a161e54cc16a5c24f75\asm-commons-9.7.1.jar;C:\Users\finba\.gradle\caches\modules-2\files-2.1\org.ow2.asm\asm-util\9.7.1\9e23359b598ec6b74b23e53110dd5c577adf2243\asm-util-9.7.1.jar;C:\Users\finba\.gradle\caches\modules-2\files-2.1\org.ow2.asm\asm-analysis\9.7.1\f97a3b319f0ed6a8cd944dc79060d3912a28985f\asm-analysis-9.7.1.jar;C:\Users\finba\.gradle\caches\modules-2\files-2.1\org.ow2.asm\asm-tree\9.7.1\3a53139787663b139de76b627fca0084ab60d32c\asm-tree-9.7.1.jar;C:\Users\finba\.gradle\caches\modules-2\files-2.1\org.ow2.asm\asm\9.7.1\f0ed132a49244b042cd0e15702ab9f2ce3cc8436\asm-9.7.1.jar;C:\Users\finba\.gradle\caches\modules-2\files-2.1\org.antlr\antlr4\4.9.1\e92af8ab33e428461927b484e90bb155a4f3a052\antlr4-4.9.1.jar;C:\Users\finba\.gradle\caches\modules-2\files-2.1\org.antlr\antlr4-runtime\4.9.1\428664f05d2b7f7b7610204b5aa7c1763f62011a\antlr4-runtime-4.9.1.jar;C:\Users\finba\.gradle\caches\modules-2\files-2.1\net.minecraftforge\unsafe\0.2.0\54d7a0a5e8fdb71b973025caa46f341ae5904f39\unsafe-0.2.0.jar;C:\Users\finba\.gradle\caches\modules-2\files-2.1\com.electronwill.night-config\toml\3.6.4\51d6cefb2b55ee55ee26b16391212fb2c7dfb4f4\toml-3.6.4.jar;C:\Users\finba\.gradle\caches\modules-2\files-2.1\com.electronwill.night-config\core\3.6.4\510f174abbf1c947494db50ef2445683bd52c230\core-3.6.4.jar;C:\Users\finba\.gradle\caches\modules-2\files-2.1\org.apache.maven\maven-artifact\3.8.5\4433f50c07debefaed0553bd0068f4f48d449313\maven-artifact-3.8.5.jar;C:\Users\finba\.gradle\caches\modules-2\files-2.1\net.jodah\typetools\0.6.3\a01aaa6ddaea9ec07ec4f209487b7a46a526283a\typetools-0.6.3.jar;C:\Users\finba\.gradle\caches\modules-2\files-2.1\net.minecrell\terminalconsoleappender\1.2.0\96d02cd3b384ff015a8fef4223bcb4ccf1717c95\terminalconsoleappender-1.2.0.jar;C:\Users\finba\.gradle\caches\modules-2\files-2.1\org.jline\jline-reader\3.12.1\4382ab1382c7b6f379377ed5f665dc2f6e1218bc\jline-reader-3.12.1.jar;C:\Users\finba\.gradle\caches\modules-2\files-2.1\org.jline\jline-terminal\3.12.1\c777448314e050d980a6b697c140f3bfe9eb7416\jline-terminal-3.12.1.jar;C:\Users\finba\.gradle\caches\modules-2\files-2.1\org.spongepowered\mixin\0.8.5\9d1c0c3a304ae6697ecd477218fa61b850bf57fc\mixin-0.8.5.jar;C:\Users\finba\.gradle\caches\modules-2\files-2.1\net.minecraftforge\JarJarFileSystems\0.3.19\2464eb7d6b9ddb9db36a82cf8a95193e5c6fe020\JarJarFileSystems-0.3.19.jar;C:\Users\finba\.gradle\caches\modules-2\files-2.1\com.github.oshi\oshi-core\6.2.2\54f5efc19bca95d709d9a37d19ffcbba3d21c1a6\oshi-core-6.2.2.jar;C:\Users\finba\.gradle\caches\modules-2\files-2.1\com.google.code.gson\gson\2.10\dd9b193aef96e973d5a11ab13cd17430c2e4306b\gson-2.10.jar;C:\Users\finba\.gradle\caches\modules-2\files-2.1\com.google.guava\failureaccess\1.0.1\1dcf1de382a0bf95a3d8b0849546c88bac1292c9\failureaccess-1.0.1.jar;C:\Users\finba\.gradle\caches\modules-2\files-2.1\com.ibm.icu\icu4j\71.1\9e7d3304c23f9ba5cb71915f7cce23231a57a445\icu4j-71.1.jar;C:\Users\finba\.gradle\caches\modules-2\files-2.1\com.mojang\authlib\4.0.43\2ff9d747a77570a07a60d32ac77eb6162ad2a2d9\authlib-4.0.43.jar;C:\Users\finba\.gradle\caches\modules-2\files-2.1\com.mojang\blocklist\1.0.10\5c685c5ffa94c4cd39496c7184c1d122e515ecef\blocklist-1.0.10.jar;C:\Users\finba\.gradle\caches\modules-2\files-2.1\com.mojang\brigadier\1.1.8\5244ce82c3337bba4a196a3ce858bfaecc74404a\brigadier-1.1.8.jar;C:\Users\finba\.gradle\caches\modules-2\files-2.1\com.mojang\datafixerupper\6.0.8\3ba4a30557a9b057760af4011f909ba619fc5125\datafixerupper-6.0.8.jar;C:\Users\finba\.gradle\caches\modules-2\files-2.1\com.mojang\logging\1.1.1\832b8e6674a9b325a5175a3a6267dfaf34c85139\logging-1.1.1.jar;C:\Users\finba\.gradle\caches\modules-2\files-2.1\com.mojang\patchy\2.2.10\da05971b07cbb379d002cf7eaec6a2048211fefc\patchy-2.2.10.jar;C:\Users\finba\.gradle\caches\modules-2\files-2.1\com.mojang\text2speech\1.17.9\3cad216e3a7f0c19b4b394388bc9ffc446f13b14\text2speech-1.17.9.jar;C:\Users\finba\.gradle\caches\modules-2\files-2.1\org.apache.httpcomponents\httpclient\4.5.13\e5f6cae5ca7ecaac1ec2827a9e2d65ae2869cada\httpclient-4.5.13.jar;C:\Users\finba\.gradle\caches\modules-2\files-2.1\commons-codec\commons-codec\1.15\49d94806b6e3dc933dacbd8acb0fdbab8ebd1e5d\commons-codec-1.15.jar;C:\Users\finba\.gradle\caches\modules-2\files-2.1\commons-io\commons-io\2.11.0\a2503f302b11ebde7ebc3df41daebe0e4eea3689\commons-io-2.11.0.jar;C:\Users\finba\.gradle\caches\modules-2\files-2.1\commons-logging\commons-logging\1.2\4bfc12adfe4842bf07b657f0369c4cb522955686\commons-logging-1.2.jar;C:\Users\finba\.gradle\caches\modules-2\files-2.1\io.netty\netty-handler\4.1.82.Final\644041d1fa96a5d3130a29e8978630d716d76e38\netty-handler-4.1.82.Final.jar;C:\Users\finba\.gradle\caches\modules-2\files-2.1\io.netty\netty-codec\4.1.82.Final\b77200379acb345a9ffdece1c605e591ac3e4e0a\netty-codec-4.1.82.Final.jar;C:\Users\finba\.gradle\caches\modules-2\files-2.1\io.netty\netty-transport-classes-epoll\4.1.82.Final\e7c7dd18deac93105797f30057c912651ea76521\netty-transport-classes-epoll-4.1.82.Final.jar;C:\Users\finba\.gradle\caches\modules-2\files-2.1\io.netty\netty-transport-native-unix-common\4.1.82.Final\3e895b35ca1b8a0eca56cacff4c2dde5d2c6abce\netty-transport-native-unix-common-4.1.82.Final.jar;C:\Users\finba\.gradle\caches\modules-2\files-2.1\io.netty\netty-transport\4.1.82.Final\e431a218d91acb6476ccad5f5aafde50aa3945ca\netty-transport-4.1.82.Final.jar;C:\Users\finba\.gradle\caches\modules-2\files-2.1\io.netty\netty-buffer\4.1.82.Final\a544270cf1ae8b8077082f5036436a9a9971ea71\netty-buffer-4.1.82.Final.jar;C:\Users\finba\.gradle\caches\modules-2\files-2.1\io.netty\netty-resolver\4.1.82.Final\38f665ae8dcd29032eea31245ba7806bed2e0fa8\netty-resolver-4.1.82.Final.jar;C:\Users\finba\.gradle\caches\modules-2\files-2.1\io.netty\netty-common\4.1.82.Final\22d148e85c3f5ebdacc0ce1f5aabb1d420f73f3\netty-common-4.1.82.Final.jar;C:\Users\finba\.gradle\caches\modules-2\files-2.1\it.unimi.dsi\fastutil\8.5.9\bb7ea75ecdb216654237830b3a96d87ad91f8cc5\fastutil-8.5.9.jar;C:\Users\finba\.gradle\caches\modules-2\files-2.1\net.java.dev.jna\jna-platform\5.12.1\97406a297c852f4a41e688a176ec675f72e8329\jna-platform-5.12.1.jar;C:\Users\finba\.gradle\caches\modules-2\files-2.1\net.java.dev.jna\jna\5.12.1\b1e93a735caea94f503e95e6fe79bf9cdc1e985d\jna-5.12.1.jar;C:\Users\finba\.gradle\caches\modules-2\files-2.1\net.sf.jopt-simple\jopt-simple\5.0.4\4fdac2fbe92dfad86aa6e9301736f6b4342a3f5c\jopt-simple-5.0.4.jar;C:\Users\finba\.gradle\caches\modules-2\files-2.1\org.apache.commons\commons-compress\1.21\4ec95b60d4e86b5c95a0e919cb172a0af98011ef\commons-compress-1.21.jar;C:\Users\finba\.gradle\caches\modules-2\files-2.1\org.apache.commons\commons-lang3\3.12.0\c6842c86792ff03b9f1d1fe2aab8dc23aa6c6f0e\commons-lang3-3.12.0.jar;C:\Users\finba\.gradle\caches\modules-2\files-2.1\org.apache.httpcomponents\httpcore\4.4.15\7f2e0c573eaa7a74bac2e89b359e1f73d92a0a1d\httpcore-4.4.15.jar;C:\Users\finba\.gradle\caches\modules-2\files-2.1\org.apache.logging.log4j\log4j-core\2.19.0\3b6eeb4de4c49c0fe38a4ee27188ff5fee44d0bb\log4j-core-2.19.0.jar;C:\Users\finba\.gradle\caches\modules-2\files-2.1\org.apache.logging.log4j\log4j-slf4j2-impl\2.19.0\5c04bfdd63ce9dceb2e284b81e96b6a70010ee10\log4j-slf4j2-impl-2.19.0.jar;C:\Users\finba\.gradle\caches\modules-2\files-2.1\org.apache.logging.log4j\log4j-api\2.19.0\ea1b37f38c327596b216542bc636cfdc0b8036fa\log4j-api-2.19.0.jar;C:\Users\finba\.gradle\caches\modules-2\files-2.1\org.joml\joml\1.10.5\22566d58af70ad3d72308bab63b8339906deb649\joml-1.10.5.jar;C:\Users\finba\.gradle\caches\modules-2\files-2.1\org.lwjgl\lwjgl-glfw\3.3.1\cbac1b8d30cb4795149c1ef540f912671a8616d0\lwjgl-glfw-3.3.1.jar;C:\Users\finba\.gradle\caches\modules-2\files-2.1\org.lwjgl\lwjgl-glfw\3.3.1\ed892f945cf7e79c8756796f32d00fa4ceaf573b\lwjgl-glfw-3.3.1-natives-windows.jar;C:\Users\finba\.gradle\caches\modules-2\files-2.1\org.lwjgl\lwjgl-glfw\3.3.1\beda65ee503443e60aa196d58ed31f8d001dc22a\lwjgl-glfw-3.3.1-natives-windows-arm64.jar;C:\Users\finba\.gradle\caches\modules-2\files-2.1\org.lwjgl\lwjgl-glfw\3.3.1\b997e3391d6ce8f05487e7335d95c606043884a1\lwjgl-glfw-3.3.1-natives-windows-x86.jar;C:\Users\finba\.gradle\caches\modules-2\files-2.1\org.lwjgl\lwjgl-jemalloc\3.3.1\a817bcf213db49f710603677457567c37d53e103\lwjgl-jemalloc-3.3.1.jar;C:\Users\finba\.gradle\caches\modules-2\files-2.1\org.lwjgl\lwjgl-jemalloc\3.3.1\948a89b76a16aa324b046ae9308891216ffce5f9\lwjgl-jemalloc-3.3.1-natives-windows.jar;C:\Users\finba\.gradle\caches\modules-2\files-2.1\org.lwjgl\lwjgl-jemalloc\3.3.1\cae85c4edb219c88b6a0c26a87955ad98dc9519d\lwjgl-jemalloc-3.3.1-natives-windows-arm64.jar;C:\Users\finba\.gradle\caches\modules-2\files-2.1\org.lwjgl\lwjgl-jemalloc\3.3.1\fb476c8ec110e1c137ad3ce8a7f7bfe6b11c6324\lwjgl-jemalloc-3.3.1-natives-windows-x86.jar;C:\Users\finba\.gradle\caches\modules-2\files-2.1\org.lwjgl\lwjgl-openal\3.3.1\2623a6b8ae1dfcd880738656a9f0243d2e6840bd\lwjgl-openal-3.3.1.jar;C:\Users\finba\.gradle\caches\modules-2\files-2.1\org.lwjgl\lwjgl-openal\3.3.1\30a474d0e57193d7bc128849a3ab66bc9316fdb1\lwjgl-openal-3.3.1-natives-windows.jar;C:\Users\finba\.gradle\caches\modules-2\files-2.1\org.lwjgl\lwjgl-openal\3.3.1\40d65f1a7368a2aa47336f9cb69f5a190cf9975a\lwjgl-openal-3.3.1-natives-windows-arm64.jar;C:\Users\finba\.gradle\caches\modules-2\files-2.1\org.lwjgl\lwjgl-openal\3.3.1\888349f7b1be6fbae58bf8edfb9ef12def04c4e3\lwjgl-openal-3.3.1-natives-windows-x86.jar;C:\Users\finba\.gradle\caches\modules-2\files-2.1\org.lwjgl\lwjgl-opengl\3.3.1\831a5533a21a5f4f81bbc51bb13e9899319b5411\lwjgl-opengl-3.3.1.jar;C:\Users\finba\.gradle\caches\modules-2\files-2.1\org.lwjgl\lwjgl-opengl\3.3.1\c1807e9bd571402787d7e37e3029776ae2513bb8\lwjgl-opengl-3.3.1-natives-windows.jar;C:\Users\finba\.gradle\caches\modules-2\files-2.1\org.lwjgl\lwjgl-opengl\3.3.1\527d78f1e9056aff3ed02ce93019c73c5e8f1721\lwjgl-opengl-3.3.1-natives-windows-arm64.jar;C:\Users\finba\.gradle\caches\modules-2\files-2.1\org.lwjgl\lwjgl-opengl\3.3.1\deef3eb9b178ff2ff3ce893cc72ae741c3a17974\lwjgl-opengl-3.3.1-natives-windows-x86.jar;C:\Users\finba\.gradle\caches\modules-2\files-2.1\org.lwjgl\lwjgl-stb\3.3.1\b119297cf8ed01f247abe8685857f8e7fcf5980f\lwjgl-stb-3.3.1.jar;C:\Users\finba\.gradle\caches\modules-2\files-2.1\org.lwjgl\lwjgl-stb\3.3.1\86315914ac119efdb02dc9e8e978ade84f1702af\lwjgl-stb-3.3.1-natives-windows.jar;C:\Users\finba\.gradle\caches\modules-2\files-2.1\org.lwjgl\lwjgl-stb\3.3.1\fde63cdd2605c00636721a6c8b961e41d1f6b247\lwjgl-stb-3.3.1-natives-windows-arm64.jar;C:\Users\finba\.gradle\caches\modules-2\files-2.1\org.lwjgl\lwjgl-stb\3.3.1\a8d41f419eecb430b7c91ea2ce2c5c451cae2091\lwjgl-stb-3.3.1-natives-windows-x86.jar;C:\Users\finba\.gradle\caches\modules-2\files-2.1\org.lwjgl\lwjgl-tinyfd\3.3.1\ff1914111ef2e3e0110ef2dabc8d8cdaad82347\lwjgl-tinyfd-3.3.1.jar;C:\Users\finba\.gradle\caches\modules-2\files-2.1\org.lwjgl\lwjgl-tinyfd\3.3.1\a5d830475ec0958d9fdba1559efa99aef211e6ff\lwjgl-tinyfd-3.3.1-natives-windows.jar;C:\Users\finba\.gradle\caches\modules-2\files-2.1\org.lwjgl\lwjgl-tinyfd\3.3.1\83a5e780df610829ff3a737822b4f931cffecd91\lwjgl-tinyfd-3.3.1-natives-windows-arm64.jar;C:\Users\finba\.gradle\caches\modules-2\files-2.1\org.lwjgl\lwjgl-tinyfd\3.3.1\842eedd876fae354abc308c98a263f6bbc9e8a4d\lwjgl-tinyfd-3.3.1-natives-windows-x86.jar;C:\Users\finba\.gradle\caches\modules-2\files-2.1\org.lwjgl\lwjgl\3.3.1\ae58664f88e18a9bb2c77b063833ca7aaec484cb\lwjgl-3.3.1.jar;C:\Users\finba\.gradle\caches\modules-2\files-2.1\org.lwjgl\lwjgl\3.3.1\36c37f16ab611b3aa11f3bcf80b1d509b4ce6b\lwjgl-3.3.1-natives-windows.jar;C:\Users\finba\.gradle\caches\modules-2\files-2.1\org.lwjgl\lwjgl\3.3.1\f46cadcf95675908fd3a550d63d9d709cb68998\lwjgl-3.3.1-natives-windows-arm64.jar;C:\Users\finba\.gradle\caches\modules-2\files-2.1\org.lwjgl\lwjgl\3.3.1\3b14f4beae9dd39791ec9e12190a9380cd8a3ce6\lwjgl-3.3.1-natives-windows-x86.jar;C:\Users\finba\.gradle\caches\modules-2\files-2.1\com.machinezoo.noexception\noexception\1.7.1\b65330c98e38a1f915fa54a6e5eca496505e3f0a\noexception-1.7.1.jar;C:\Users\finba\.gradle\caches\modules-2\files-2.1\org.slf4j\slf4j-simple\1.7.30\e606eac955f55ecf1d8edcccba04eb8ac98088dd\slf4j-simple-1.7.30.jar;C:\Users\finba\.gradle\caches\modules-2\files-2.1\org.slf4j\slf4j-api\2.0.1\f48d81adce2abf5ad3cfe463df517952749e03bc\slf4j-api-2.0.1.jar;C:\Users\finba\.gradle\caches\modules-2\files-2.1\net.minecraftforge\srgutils\0.4.11\fbad1341ffdb47d276bbdc40ecb06da49e053e74\srgutils-0.4.11.jar;C:\Users\finba\.gradle\caches\modules-2\files-2.1\org.codehaus.plexus\plexus-utils\3.3.0\cf43b5391de623b36fe066a21127baef82c64022\plexus-utils-3.3.0.jar;C:\Users\finba\.gradle\caches\modules-2\files-2.1\com.google.guava\listenablefuture\9999.0-empty-to-avoid-conflict-with-guava\b421526c5f297295adef1c886e5246c39d4ac629\listenablefuture-9999.0-empty-to-avoid-conflict-with-guava.jar;C:\Users\finba\.gradle\caches\modules-2\files-2.1\org.checkerframework\checker-qual\3.12.0\d5692f0526415fcc6de94bb5bfbd3afd9dd3b3e5\checker-qual-3.12.0.jar;C:\Users\finba\.gradle\caches\modules-2\files-2.1\com.google.errorprone\error_prone_annotations\2.11.0\c5a0ace696d3f8b1c1d8cc036d8c03cc0cbe6b69\error_prone_annotations-2.11.0.jar;C:\Users\finba\.gradle\caches\modules-2\files-2.1\com.google.j2objc\j2objc-annotations\1.3\ba035118bc8bac37d7eff77700720999acd9986d\j2objc-annotations-1.3.jar;C:\Users\finba\.gradle\caches\modules-2\files-2.1\org.antlr\ST4\4.3\92f2c1ad8d84abcbeead6cf7f2c53a04166293c2\ST4-4.3.jar;C:\Users\finba\.gradle\caches\modules-2\files-2.1\org.antlr\antlr-runtime\3.5.2\cd9cd41361c155f3af0f653009dcecb08d8b4afd\antlr-runtime-3.5.2.jar;C:\Users\finba\.gradle\caches\modules-2\files-2.1\org.abego.treelayout\org.abego.treelayout.core\1.0.3\457216e8e6578099ae63667bb1e4439235892028\org.abego.treelayout.core-1.0.3.jar;C:\Users\finba\.gradle\caches\modules-2\files-2.1\org.glassfish\javax.json\1.0.4\3178f73569fd7a1e5ffc464e680f7a8cc784b85a\javax.json-1.0.4.jar
Launcher Type: SUN_STANDARD

[Global flags]
     intx CICompilerCount                          = 12                                        {product} {ergonomic}
     uint ConcGCThreads                            = 4                                         {product} {ergonomic}
     uint G1ConcRefinementThreads                  = 15                                        {product} {ergonomic}
   size_t G1HeapRegionSize                         = 4194304                                   {product} {ergonomic}
    ccstr HeapDumpPath                             = MojangTricksIntelDriversForPerformance_javaw.exe_minecraft.exe.heapdump         {manageable} {command line}
   size_t InitialHeapSize                          = 536870912                                 {product} {ergonomic}
   size_t MarkStackSize                            = 4194304                                   {product} {ergonomic}
   size_t MarkStackSizeMax                         = 536870912                                 {product} {ergonomic}
   size_t MaxHeapSize                              = 8564768768                                {product} {ergonomic}
   size_t MaxNewSize                               = 5138022400                                {product} {ergonomic}
   size_t MinHeapDeltaBytes                        = 4194304                                   {product} {ergonomic}
   size_t MinHeapSize                              = 8388608                                   {product} {ergonomic}
    uintx NonNMethodCodeHeapSize                   = 7602176                                {pd product} {ergonomic}
    uintx NonProfiledCodeHeapSize                  = 122093568                              {pd product} {ergonomic}
    uintx ProfiledCodeHeapSize                     = 121962496                              {pd product} {ergonomic}
    uintx ReservedCodeCacheSize                    = 251658240                              {pd product} {ergonomic}
     bool SegmentedCodeCache                       = true                                      {product} {ergonomic}
   size_t SoftMaxHeapSize                          = 8564768768                             {manageable} {ergonomic}
     bool UseCompressedOops                        = true                           {product lp64_product} {ergonomic}
     bool UseG1GC                                  = true                                      {product} {ergonomic}
     bool UseLargePagesIndividualAllocation        = false                                  {pd product} {ergonomic}

Logging:
Log output configuration:
 #0: stdout all=warning uptime,level,tags foldmultilines=false
 #1: stderr all=off uptime,level,tags foldmultilines=false

Environment Variables:
JAVA_HOME=C:\Program Files\Eclipse Adoptium\jdk-22.0.2.9-hotspot\
PATH=C:\Program Files\Eclipse Adoptium\jdk-22.0.2.9-hotspot\bin;C:\Program Files\Eclipse Adoptium\jdk-24.0.2.12-hotspot\bin;C:\Program Files\Eclipse Adoptium\jdk-17.0.15.6-hotspot\bin;C:\Program Files\Common Files\Oracle\Java\javapath;C:\Program Files (x86)\Common Files\Oracle\Java\java8path;C:\Program Files (x86)\Common Files\Oracle\Java\javapath;C:\WINDOWS\system32;C:\WINDOWS;C:\WINDOWS\System32\Wbem;C:\WINDOWS\System32\WindowsPowerShell\v1.0\;C:\WINDOWS\System32\OpenSSH\;C:\Program Files (x86)\NVIDIA Corporation\PhysX\Common;C:\Program Files\dotnet\;C:\Users\finba\OneDrive\Documents\Program codes\Libary\Binary\apache-maven-3.9.5\bin;C:\Users\finba\OneDrive\Documents\Program codes\Libary\Source\apache-maven-3.9.5;C:\Program Files\Git LFS;D:\Git LFS;C:\Program Files\Microsoft SQL Server\150\Tools\Binn\;C:\Program Files\Microsoft SQL Server\Client SDK\ODBC\170\Tools\Binn\;C:\Program Files\NVIDIA Corporation\NVIDIA app\NvDLISR;C:\Program Files\Git\cmd;C:\Program Files (x86)\Incredibuild;C:\Program Files (x86)\Windows Kits\10\Windows Performance Toolkit\;C:\Users\finba\AppData\Local\Programs\Python\Python311\Scripts\;C:\Users\finba\AppData\Local\Programs\Python\Python311\;C:\Users\finba\AppData\Local\Programs\Python\Python313\Scripts\;C:\Users\finba\AppData\Local\Programs\Python\Python313\;C:\Users\finba\.console-ninja\.bin;C:\Users\finba\AppData\Local\Microsoft\WindowsApps;C:\Users\finba\AppData\Local\Programs\Microsoft VS Code\bin;C:\Users\finba\.dotnet\tools;C:\Users\finba\AppData\Local\GitHubDesktop\bin
USERNAME=finba
OS=Windows_NT
PROCESSOR_IDENTIFIER=Intel64 Family 6 Model 165 Stepping 5, GenuineIntel
TMP=C:\Users\finba\AppData\Local\Temp
TEMP=C:\Users\finba\AppData\Local\Temp




Periodic native trim disabled

---------------  S Y S T E M  ---------------

OS:
 Windows 11 , 64 bit Build 22621 (10.0.22621.5415)
OS uptime: 6 days 8:36 hours
Hyper-V role detected

CPU: total 20 (initial active 20) (10 cores per cpu, 2 threads per core) family 6 model 165 stepping 5 microcode 0xec, cx8, cmov, fxsr, ht, mmx, 3dnowpref, sse, sse2, sse3, ssse3, sse4.1, sse4.2, popcnt, lzcnt, tsc, tscinvbit, avx, avx2, aes, erms, clmul, bmi1, bmi2, adx, fma, vzeroupper, clflush, clflushopt, hv, rdtscp, f16c
Processor Information for the first 20 processors :
  Max Mhz: 3696, Current Mhz: 3696, Mhz Limit: 3696

Memory: 4k page, system-wide physical 32664M (9523M free)
TotalPageFile size 49577M (AvailPageFile size 22443M)
current process WorkingSet (physical memory assigned to process): 248M, peak: 482M
current process commit charge ("private bytes"): 397M, peak: 776M

vm_info: OpenJDK 64-Bit Server VM (24.0.2+12) for windows-amd64 JRE (24.0.2+12), built on 2025-07-15T00:00:00Z with MS VC++ 17.7 (VS2022)

END.
