#
# A fatal error has been detected by the Java Runtime Environment:
#
#  EXCEPTION_ACCESS_VIOLATION (0xc0000005) at pc=0x0000024698d311f8, pid=30276, tid=21140
#
# JRE version: OpenJDK Runtime Environment Temurin-24.0.2+12 (24.0.2+12) (build 24.0.2+12)
# Java VM: OpenJDK 64-Bit Server VM Temurin-24.0.2+12 (24.0.2+12, mixed mode, sharing, tiered, compressed oops, compressed class ptrs, g1 gc, windows-amd64)
# Problematic frame:
# C  0x0000024698d311f8
#
# No core dump will be written. Minidumps are not enabled by default on client versions of Windows
#
# If you would like to submit a bug report, please visit:
#   https://github.com/adoptium/adoptium-support/issues
# The crash happened outside the Java Virtual Machine in native code.
# See problematic frame for where to report the bug.
#

---------------  S U M M A R Y ------------

Command Line: -Ddebugger.agent.enable.coroutines=true -Dforge.enableGameTest=true -Dforge.enabledGameTestNamespaces=ash_hollow_requiem_of_the_dead -Dforge.logging.console.level=debug -Dforge.logging.markers=REGISTRIES -DignoreList=bootstraplauncher,securejarhandler,asm-commons,asm-util,asm-analysis,asm-tree,asm,JarJarFileSystems,client-extra,fmlcore,javafmllanguage,lowcodelanguage,mclanguage,forge- -Djava.net.preferIPv6Addresses=system -Dkotlinx.coroutines.debug.enable.creation.stack.trace=false -Dkotlinx.coroutines.debug.enable.flows.stack.trace=true -Dkotlinx.coroutines.debug.enable.mutable.state.flows.stack.trace=true -DlegacyClassPath.file=C:\Users\finba\OneDrive\Documents\research\Ash Hollow Requiem of the Dead\build\classpath\runClient_minecraftClasspath.txt -DmergeModules=jna-5.10.0.jar,jna-platform-5.10.0.jar -Dmixin.env.refMapRemappingFile=C:\Users\finba\OneDrive\Documents\research\Ash Hollow Requiem of the Dead\build\createSrgToMcp\output.srg -Dmixin.env.remapRefMap=true -Dnet.minecraftforge.gradle.GradleStart.srg.srg-mcp=C:\Users\finba\OneDrive\Documents\research\Ash Hollow Requiem of the Dead\build\createSrgToMcp\output.srg --module-path=C:\Users\finba\.gradle\caches\modules-2\files-2.1\cpw.mods\bootstraplauncher\1.1.2\c546e00443d8432cda6baa1c860346980742628\bootstraplauncher-1.1.2.jar;C:\Users\finba\.gradle\caches\modules-2\files-2.1\cpw.mods\securejarhandler\2.1.10\51e6a22c6c716beb11e244bf5b8be480f51dd6b5\securejarhandler-2.1.10.jar;C:\Users\finba\.gradle\caches\modules-2\files-2.1\org.ow2.asm\asm-commons\9.7.1\406c6a2225cfe1819f102a161e54cc16a5c24f75\asm-commons-9.7.1.jar;C:\Users\finba\.gradle\caches\modules-2\files-2.1\org.ow2.asm\asm-util\9.7.1\9e23359b598ec6b74b23e53110dd5c577adf2243\asm-util-9.7.1.jar;C:\Users\finba\.gradle\caches\modules-2\files-2.1\org.ow2.asm\asm-analysis\9.7.1\f97a3b319f0ed6a8cd944dc79060d3912a28985f\asm-analysis-9.7.1.jar;C:\Users\finba\.gradle\caches\modules-2\files-2.1\org.ow2.asm\asm-tree\9.7.1\3a53139787663b139de76b627fca0084ab60d32c\asm-tree-9.7.1.jar;C:\Users\finba\.gradle\caches\modules-2\files-2.1\org.ow2.asm\asm\9.7.1\f0ed132a49244b042cd0e15702ab9f2ce3cc8436\asm-9.7.1.jar;C:\Users\finba\.gradle\caches\modules-2\files-2.1\net.minecraftforge\JarJarFileSystems\0.3.19\2464eb7d6b9ddb9db36a82cf8a95193e5c6fe020\JarJarFileSystems-0.3.19.jar --add-modules=ALL-MODULE-PATH --add-opens=java.base/java.util.jar=cpw.mods.securejarhandler --add-opens=java.base/java.lang.invoke=cpw.mods.securejarhandler --add-exports=java.base/sun.security.util=cpw.mods.securejarhandler --add-exports=jdk.naming.dns/com.sun.jndi.dns=java.naming -XX:HeapDumpPath=MojangTricksIntelDriversForPerformance_javaw.exe_minecraft.exe.heapdump --module-path=C:\Users\finba\.gradle\caches\modules-2\files-2.1\cpw.mods\bootstraplauncher\1.1.2\c546e00443d8432cda6baa1c860346980742628\bootstraplauncher-1.1.2.jar;C:\Users\finba\.gradle\caches\modules-2\files-2.1\cpw.mods\securejarhandler\2.1.10\51e6a22c6c716beb11e244bf5b8be480f51dd6b5\securejarhandler-2.1.10.jar;C:\Users\finba\.gradle\caches\modules-2\files-2.1\org.ow2.asm\asm-commons\9.7.1\406c6a2225cfe1819f102a161e54cc16a5c24f75\asm-commons-9.7.1.jar;C:\Users\finba\.gradle\caches\modules-2\files-2.1\org.ow2.asm\asm-util\9.7.1\9e23359b598ec6b74b23e53110dd5c577adf2243\asm-util-9.7.1.jar;C:\Users\finba\.gradle\caches\modules-2\files-2.1\org.ow2.asm\asm-analysis\9.7.1\f97a3b319f0ed6a8cd944dc79060d3912a28985f\asm-analysis-9.7.1.jar;C:\Users\finba\.gradle\caches\modules-2\files-2.1\org.ow2.asm\asm-tree\9.7.1\3a53139787663b139de76b627fca0084ab60d32c\asm-tree-9.7.1.jar;C:\Users\finba\.gradle\caches\modules-2\files-2.1\org.ow2.asm\asm\9.7.1\f0ed132a49244b042cd0e15702ab9f2ce3cc8436\asm-9.7.1.jar;C:\Users\finba\.gradle\caches\modules-2\files-2.1\net.minecraftforge\JarJarFileSystems\0.3.19\2464eb7d6b9ddb9db36a82cf8a95193e5c6fe020\JarJarFileSystems-0.3.19.jar --add-modules=ALL-MODULE-PATH --add-opens=java.base/java.util.jar=cpw.mods.securejarhandler --add-opens=java.base/java.lang.invoke=cpw.mods.securejarhandler --add-exports=java.base/sun.security.util=cpw.mods.securejarhandler --add-exports=jdk.naming.dns/com.sun.jndi.dns=java.naming -XX:HeapDumpPath=MojangTricksIntelDriversForPerformance_javaw.exe_minecraft.exe.heapdump -agentlib:jdwp=transport=dt_socket,server=n,suspend=y,address=127.0.0.1:63835 -javaagent:C:\Users\finba\AppData\Local\JetBrains\IdeaIC2025.1\captureAgent\debugger-agent.jar=file:///C:/Users/finba/AppData/Local/Temp/capture9811919764417146366.props -Dfile.encoding=UTF-8 -Duser.country=GB -Duser.language=en -Duser.variant cpw.mods.bootstraplauncher.BootstrapLauncher --launchTarget forgeclientuserdev --version MOD_DEV --assetIndex 5 --assetsDir C:\Users\finba\.gradle\caches\forge_gradle\assets --gameDir . --fml.forgeVersion 47.4.0 --fml.mcVersion 1.20.1 --fml.forgeGroup net.minecraftforge --fml.mcpVersion 20230612.114412 --mixin.config ash_hollow_requiem_of_the_dead.mixins.json

Host: Intel(R) Core(TM) i9-10900KF CPU @ 3.70GHz, 20 cores, 31G,  Windows 11 , 64 bit Build 22621 (10.0.22621.5415)
Time: Fri Oct  3 22:16:51 2025 W. Europe Summer Time elapsed time: 3.135133 seconds (0d 0h 0m 3s)

---------------  T H R E A D  ---------------

Current thread (0x0000024627c65e70):  JavaThread "main"             [_thread_in_native, id=21140, stack(0x000000da53500000,0x000000da53600000) (1024K)]

Stack: [0x000000da53500000,0x000000da53600000],  sp=0x000000da535fdf68,  free space=1015k
Native frames: (J=compiled Java code, j=interpreted, Vv=VM code, C=native code)
C  0x0000024698d311f8  (no source info available)

Java frames: (J=compiled Java code, j=interpreted, Vv=VM code)
j  org.lwjgl.glfw.GLFW.glfwInit()Z+0 org.lwjgl.glfw@3.3.1+7
j  net.minecraftforge.fml.earlydisplay.DisplayWindow.initWindow(Ljava/lang/String;)V+4 fmlearlydisplay@1.20.1-47.4.0
j  net.minecraftforge.fml.earlydisplay.DisplayWindow.start(Ljava/lang/String;Ljava/lang/String;)Ljava/lang/Runnable;+14 fmlearlydisplay@1.20.1-47.4.0
j  net.minecraftforge.fml.earlydisplay.DisplayWindow.initialize([Ljava/lang/String;)Ljava/lang/Runnable;+402 fmlearlydisplay@1.20.1-47.4.0
j  net.minecraftforge.fml.loading.ImmediateWindowHandler.load(Ljava/lang/String;[Ljava/lang/String;)V+180 fmlloader@1.20.1-47.4.0
j  net.minecraftforge.fml.loading.ModDirTransformerDiscoverer.earlyInitialization(Ljava/lang/String;[Ljava/lang/String;)V+2 fmlloader@1.20.1-47.4.0
j  cpw.mods.modlauncher.TransformationServicesHandler.lambda$discoverServices$18(Lcpw/mods/modlauncher/ArgumentHandler$DiscoveryData;Lcpw/mods/modlauncher/serviceapi/ITransformerDiscoveryService;)V+9 cpw.mods.modlauncher@10.0.9
j  cpw.mods.modlauncher.TransformationServicesHandler$$Lambda+0x0000024651201960.accept(Ljava/lang/Object;)V+8 cpw.mods.modlauncher@10.0.9
J 3103 c2 java.lang.Iterable.forEach(Ljava/util/function/Consumer;)V java.base@24.0.2 (39 bytes) @ 0x000002463a83c558 [0x000002463a83bb20+0x0000000000000a38]
j  cpw.mods.modlauncher.TransformationServicesHandler.discoverServices(Lcpw/mods/modlauncher/ArgumentHandler$DiscoveryData;)V+145 cpw.mods.modlauncher@10.0.9
j  cpw.mods.modlauncher.Launcher.run([Ljava/lang/String;)V+14 cpw.mods.modlauncher@10.0.9
j  cpw.mods.modlauncher.Launcher.main([Ljava/lang/String;)V+78 cpw.mods.modlauncher@10.0.9
j  cpw.mods.modlauncher.BootstrapLaunchConsumer.accept([Ljava/lang/String;)V+1 cpw.mods.modlauncher@10.0.9
j  cpw.mods.modlauncher.BootstrapLaunchConsumer.accept(Ljava/lang/Object;)V+5 cpw.mods.modlauncher@10.0.9
j  cpw.mods.bootstraplauncher.BootstrapLauncher.main([Ljava/lang/String;)V+515 cpw.mods.bootstraplauncher@1.1.2
v  ~StubRoutines::call_stub 0x0000024639f00fcd

siginfo: EXCEPTION_ACCESS_VIOLATION (0xc0000005), data execution prevention violation at address 0x0000024698d311f8


Registers:
RAX=0x0000024698ceb520, RBX=0x000002464c8d2cf0, RCX=0x0000024627c66238, RDX=0x000002464c8d2cf0
RSP=0x000000da535fdf68, RBP=0x0000000000000002, RSI=0x0000024627c66238, RDI=0x000000da535fe010
R8 =0x0000000000010002, R9 =0x0000000000000000, R10=0x00007ffd73a70000, R11=0x000000da535fdf38
R12=0x0000000000000000, R13=0x000002464c8d2cf0, R14=0x00007ffd37a70500, R15=0x0000000000000007
RIP=0x0000024698d311f8, EFLAGS=0x0000000000010206

XMM[0]=0x0000000000000000 0x0000000000000000
XMM[1]=0x0000000000000000 0x0000000000000000
XMM[2]=0x0000000000000000 0x0000000000000000
XMM[3]=0x0000000000000000 0x0000000000000000
XMM[4]=0x0000000000000000 0x0000000000000000
XMM[5]=0x0000000000000000 0x0000000000000000
XMM[6]=0x0000000000000000 0x0000000000000064
XMM[7]=0x0000000000000000 0x000000000000000a
XMM[8]=0x0000000000000000 0x000000000000006d
XMM[9]=0x0000000000000000 0x0000000000000dbf
XMM[10]=0x0000000000000000 0x0000000000000000
XMM[11]=0x0000000000000000 0x0000000000000000
XMM[12]=0x0000000000000000 0x0000000000000000
XMM[13]=0x0000000000000000 0x00000000f7b13611
XMM[14]=0x0000000000000000 0xb8679ac41529a4fb
XMM[15]=0x0000000000000000 0x0000000000000011
  MXCSR=0x00001fa0


Register to memory mapping:

RAX=0x0000024698ceb520 points into unknown readable memory: 0x0000000000000000 | 00 00 00 00 00 00 00 00
RBX=0x000002464c8d2cf0 points into unknown readable memory: 0x0000000601dd8fa8 | a8 8f dd 01 06 00 00 00
RCX=0x0000024627c66238 points into unknown readable memory: 0x0000024698ceb520 | 20 b5 ce 98 46 02 00 00
RDX=0x000002464c8d2cf0 points into unknown readable memory: 0x0000000601dd8fa8 | a8 8f dd 01 06 00 00 00
RSP=0x000000da535fdf68 is pointing into the stack for thread: 0x0000024627c65e70
RBP=0x0000000000000002 is an unknown value
RSI=0x0000024627c66238 points into unknown readable memory: 0x0000024698ceb520 | 20 b5 ce 98 46 02 00 00
RDI=0x000000da535fe010 is pointing into the stack for thread: 0x0000024627c65e70
R8 =0x0000000000010002 is an unknown value
R9 =0x0 is null
R10=0x00007ffd73a70000 VCRUNTIME140.dll
R11=0x000000da535fdf38 is pointing into the stack for thread: 0x0000024627c65e70
R12=0x0 is null
R13=0x000002464c8d2cf0 points into unknown readable memory: 0x0000000601dd8fa8 | a8 8f dd 01 06 00 00 00
R14=0x00007ffd37a70500 jdwp.dll
R15=0x0000000000000007 is an unknown value

Top of Stack: (sp=0x000000da535fdf68)
0x000000da535fdf68:   00007ffd37a567af 000002464c8d2cf0   .g.7.....,.LF...
0x000000da535fdf78:   0000024627c66238 0000000000000000   8b.'F...........
0x000000da535fdf88:   0000000000000000 0000000000000000   ................
0x000000da535fdf98:   00007ffcace27c00 0000024627c40d58   .|......X..'F...
0x000000da535fdfa8:   00007ffd37a70580 0000024627c66468   ...7....hd.'F...
0x000000da535fdfb8:   00007ffd37a52c6b 000002464c8d2cf0   k,.7.....,.LF...
0x000000da535fdfc8:   0000000000000002 0000024627c66238   ........8b.'F...
0x000000da535fdfd8:   000002464c8d2cf8 000002464c8dc120   .,.LF... ..LF...
0x000000da535fdfe8:   00007ffcac4029f8 0000000000000246   .)@.....F.......
0x000000da535fdff8:   000000da535fe180 000000da535fe2a0   .._S......_S....
0x000000da535fe008:   0000024627c65e70 0000000000000007   p^.'F...........
0x000000da535fe018:   000002464c8d2cf0 0000000000000000   .,.LF...........
0x000000da535fe028:   000002464c8d2cf8 0000000000000000   .,.LF...........
0x000000da535fe038:   0000000000000000 0000000000000000   ................
0x000000da535fe048:   0000000000000000 0000000000000000   ................
0x000000da535fe058:   0000000000000000 0000000000000000   ................
0x000000da535fe068:   0000024627c66468 0000024651210e30   hd.'F...0.!QF...
0x000000da535fe078:   00007ffcac71bc47 000002464c8d2cf8   G.q......,.LF...
0x000000da535fe088:   000002464fab5f70 0000024627c65e70   p_.OF...p^.'F...
0x000000da535fe098:   00000000000003d8 0000000000000000   ................
0x000000da535fe0a8:   0000024629fd3250 000000da535fe240   P2.)F...@._S....
0x000000da535fe0b8:   0000000000000005 0000024627c65e70   ........p^.'F...
0x000000da535fe0c8:   0000024692366120 0000e1d7449576b6    a6.F....v.D....
0x000000da535fe0d8:   000002465065e238 0000024627c41b10   8.ePF......'F...
0x000000da535fe0e8:   0000024627c665b0 0000024627c665c0   .e.'F....e.'F...
0x000000da535fe0f8:   0000024627c66998 00000000000003d8   .i.'F...........
0x000000da535fe108:   0000024627c65e70 0000024627c65e70   p^.'F...p^.'F...
0x000000da535fe118:   0000024627c41c10 0000024627c669a0   ...'F....i.'F...
0x000000da535fe128:   0000024627c669b8 0000024627c66a88   .i.'F....j.'F...
0x000000da535fe138:   00000000000000d8 000000da535fe150   ........P._S....
0x000000da535fe148:   00007ffcac83e243 0000024627c65e70   C.......p^.'F...
0x000000da535fe158:   0000024627c41c10 0000024627c669a0   ...'F....i.'F...

Instructions: (pc=0x0000024698d311f8)
  0x0000024698d310f8:   70 20 d3 98 46 02 00 00 70 20 d3 98 46 02 00 00
  0x0000024698d31108:   10 28 d3 98 46 02 00 00 a8 9b bc ac fc 7f 00 00
  0x0000024698d31118:   50 11 d3 98 46 02 00 00 d8 11 d3 98 46 02 00 00
  0x0000024698d31128:   02 00 00 00 02 00 00 00 01 00 00 00 04 00 00 00
  0x0000024698d31138:   57 16 00 00 00 01 00 00 00 00 00 00 00 00 00 00
  0x0000024698d31148:   04 00 00 00 00 00 00 00 00 00 00 00 00 00 00 00
  0x0000024698d31158:   40 10 d3 98 46 02 00 00 10 11 d3 98 46 02 00 00
  0x0000024698d31168:   80 11 d3 98 46 02 00 00 00 00 00 00 00 00 00 00
  0x0000024698d31178:   00 00 00 00 00 00 00 00 88 0e c2 ac fc 7f 00 00
  0x0000024698d31188:   00 9b 90 98 46 02 00 00 40 12 d3 98 46 02 00 00
  0x0000024698d31198:   03 00 00 00 04 00 00 00 02 00 00 00 04 00 00 00
  0x0000024698d311a8:   18 11 00 00 15 00 00 00 00 00 00 00 00 00 00 00
  0x0000024698d311b8:   2e 86 10 3f 00 64 d1 46 00 00 00 00 00 00 00 00
  0x0000024698d311c8:   d8 05 4f 99 46 02 00 00 10 11 d3 98 46 02 00 00
  0x0000024698d311d8:   80 11 d3 98 46 02 00 00 00 00 00 00 00 00 00 00
  0x0000024698d311e8:   00 00 00 00 00 00 00 00 00 00 00 00 00 00 00 00
=>0x0000024698d311f8:   e8 f8 bc ac fc 7f 00 00 38 12 d3 98 46 02 00 00
  0x0000024698d31208:   c0 15 d3 98 46 02 00 00 01 00 00 00 01 00 00 00
  0x0000024698d31218:   01 00 00 00 04 00 00 00 db 11 00 00 c8 00 00 00
  0x0000024698d31228:   40 00 00 00 00 00 00 00 01 00 00 00 00 00 00 00
  0x0000024698d31238:   80 11 d3 98 46 02 00 00 f8 11 d3 98 46 02 00 00
  0x0000024698d31248:   60 12 d3 98 46 02 00 00 90 1f a5 97 46 02 00 00
  0x0000024698d31258:   00 00 00 00 00 00 00 00 b8 f9 bc ac fc 7f 00 00
  0x0000024698d31268:   a0 12 d3 98 46 02 00 00 28 15 d3 98 46 02 00 00
  0x0000024698d31278:   01 00 00 00 01 00 00 00 01 00 00 00 04 00 00 00
  0x0000024698d31288:   ef 0b 00 00 48 01 00 00 40 00 00 00 00 00 00 00
  0x0000024698d31298:   00 00 00 00 00 00 00 00 80 11 d3 98 46 02 00 00
  0x0000024698d312a8:   f8 1e c6 ac fc 7f 00 00 e0 12 d3 98 46 02 00 00
  0x0000024698d312b8:   08 15 d3 98 46 02 00 00 1b 00 00 00 20 00 00 00
  0x0000024698d312c8:   01 00 00 00 04 00 00 00 65 09 00 00 80 00 00 00
  0x0000024698d312d8:   00 00 00 00 00 00 00 00 00 00 00 00 00 00 00 00
  0x0000024698d312e8:   88 53 08 95 46 02 00 00 e0 34 d3 98 46 02 00 00


Stack slot to memory mapping:

stack at sp + 0 slots: 0x00007ffd37a567af jdwp.dll
stack at sp + 1 slots: 0x000002464c8d2cf0 points into unknown readable memory: 0x0000000601dd8fa8 | a8 8f dd 01 06 00 00 00
stack at sp + 2 slots: 0x0000024627c66238 points into unknown readable memory: 0x0000024698ceb520 | 20 b5 ce 98 46 02 00 00
stack at sp + 3 slots: 0x0 is null
stack at sp + 4 slots: 0x0 is null
stack at sp + 5 slots: 0x0 is null
stack at sp + 6 slots: 0x00007ffcace27c00 jvm.dll
stack at sp + 7 slots: 0x0000024627c40d58 points into unknown readable memory: 0x8000001500000001 | 01 00 00 00 15 00 00 80

Lock stack of current Java thread (top to bottom):
LockStack[0]: [I 
{0x0000000609a173c0} - klass: {type array int} - flags: is_cloneable_fast 

 - length: 0


Compiled method (c2) 3214 3103       4       java.lang.Iterable::forEach (39 bytes)
 total in heap  [0x000002463a83b908,0x000002463a83d398] = 6800
 relocation     [0x000002463a83b9e0,0x000002463a83bb10] = 304
 main code      [0x000002463a83bb20,0x000002463a83d260] = 5952
 stub code      [0x000002463a83d260,0x000002463a83d2b0] = 80
 oops           [0x000002463a83d2b0,0x000002463a83d2b8] = 8
 metadata       [0x000002463a83d2b8,0x000002463a83d398] = 224
 immutable data [0x00000246993a6910,0x00000246993a7528] = 3096
 dependencies   [0x00000246993a6910,0x00000246993a6940] = 48
 nul chk table  [0x00000246993a6940,0x00000246993a6990] = 80
 handler table  [0x00000246993a6990,0x00000246993a6ac8] = 312
 scopes pcs     [0x00000246993a6ac8,0x00000246993a6d28] = 608
 scopes data    [0x00000246993a6d28,0x00000246993a7528] = 2048

[Constant Pool (empty)]

[MachCode]
[Instructions begin]
  0x000002463a83bb20: 6690 448b | 5208 443b 

  0x000002463a83bb28: ;   {runtime_call Shared Runtime ic_miss_blob}
  0x000002463a83bb28: 5008 0f85 | 302c 71ff 
[Verified Entry Point]
  0x000002463a83bb30: 8984 2400 | 80ff ff55 | 4881 ece0 | 0000 0090 | 4181 7f20 | 0200 0000 | 0f85 0517 | 0000 4889 
  0x000002463a83bb50: 1424 4c89 | 4424 0845 | 8b50 0844 | 8954 2418 | 6690 c5f8 | 7748 b890 | b708 9d46 

  0x000002463a83bb6c: ;   {virtual_call}
  0x000002463a83bb6c: 0200 00e8 

  0x000002463a83bb70: ; ImmutableOopMap {[0]=Oop [8]=Oop }
                      ;*invokeinterface iterator {reexecute=0 rethrow=0 return_oop=1}
                      ; - java.lang.Iterable::forEach@6 (line 74)
  0x000002463a83bb70: dc2b 7fff 

  0x000002463a83bb74: ;   {post_call_nop}
  0x000002463a83bb74: 0f1f 8400 | 6c02 0000 | 4889 4424 | 1044 8b50 

  0x000002463a83bb84: ;   {metadata('java/util/ImmutableCollections$SetN$SetNIterator')}
  0x000002463a83bb84: 0841 81fa | b888 2900 | 0f85 7309 | 0000 4c8b | d045 8b52 | 0c0f 1f80 | 0000 0000 | 4585 d20f 
  0x000002463a83bba4: 8ecb 0900 | 00b8 0100 | 0000 85c0 | 0f84 1106 | 0000 4c8b | 5424 1045 | 8b5a 0844 | 895c 241c 
  0x000002463a83bbc4: e9e3 0200 | 0041 8bdb | c1eb 1041 | 33db 458b | 5124 448b | 5c24 304f | 8d34 dc90 | 4585 d20f 
  0x000002463a83bbe4: 8449 0600 | 0043 8b4c | d40c 85c9 | 0f86 920e | 0000 4b8d | 04d4 8bf9 | ffcf 23fb | 85c9 0f84 
  0x000002463a83bc04: 180d 0000 | 488b f044 | 8b44 b810 | 498b ed48 | c1ed 0366 | 0f1f 8400 | 0000 0000 | 4585 c00f 
  0x000002463a83bc24: 846c 0100 | 0047 8b54 | c40c 4b8d | 14c4 443b | d30f 85c3 | 0000 0043 | 8b6c c410 | 4c8b d549 
  0x000002463a83bc44: c1e2 034d | 3bd5 7455 | 4c89 5424 | 7048 8954 | 2468 4489 | 4424 6489 | 7c24 5448 | 8944 2458 
  0x000002463a83bc64: 894c 2450 | 4c89 7424 | 4889 5c24 | 344c 894c | 2440 4c89 | 6c24 3849 | 8bd5 4d8b | c266 6690 
  0x000002463a83bc84: ;   {no_reloc}
  0x000002463a83bc84: c5f8 77e8 

  0x000002463a83bc88: ; ImmutableOopMap {rbp=NarrowOop [0]=Oop [8]=Oop [16]=Oop [32]=Oop [40]=Oop [48]=NarrowOop [56]=Oop [64]=Oop [72]=Oop [88]=Oop [96]=NarrowOop [100]=NarrowOop [104]=Oop [112]=Oop }
                      ;*invokevirtual equals {reexecute=0 rethrow=0 return_oop=0}
                      ; - java.util.HashMap::putVal@91 (line 642)
                      ; - java.util.HashMap::put@9 (line 619)
                      ; - cpw.mods.cl.ModuleClassLoader::lambda$new$6@6 (line 66)
                      ; - cpw.mods.cl.ModuleClassLoader$$Lambda/0x00000246510c2bc0::accept@12
                      ; - java.lang.Iterable::forEach@30 (line 75)
  0x000002463a83bc88: d42d 71ff 

  0x000002463a83bc8c: ;   {post_call_nop}
  0x000002463a83bc8c: 0f1f 8400 | 8403 0001 | 85c0 0f84 | ac0e 0000 | 488b 5424 | 6848 8bc2 | 8b4c 2460 | 4c8d 5814 
  0x000002463a83bcac: 4180 7f48 | 000f 8580 | 1200 0041 | 890b 448b | c149 c1e0 | 034d 8bd3 | 4d33 d049 | c1ea 160f 
  0x000002463a83bccc: 8428 0000 | 0049 83f8 | 000f 841e | 0000 004d | 8bd3 49c1 | ea09 49b8 | 0040 6540 | 4602 0000 
  0x000002463a83bcec: 4d03 d041 | 803a 020f | 85a6 1200 | 00e9 6b01 | 0000 478b 

  0x000002463a83bd00: ;   {metadata('java/util/HashMap$TreeNode')}
  0x000002463a83bd00: 54c4 0841 | 81fa 302a | 2a00 0f85 | 7505 0000 | 897c 2458 | 4889 4424 | 5089 4c24 | 444c 8974 
  0x000002463a83bd20: 2448 895c | 2440 4c89 | 4c24 384c | 896c 2430 | 488b ea44 | 8b5c 2460 | 498b cb48 | c1e1 0348 
  0x000002463a83bd40: 8bd5 4d8b | c14c 8bc8 | 8bfb 498b | f544 895c | 245c 6690 

  0x000002463a83bd54: ;   {optimized virtual_call}
  0x000002463a83bd54: c5f8 77e8 

  0x000002463a83bd58: ; ImmutableOopMap {rbp=Oop [0]=Oop [8]=Oop [16]=Oop [32]=Oop [40]=Oop [48]=Oop [56]=Oop [72]=Oop [80]=Oop [92]=NarrowOop [96]=NarrowOop }
                      ;*invokevirtual putTreeVal {reexecute=0 rethrow=0 return_oop=1}
                      ; - java.util.HashMap::putVal@123 (line 645)
                      ; - java.util.HashMap::put@9 (line 619)
                      ; - cpw.mods.cl.ModuleClassLoader::lambda$new$6@6 (line 66)
                      ; - cpw.mods.cl.ModuleClassLoader$$Lambda/0x00000246510c2bc0::accept@12
                      ; - java.lang.Iterable::forEach@30 (line 75)
  0x000002463a83bd58: 042d 71ff 

  0x000002463a83bd5c: ;   {post_call_nop}
  0x000002463a83bd5c: 0f1f 8400 | 5404 0002 | 4885 c00f | 8537 ffff | ff4c 8b6c | 2430 4c8b | 4c24 388b | 5c24 404c 
  0x000002463a83bd7c: 8b74 2448 | 8b4c 2444 | 488b 7424 | 508b 7c24 | 5848 8bd5 | e9b1 0000 | 004d 8b87 | c801 0000 
  0x000002463a83bd9c: 4d8b d049 | 83c2 204d | 3b97 d801 | 0000 0f83 | 0809 0000 | 4d89 97c8 | 0100 0041 | 0f0d 8ac0 
  0x000002463a83bdbc: 0000 0049 | c700 0100 

  0x000002463a83bdc4: ;   {metadata('java/util/HashMap$Node')}
  0x000002463a83bdc4: 0000 41c7 | 4008 6825 | 2a00 4589 | 600c 4d89 | 6010 4d89 | 6018 4189 | 580c 448b | 5424 6045 
  0x000002463a83bde4: 8950 1441 | 8968 1044 

  0x000002463a83bdec: ;   {metadata('java/util/HashMap$Node'[])}
  0x000002463a83bdec: 8b5e 0841 | 81fb 5823 | 2a00 0f85 | e80b 0000 | 4c8d 54be | 1041 807f | 4800 0f85 | ea11 0000 
  0x000002463a83be0c: 498b d048 | c1ea 0341 | 8912 4d8b | da4d 33d8 | 49c1 eb16 | 0f84 1e00 | 0000 4d8b | da49 c1eb 
  0x000002463a83be2c: 0948 ba00 | 4065 4046 | 0200 004c | 03da 4180 | 3b02 0f85 | 4212 0000 | 33d2 41ff | 4118 458b 
  0x000002463a83be4c: 511c 458b | 4114 41ff | c045 8941 | 140f 1f80 | 0000 0000 | 453b c20f | 8f3e 0600 | 004c 8b54 
  0x000002463a83be6c: 2410 458b | 5208 4d8b 

  0x000002463a83be74: ; ImmutableOopMap {[0]=Oop [8]=Oop [16]=Oop [32]=Oop }
                      ;*goto {reexecute=1 rethrow=0 return_oop=0}
                      ; - (reexecute) java.lang.Iterable::forEach@35 (line 76)
                      ;   {poll}
  0x000002463a83be74: 5f30 4185 | 030f 1f80 | 0000 0000 

  0x000002463a83be80: ;   {metadata('java/util/ImmutableCollections$SetN$SetNIterator')}
  0x000002463a83be80: 4181 fab8 | 8829 000f | 8550 0300 | 004c 8b54 | 2410 458b | 5a0c 4585 | db0f 8edc | 0300 00b8 
  0x000002463a83bea0: 0100 0000 | 85c0 0f84 | 1b03 0000 | 448b 5c24 

  0x000002463a83beb0: ;   {metadata('java/util/ImmutableCollections$SetN$SetNIterator')}
  0x000002463a83beb0: 1c41 81fb | b888 2900 | 0f85 4703 | 0000 4c8b | 4c24 1041 | 8b79 0c85 | ff0f 8e8d | 0b00 0045 
  0x000002463a83bed0: 8b51 1441 | 8b49 1043 | 8b6c d410 | 0f1f 4000 

  0x000002463a83bee0: ; implicit exception: dispatches to 0x000002463a83cdb4
  0x000002463a83bee0: 458b 54ec | 0c4d 8d1c | ecff c985 | c90f 8caa | 0500 0041 | 3bca 0f83 | 000a 0000 | 458b 448b 
  0x000002463a83bf00: 1049 8b5f 

  0x000002463a83bf04: ; ImmutableOopMap {r11=Oop r8=NarrowOop r9=Oop rbp=NarrowOop [0]=Oop [8]=Oop [16]=Oop }
                      ;*ifnull {reexecute=1 rethrow=0 return_oop=0}
                      ; - (reexecute) java.util.ImmutableCollections$SetN$SetNIterator::next@62 (line 985)
                      ; - java.lang.Iterable::forEach@22 (line 74)
                      ;   {poll}
  0x000002463a83bf04: 3085 0345 | 85c0 74dd | 4189 4910 | ffcf 4189 | 790c 4f8d | 14c4 4c89 | 5424 2044 | 8b54 2418 
  0x000002463a83bf24: ;   {metadata('cpw/mods/cl/ModuleClassLoader$$Lambda+0x00000246510c2bc0')}
  0x000002463a83bf24: 4181 fac0 | 2b0c 010f | 85fc 0500 | 004c 8b54 | 2408 4c89 | 5424 2845 | 8b52 0c44 | 8954 2430 
  0x000002463a83bf44: 4c8b 5424 | 2845 8b5a | 1044 895c | 2460 4c8b | 5424 2045 | 8b5a 080f | 1f44 0000 

  0x000002463a83bf60: ;   {metadata('java/lang/String')}
  0x000002463a83bf60: 4181 fb38 | a616 000f | 8503 0d00 | 004c 8b6c | 2420 448b | 5c24 3043 | 8b6c dc5c | 0f1f 4000 
  0x000002463a83bf80: ; implicit exception: dispatches to 0x000002463a83cd24
  0x000002463a83bf80: 458b 5cec 

  0x000002463a83bf84: ;   {metadata('java/util/HashMap')}
  0x000002463a83bf84: 0841 81fb | 58fd 1d00 | 0f85 0a0a | 0000 458b | 5d0c 4d8d | 0cec 660f | 1f44 0000 | 4585 db0f 
  0x000002463a83bfa4: 8520 fcff | ff45 0fb6 | 5511 4585 | d20f 85ee | 0600 0045 | 0fbe 5510 | 0f1f 4000 | 4585 d20f 
  0x000002463a83bfc4: 852b 0b00 | 0041 8b6d | 1445 8b54 | ec0c 4d8d | 1cec 498d | 7cec 100f | 1f44 0000 | 4183 fa02 
  0x000002463a83bfe4: 0f8c 9206 | 0000 33db | 418b d283 | fa20 0f8c | 6201 0000 | 4533 c0c5 | d5ef edc4 | 413d efc0 
  0x000002463a83c004: c5c5 efff | c5cd eff6 

  0x000002463a83c00c: ;   {external_word}
  0x000002463a83c00c: 48b9 e0a7 | c9ac fc7f | 0000 448b | 19c4 4179 | 6ecb c442 | 7d58 c98b | ca83 e1e0 | 410f afdb 
  0x000002463a83c02c: c4a1 7a7e | 1c07 c4a1 | 7a7e 5407 | 08c4 a17a | 7e4c 0710 | c4a1 7a7e | 6407 18c4 | c255 40e9 
  0x000002463a83c04c: c4e2 7d31 | dbc5 d5fe | ebc4 423d | 40c1 c4e2 | 7d31 d2c5 | 3dfe c2c4 | c245 40f9 | c4e2 7d31 
  0x000002463a83c06c: c9c5 c5fe | f9c4 c24d | 40f1 c4e2 | 7d31 e4c5 | cdfe f441 | 83c0 2044 | 3bc1 7ca0 | 488d 3c0f 
  0x000002463a83c08c: ;   {external_word}
  0x000002463a83c08c: 2bd1 48b9 | e4a7 c9ac | fc7f 0000 | c57e 6f11 | c4c2 5540 

  0x000002463a83c0a0: ;   {external_word}
  0x000002463a83c0a0: ea48 b904 | a8c9 acfc | 7f00 00c5 | 7e6f 19c4 | 423d 40c3 

  0x000002463a83c0b4: ;   {external_word}
  0x000002463a83c0b4: 48b9 24a8 | c9ac fc7f | 0000 c5fe | 6f01 c4e2 

  0x000002463a83c0c4: ;   {external_word}
  0x000002463a83c0c4: 4540 f848 | b944 a8c9 | acfc 7f00 | 00c5 7e6f | 21c4 c24d | 40f4 c4e2 | 5502 ddc4 | e37d 39da 
  0x000002463a83c0e4: 01c5 e1fe | dac4 e261 | 02db c5f9 | 6ed3 c5e1 | feda c5f9 | 7edb c4c2 | 3d02 c8c4 | e37d 39cc 
  0x000002463a83c104: 01c5 f1fe | ccc4 e271 | 02c9 c5f9 | 6ee3 c5f1 | fecc c5f9 | 7ecb c4e2 | 4502 dfc4 | e37d 39da 
  0x000002463a83c124: 01c5 e1fe | dac4 e261 | 02db c5f9 | 6ed3 c5e1 | feda c5f9 | 7edb c4e2 | 4d02 cec4 | e37d 39cc 
  0x000002463a83c144: 01c5 f1fe | ccc4 e271 | 02c9 c5f9 | 6ee3 c5f1 | fecc c5f9 | 7ecb 41b8 | 0100 0000 | 443b c20f 
  0x000002463a83c164: 8d2e 0000 | 0041 bbc1 | 0300 0041 | 0faf db42 | 0fb6 4c07 | ff44 8bd9 | 41c1 e305 | 442b d941 
  0x000002463a83c184: 03db 460f | b61c 0741 | 03db 4183 | c002 443b | c27c d27f | 108b cbc1 | e305 2bd9 | 460f b65c 
  0x000002463a83c1a4: 07ff 4103 | db85 db0f | 84fb 0400 | 0044 8bd3 | 41c1 ea10 | 4433 d341 | 895d 0c41 | 8bda e90b 
  0x000002463a83c1c4: ;   {no_reloc}
  0x000002463a83c1c4: faff ffc5 | f877 4881 | c4e0 0000 

  0x000002463a83c1d0: ;   {poll_return}
  0x000002463a83c1d0: 005d 493b | 6728 0f87 | 6110 0000 | c348 8b54 | 2410 c5f8 | 7748 b8b8 | b708 9d46 

  0x000002463a83c1ec: ;   {virtual_call}
  0x000002463a83c1ec: 0200 00e8 

  0x000002463a83c1f0: ; ImmutableOopMap {[0]=Oop [8]=Oop [16]=Oop [32]=Oop }
                      ;*invokeinterface hasNext {reexecute=0 rethrow=0 return_oop=0}
                      ; - java.lang.Iterable::forEach@13 (line 74)
  0x000002463a83c1f0: 6c26 7fff 

  0x000002463a83c1f4: ;   {post_call_nop}
  0x000002463a83c1f4: 0f1f 8400 | ec08 0005 | 0f1f 4000 | e99f fcff | ff48 8b54 | 2410 488b | 2c24 c5f8 | 7748 b8e0 
  0x000002463a83c214: b708 9d46 

  0x000002463a83c218: ;   {virtual_call}
  0x000002463a83c218: 0200 00e8 

  0x000002463a83c21c: ; ImmutableOopMap {rbp=Oop [0]=Oop [8]=Oop [16]=Oop }
                      ;*invokeinterface next {reexecute=0 rethrow=0 return_oop=1}
                      ; - java.lang.Iterable::forEach@22 (line 74)
  0x000002463a83c21c: c027 7fff 

  0x000002463a83c220: ;   {post_call_nop}
  0x000002463a83c220: 0f1f 8400 | 1809 0006 | 4889 4424 | 20e9 edfc | ffff 4c89 | 7424 4889 | 5c24 344c | 894c 2440 
  0x000002463a83c240: 4c89 6c24 | 3849 8bd1 | 448b 5c24 | 6041 8beb 

  0x000002463a83c250: ;   {optimized virtual_call}
  0x000002463a83c250: c5f8 77e8 

  0x000002463a83c254: ; ImmutableOopMap {rbp=NarrowOop [0]=Oop [8]=Oop [16]=Oop [32]=Oop [40]=Oop [48]=NarrowOop [56]=Oop [64]=Oop [72]=Oop [96]=NarrowOop }
                      ;*invokevirtual resize {reexecute=0 rethrow=0 return_oop=1}
                      ; - java.util.HashMap::putVal@20 (line 636)
                      ; - java.util.HashMap::put@9 (line 619)
                      ; - cpw.mods.cl.ModuleClassLoader::lambda$new$6@6 (line 66)
                      ; - cpw.mods.cl.ModuleClassLoader$$Lambda/0x00000246510c2bc0::accept@12
                      ; - java.lang.Iterable::forEach@30 (line 75)
  0x000002463a83c254: 0828 71ff 

  0x000002463a83c258: ;   {post_call_nop}
  0x000002463a83c258: 0f1f 8400 | 5009 0007 

  0x000002463a83c260: ; implicit exception: dispatches to 0x000002463a83ce84
  0x000002463a83c260: 8b48 0c4c | 8b6c 2438 | 4c8b 4c24 | 408b 5c24 | 344c 8b74 | 2448 e97f | f9ff ff33 | c066 6690 
  0x000002463a83c280: e91f fcff | ff47 8b54 | c418 4585 | d20f 8444 | 0000 004f | 8d1c d445 | 33d2 458b | 430c 6690 
  0x000002463a83c2a0: 443b c30f | 84d2 0200 | 0049 8b47 | 3045 8b43 | 1841 ffc2 | 488b 5424 | 28c5 fa10 

  0x000002463a83c2bc: ; ImmutableOopMap {r11=Oop r8=NarrowOop r9=Oop rdx=Oop rsi=Oop rbp=NarrowOop r13=Oop r14=Oop xmm3=NarrowOop [0]=Oop [8]=Oop [16]=Oop [32]=Oop [40]=Oop [48]=NarrowOop [96]=NarrowOop }
                      ;*goto {reexecute=1 rethrow=0 return_oop=0}
                      ; - (reexecute) java.util.HashMap::putVal@219 (line 647)
                      ; - java.util.HashMap::put@9 (line 619)
                      ; - cpw.mods.cl.ModuleClassLoader::lambda$new$6@6 (line 66)
                      ; - cpw.mods.cl.ModuleClassLoader$$Lambda/0x00000246510c2bc0::accept@12
                      ; - java.lang.Iterable::forEach@30 (line 75)
                      ;   {poll}
  0x000002463a83c2bc: 5c24 6085 | 0045 85c0 | 740c 49c1 | e003 498b | d34d 8bd8 | ebc8 498b | d3eb 0345 | 33d2 498b 
  0x000002463a83c2dc: 87c8 0100 | 004c 8bd8 | 4983 c320 | 4d3b 9fd8 | 0100 000f | 83f2 0400 | 004d 899f | c801 0000 
  0x000002463a83c2fc: 410f 0d8b | c000 0000 | 48c7 0001 

  0x000002463a83c308: ;   {metadata('java/util/HashMap$Node')}
  0x000002463a83c308: 0000 00c7 | 4008 6825 | 2a00 4489 | 600c 4c89 | 6010 4c89 | 6018 8958 | 0c44 8b5c | 2460 4489 
  0x000002463a83c328: 5814 8968 | 104c 8d5a | 1841 807f | 4800 0f85 | c90d 0000 | 488b e848 | c1ed 0341 | 892b 4d8b 
  0x000002463a83c348: c34c 33c0 | 49c1 e816 | 0f84 1e00 | 0000 4d8b | c349 c1e8 | 0948 bd00 | 4065 4046 | 0200 004c 
  0x000002463a83c368: 03c5 4180 | 3802 0f85 | 350e 0000 | 4183 fa07 | 0f8c c8fa | ffff 418b | c248 8954 | 2470 897c 
  0x000002463a83c388: 245c 4889 | 7424 6889 | 4c24 584c | 8974 2450 | 895c 243c | 4c89 4c24 | 484c 896c | 2440 4889 
  0x000002463a83c3a8: 4424 f88b | 4424 6089 | 4424 3848 | 8b44 24f8 | 48ff 7424 | 2848 8f44 | 2430 48ff | 7424 2048 
  0x000002463a83c3c8: 8f44 2428 | 48ff 7424 | 1048 8f44 | 2420 4889 | 4424 f88b | 4424 1889 | 4424 1048 | 8b44 24f8 
  0x000002463a83c3e8: 488b 6c24 | 0849 8bd1 | 4c8b c644 | 8bcb 48ff | 7424 3048 | 8f44 2408 | 4889 4424 | f88b 4424 
  0x000002463a83c408: ;   {no_reloc}
  0x000002463a83c408: 3889 4424 | 1448 8b44 | 24f8 8984 | 249c 0000 | 0066 6690 

  0x000002463a83c41c: ;   {optimized virtual_call}
  0x000002463a83c41c: c5f8 77e8 

  0x000002463a83c420: ; ImmutableOopMap {rbp=Oop [0]=Oop [8]=Oop [20]=NarrowOop [32]=Oop [40]=Oop [48]=Oop [56]=NarrowOop [64]=Oop [72]=Oop [80]=Oop [104]=Oop [112]=Oop }
                      ;*invokevirtual treeifyBin {reexecute=0 rethrow=0 return_oop=0}
                      ; - java.util.HashMap::putVal@169 (line 651)
                      ; - java.util.HashMap::put@9 (line 619)
                      ; - cpw.mods.cl.ModuleClassLoader::lambda$new$6@6 (line 66)
                      ; - cpw.mods.cl.ModuleClassLoader$$Lambda/0x00000246510c2bc0::accept@12
                      ; - java.lang.Iterable::forEach@30 (line 75)
  0x000002463a83c420: 3c26 71ff 

  0x000002463a83c424: ;   {post_call_nop}
  0x000002463a83c424: 0f1f 8400 | 1c0b 0009 | 4889 6c24 | 0848 8944 | 24f8 8b44 | 2410 8944 | 2418 488b | 4424 f848 
  0x000002463a83c444: ff74 2420 | 488f 4424 | 1048 ff74 | 2428 488f | 4424 2048 | ff74 2430 | 488f 4424 | 2848 8944 
  0x000002463a83c464: 24f8 8b44 | 2438 8944 | 2460 488b | 4424 f84c | 8b6c 2440 | 4c8b 4c24 | 488b 5c24 | 3c4c 8b74 
  0x000002463a83c484: 2450 8b4c | 2458 488b | 7424 688b | 7c24 5c48 | 8b54 2470 | e9a9 f9ff | ff41 8bca | ffc9 e94c 
  0x000002463a83c4a4: faff ff48 | 8954 2458 | 897c 244c | 4889 7424 | 5089 4c24 | 484c 8974 | 2440 895c | 2434 498b 
  0x000002463a83c4c4: d148 8944 | 24f8 8b44 | 2460 8944 | 2430 488b | 4424 f84c | 896c 2468 | 4c89 6c24 | 784c 898c 
  0x000002463a83c4e4: 2488 0000 | 008b 6c24 | 3066 6690 

  0x000002463a83c4f0: ;   {optimized virtual_call}
  0x000002463a83c4f0: c5f8 77e8 

  0x000002463a83c4f4: ; ImmutableOopMap {rbp=NarrowOop [0]=Oop [8]=Oop [16]=Oop [32]=Oop [40]=Oop [48]=NarrowOop [64]=Oop [80]=Oop [88]=Oop [104]=Oop [120]=Oop [136]=Oop }
                      ;*invokevirtual resize {reexecute=0 rethrow=0 return_oop=1}
                      ; - java.util.HashMap::putVal@288 (line 670)
                      ; - java.util.HashMap::put@9 (line 619)
                      ; - cpw.mods.cl.ModuleClassLoader::lambda$new$6@6 (line 66)
                      ; - cpw.mods.cl.ModuleClassLoader$$Lambda/0x00000246510c2bc0::accept@12
                      ; - java.lang.Iterable::forEach@30 (line 75)
  0x000002463a83c4f4: 6825 71ff 

  0x000002463a83c4f8: ;   {post_call_nop}
  0x000002463a83c4f8: 0f1f 8400 | f00b 000a | e964 f9ff | ff48 8bd0 | 488b 2c24 | 6690 c5f8 | 7748 b808 | b808 9d46 
  0x000002463a83c518: ;   {virtual_call}
  0x000002463a83c518: 0200 00e8 

  0x000002463a83c51c: ; ImmutableOopMap {rbp=Oop [0]=Oop [8]=Oop [16]=Oop }
                      ;*invokeinterface hasNext {reexecute=0 rethrow=0 return_oop=0}
                      ; - java.lang.Iterable::forEach@13 (line 74)
  0x000002463a83c51c: 4023 7fff 

  0x000002463a83c520: ;   {post_call_nop}
  0x000002463a83c520: 0f1f 8400 | 180c 000b | e981 f6ff | ff48 ff74 | 2410 488f | 4424 2848 | 8b6c 2408 | 488b 5424 
  0x000002463a83c540: 084c 8b44 | 2420 c5f8 | 7748 b830 | b808 9d46 

  0x000002463a83c550: ;   {virtual_call}
  0x000002463a83c550: 0200 00e8 

  0x000002463a83c554: ; ImmutableOopMap {rbp=Oop [0]=Oop [32]=Oop [40]=Oop }
                      ;*invokeinterface accept {reexecute=0 rethrow=0 return_oop=0}
                      ; - java.lang.Iterable::forEach@30 (line 75)
  0x000002463a83c554: f821 7fff 

  0x000002463a83c558: ;   {post_call_nop}
  0x000002463a83c558: 0f1f 8400 | 500c 000c | 4889 6c24 | 0848 ff74 | 2428 488f | 4424 10e9 | f5f8 ffff | 33c0 e933 
  0x000002463a83c578: f6ff ff41 | 8b6b 104c | 8bc5 49c1 | e003 4d3b | c50f 8450 | 0200 0044 | 8954 2478 | 4c89 5c24 
  0x000002463a83c598: 7048 8954 | 2468 897c | 2464 4889 | 7424 5889 | 4c24 5489 | 5c24 504c | 894c 2448 | 4c89 6c24 
  0x000002463a83c5b8: 4048 8944 | 24f8 8b44 | 2460 8944 | 243c 488b | 4424 f848 | 8944 24f8 | 8b44 2430 | 8944 2438 
  0x000002463a83c5d8: 488b 4424 | f848 ff74 | 2428 488f | 4424 3048 | ff74 2420 | 488f 4424 | 2848 ff74 | 2410 488f 
  0x000002463a83c5f8: 4424 2048 | 8944 24f8 | 8b44 2418 | 8944 2410 | 488b 4424 | f849 8bd5 | 4c89 b424 | 8800 0000 
  0x000002463a83c618: 4889 4424 | f88b 4424 | 3c89 4424 | 1448 8b44 | 24f8 4c89 | 8424 b000 | 0000 6690 

  0x000002463a83c634: ;   {optimized virtual_call}
  0x000002463a83c634: c5f8 77e8 

  0x000002463a83c638: ; ImmutableOopMap {rbp=NarrowOop [0]=Oop [8]=Oop [20]=NarrowOop [32]=Oop [40]=Oop [48]=Oop [56]=NarrowOop [60]=NarrowOop [64]=Oop [72]=Oop [88]=Oop [96]=NarrowOop [104]=Oop [112]=Oop [136]=Oop [176]=Oop }
                      ;*invokevirtual equals {reexecute=0 rethrow=0 return_oop=0}
                      ; - java.util.HashMap::putVal@203 (line 655)
                      ; - java.util.HashMap::put@9 (line 619)
                      ; - cpw.mods.cl.ModuleClassLoader::lambda$new$6@6 (line 66)
                      ; - cpw.mods.cl.ModuleClassLoader$$Lambda/0x00000246510c2bc0::accept@12
                      ; - java.lang.Iterable::forEach@30 (line 75)
  0x000002463a83c638: 2424 71ff 

  0x000002463a83c63c: ;   {post_call_nop}
  0x000002463a83c63c: 0f1f 8400 | 340d 000d | 85c0 0f84 | 4805 0000 | 488b 4424 | 7048 8944 | 24f8 8b44 | 2410 8944 
  0x000002463a83c65c: 2418 488b | 4424 f848 | ff74 2420 | 488f 4424 | 1048 ff74 | 2428 488f | 4424 20e9 | 28f6 ffff 
  0x000002463a83c67c: 0f1f 4000 | 4183 fa01 | 7526 4585 | d20f 8691 | 0500 0044 | 0fb6 1745 | 85d2 7414 | 418b da0f 
  0x000002463a83c69c: 1f44 0000 | e916 fbff | ff33 dbe9 | 26f5 ffff | 41c6 4511 | 0133 dbe9 | 1af5 ffff | 896c 2470 
  0x000002463a83c6bc: 897c 2464 | 4889 4424 | 6889 4c24 | 544c 8974 | 2458 895c | 2450 4c89 | 4c24 484c | 896c 2440 
  0x000002463a83c6dc: 4889 4424 | f88b 4424 | 6089 4424 | 3c48 8b44 | 24f8 4889 | 4424 f88b | 4424 3089 | 4424 3848 
  0x000002463a83c6fc: 8b44 24f8 | 48ff 7424 | 2848 8f44 | 2430 48ff | 7424 2048 | 8f44 2428 | 48ff 7424 | 1048 8f44 
  0x000002463a83c71c: 2420 4889 | 4424 f88b | 4424 1889 | 4424 1048 | 8b44 24f8 | 488b 6c24 

  0x000002463a83c734: ;   {metadata('java/util/HashMap$Node')}
  0x000002463a83c734: 0848 ba68 | 252a 5046 | 0200 0048 | ff74 2430 | 488f 4424 | 0848 8944 | 24f8 8b44 | 243c 8944 
  0x000002463a83c754: 2414 488b | 4424 f890 

  0x000002463a83c75c: ;   {runtime_call C2 Runtime new_instance}
  0x000002463a83c75c: c5f8 77e8 

  0x000002463a83c760: ; ImmutableOopMap {rbp=Oop [0]=Oop [8]=Oop [20]=NarrowOop [32]=Oop [40]=Oop [48]=Oop [56]=NarrowOop [64]=Oop [72]=Oop [88]=Oop [96]=NarrowOop [104]=Oop [112]=NarrowOop }
                      ;*new {reexecute=0 rethrow=0 return_oop=1}
                      ; - java.util.HashMap::newNode@0 (line 1910)
                      ; - java.util.HashMap::putVal@56 (line 638)
                      ; - java.util.HashMap::put@9 (line 619)
                      ; - cpw.mods.cl.ModuleClassLoader::lambda$new$6@6 (line 66)
                      ; - cpw.mods.cl.ModuleClassLoader$$Lambda/0x00000246510c2bc0::accept@12
                      ; - java.lang.Iterable::forEach@30 (line 75)
  0x000002463a83c760: fcd1 7eff 

  0x000002463a83c764: ;   {post_call_nop}
  0x000002463a83c764: 0f1f 8400 | 5c0e 000e | 4889 6c24 | 0848 8944 | 24f8 8b44 | 2410 8944 | 2418 488b | 4424 f848 
  0x000002463a83c784: ff74 2420 | 488f 4424 | 1048 ff74 | 2428 488f | 4424 2048 | ff74 2430 | 488f 4424 | 2848 8944 
  0x000002463a83c7a4: 24f8 8b44 | 2438 8944 | 2430 488b | 4424 f84c | 8b6c 2440 | 4c8b 4c24 | 488b 5c24 | 504c 8b74 
  0x000002463a83c7c4: 2458 8b4c | 2454 488b | 7424 688b | 7c24 648b | 6c24 704c | 8bc0 e9fb | f5ff ff49 | 8bc3 e9bd 
  0x000002463a83c7e4: f4ff ff44 | 8954 2478 | 4889 5424 | 7089 6c24 | 6489 7c24 | 5c48 8974 | 2468 894c | 2458 4c89 
  0x000002463a83c804: 7424 5089 | 5c24 3c4c | 894c 2448 | 4c89 6c24 | 4048 8944 | 24f8 8b44 | 2460 8944 | 2438 488b 
  0x000002463a83c824: 4424 f848 | ff74 2428 | 488f 4424 | 3048 ff74 | 2420 488f | 4424 2848 | ff74 2410 | 488f 4424 
  0x000002463a83c844: 2048 8944 | 24f8 8b44 | 2418 8944 | 2410 488b | 4424 f848 | 8b6c 2408 

  0x000002463a83c85c: ;   {metadata('java/util/HashMap$Node')}
  0x000002463a83c85c: 48ba 6825 | 2a50 4602 | 0000 48ff | 7424 3048 | 8f44 2408 | 4889 4424 | f88b 4424 | 3889 4424 
  0x000002463a83c87c: 1448 8b44 | 24f8 6690 

  0x000002463a83c884: ;   {runtime_call C2 Runtime new_instance}
  0x000002463a83c884: c5f8 77e8 

  0x000002463a83c888: ; ImmutableOopMap {rbp=Oop [0]=Oop [8]=Oop [20]=NarrowOop [32]=Oop [40]=Oop [48]=Oop [64]=Oop [72]=Oop [80]=Oop [96]=NarrowOop [100]=NarrowOop [104]=Oop [112]=Oop }
                      ;*new {reexecute=0 rethrow=0 return_oop=1}
                      ; - java.util.HashMap::newNode@0 (line 1910)
                      ; - java.util.HashMap::putVal@152 (line 649)
                      ; - java.util.HashMap::put@9 (line 619)
                      ; - cpw.mods.cl.ModuleClassLoader::lambda$new$6@6 (line 66)
                      ; - cpw.mods.cl.ModuleClassLoader$$Lambda/0x00000246510c2bc0::accept@12
                      ; - java.lang.Iterable::forEach@30 (line 75)
  0x000002463a83c888: d4d0 7eff 

  0x000002463a83c88c: ;   {post_call_nop}
  0x000002463a83c88c: 0f1f 8400 | 840f 000f | 4889 6c24 | 0848 8944 | 24f8 8b44 | 2410 8944 | 2418 488b | 4424 f848 
  0x000002463a83c8ac: ff74 2420 | 488f 4424 | 1048 ff74 | 2428 488f | 4424 2048 | ff74 2430 | 488f 4424 | 284c 8b6c 
  0x000002463a83c8cc: 2440 4c8b | 4c24 488b | 5c24 3c4c | 8b74 2450 | 8b4c 2458 | 488b 7424 | 688b 7c24 | 5c8b 6c24 
  0x000002463a83c8ec: 6448 8b54 | 2470 448b | 5424 78e9 | 22fa ffff | bae4 ffff | ff4c 894c | 2418 4489 | 5424 2489 
  0x000002463a83c90c: 4c24 2890 

  0x000002463a83c910: ;   {runtime_call UncommonTrapBlob}
  0x000002463a83c910: c5f8 77e8 

  0x000002463a83c914: ; ImmutableOopMap {rbp=NarrowOop [0]=Oop [8]=Oop [24]=Oop }
                      ;*aaload {reexecute=0 rethrow=0 return_oop=0}
                      ; - java.util.ImmutableCollections$SetN$SetNIterator::next@59 (line 985)
                      ; - java.lang.Iterable::forEach@22 (line 74)
  0x000002463a83c914: c884 7eff 

  0x000002463a83c918: ;   {post_call_nop}
  0x000002463a83c918: 0f1f 8400 | 1010 0010 | bae4 ffff | ff48 8b2c | 2448 ff74 | 2428 488f | 0424 48ff | 7424 1048 
  0x000002463a83c938: 8f44 2408 | 48ff 7424 | 2048 8f44 | 2410 4889 | 4424 f88b | 4424 3089 | 4424 2848 | 8b44 24f8 
  0x000002463a83c958: 4889 4424 | f88b 4424 | 6089 4424 | 2c48 8b44 | 24f8 4c89 | 6c24 304c | 896c 2440 | 4c89 4c24 
  0x000002463a83c978: 5089 5c24 | 4c89 4c24 | 6448 8944 | 2478 897c | 2474 6690 

  0x000002463a83c98c: ;   {runtime_call UncommonTrapBlob}
  0x000002463a83c98c: c5f8 77e8 

  0x000002463a83c990: ; ImmutableOopMap {rbp=Oop [0]=Oop [8]=Oop [16]=Oop [40]=NarrowOop [44]=NarrowOop [48]=Oop [64]=Oop [80]=Oop [120]=Oop }
                      ;*aaload {reexecute=0 rethrow=0 return_oop=0}
                      ; - java.util.HashMap::putVal@40 (line 637)
                      ; - java.util.HashMap::put@9 (line 619)
                      ; - cpw.mods.cl.ModuleClassLoader::lambda$new$6@6 (line 66)
                      ; - cpw.mods.cl.ModuleClassLoader$$Lambda/0x00000246510c2bc0::accept@12
                      ; - java.lang.Iterable::forEach@30 (line 75)
  0x000002463a83c990: 4c84 7eff 

  0x000002463a83c994: ;   {post_call_nop}
  0x000002463a83c994: 0f1f 8400 | 8c10 0011 | bade ffff | ff48 ff74 | 2428 488f | 4424 0848 | ff74 2420 | 488f 4424 
  0x000002463a83c9b4: 1848 8944 | 24f8 8b44 | 2460 8944 | 2434 488b | 4424 f84c | 896c 2438 | 4c89 6c24 | 4066 6690 
  0x000002463a83c9d4: ;   {runtime_call UncommonTrapBlob}
  0x000002463a83c9d4: c5f8 77e8 

  0x000002463a83c9d8: ; ImmutableOopMap {rbp=NarrowOop [0]=Oop [8]=Oop [16]=Oop [24]=Oop [48]=NarrowOop [52]=NarrowOop [56]=Oop [64]=Oop }
                      ;*invokeinterface put {reexecute=0 rethrow=0 return_oop=0}
                      ; - cpw.mods.cl.ModuleClassLoader::lambda$new$6@6 (line 66)
                      ; - cpw.mods.cl.ModuleClassLoader$$Lambda/0x00000246510c2bc0::accept@12
                      ; - java.lang.Iterable::forEach@30 (line 75)
  0x000002463a83c9d8: 0484 7eff 

  0x000002463a83c9dc: ;   {post_call_nop}
  0x000002463a83c9dc: 0f1f 8400 | d410 0012 | bad6 ffff | ff48 8b2c | 2448 ff74 | 2410 488f | 4424 0848 | ff74 2420 
  0x000002463a83c9fc: 488f 4424 | 1048 ff74 | 2428 488f | 4424 1848 | 8944 24f8 | 8b44 2430 | 8944 2428 | 488b 4424 
  0x000002463a83ca1c: f84c 896c | 2430 4c89 | 6c24 4044 | 8954 2448 | 4c89 4c24 | 5089 5c24 | 4c89 4c24 | 6448 8974 
  0x000002463a83ca3c: 2478 897c | 2474 4c89 | 8424 8000 | 0000 6690 

  0x000002463a83ca4c: ;   {runtime_call UncommonTrapBlob}
  0x000002463a83ca4c: c5f8 77e8 

  0x000002463a83ca50: ; ImmutableOopMap {rbp=Oop [8]=Oop [16]=Oop [24]=Oop [40]=NarrowOop [48]=Oop [64]=Oop [72]=NarrowOop [80]=Oop [96]=NarrowOop [120]=Oop [128]=Oop }
                      ;*aastore {reexecute=1 rethrow=0 return_oop=0}
                      ; - (reexecute) java.util.HashMap::putVal@59 (line 638)
                      ; - java.util.HashMap::put@9 (line 619)
                      ; - cpw.mods.cl.ModuleClassLoader::lambda$new$6@6 (line 66)
                      ; - cpw.mods.cl.ModuleClassLoader$$Lambda/0x00000246510c2bc0::accept@12
                      ; - java.lang.Iterable::forEach@30 (line 75)
  0x000002463a83ca50: 8c83 7eff 

  0x000002463a83ca54: ;   {post_call_nop}
  0x000002463a83ca54: 0f1f 8400 | 4c11 0013 | ba4d ffff | ff48 8b2c | 2448 ff74 | 2408 488f | 0424 4c89 | 4c24 1089 
  0x000002463a83ca74: 7c24 1890 

  0x000002463a83ca78: ;   {runtime_call UncommonTrapBlob}
  0x000002463a83ca78: c5f8 77e8 

  0x000002463a83ca7c: ; ImmutableOopMap {rbp=Oop [0]=Oop [16]=Oop }
                      ;*ifle {reexecute=1 rethrow=0 return_oop=0}
                      ; - (reexecute) java.util.ImmutableCollections$SetN$SetNIterator::next@4 (line 970)
                      ; - java.lang.Iterable::forEach@22 (line 74)
  0x000002463a83ca7c: 6083 7eff 

  0x000002463a83ca80: ;   {post_call_nop}
  0x000002463a83ca80: 0f1f 8400 | 7811 0014 | ba4d ffff | ff48 8b2c | 2448 ff74 | 2428 488f | 0424 48ff | 7424 1048 
  0x000002463a83caa0: 8f44 2408 | 48ff 7424 | 2048 8f44 | 2410 4489 | 5c24 2848 | 8944 24f8 | 8b44 2460 | 8944 242c 
  0x000002463a83cac0: 488b 4424 | f84c 896c | 2430 4c89 | 6c24 404c | 894c 2450 | 895c 244c | 4489 5424 | 6489 4c24 
  0x000002463a83cae0: 6c66 6690 

  0x000002463a83cae4: ;   {runtime_call UncommonTrapBlob}
  0x000002463a83cae4: c5f8 77e8 

  0x000002463a83cae8: ; ImmutableOopMap {rbp=Oop [0]=Oop [8]=Oop [16]=Oop [40]=NarrowOop [44]=NarrowOop [48]=Oop [64]=Oop [80]=Oop [100]=NarrowOop }
                      ;*ifne {reexecute=1 rethrow=0 return_oop=0}
                      ; - (reexecute) java.util.HashMap::putVal@16 (line 635)
                      ; - java.util.HashMap::put@9 (line 619)
                      ; - cpw.mods.cl.ModuleClassLoader::lambda$new$6@6 (line 66)
                      ; - cpw.mods.cl.ModuleClassLoader$$Lambda/0x00000246510c2bc0::accept@12
                      ; - java.lang.Iterable::forEach@30 (line 75)
  0x000002463a83cae8: f482 7eff 

  0x000002463a83caec: ;   {post_call_nop}
  0x000002463a83caec: 0f1f 8400 | e411 0015 | 33ed 4585 | d240 0f94 | c5ba 4dff | ffff 48ff | 7424 2848 | 8f44 2408 
  0x000002463a83cb0c: 48ff 7424 | 2048 8f44 | 2418 4889 | 4424 f88b | 4424 6089 | 4424 3448 | 8b44 24f8 | 4c89 6c24 
  0x000002463a83cb2c: 384c 896c | 2448 4c89 | 4c24 5890 

  0x000002463a83cb38: ;   {runtime_call UncommonTrapBlob}
  0x000002463a83cb38: c5f8 77e8 

  0x000002463a83cb3c: ; ImmutableOopMap {[0]=Oop [8]=Oop [16]=Oop [24]=Oop [48]=NarrowOop [52]=NarrowOop [56]=Oop [72]=Oop [88]=Oop }
                      ;*ifeq {reexecute=1 rethrow=0 return_oop=0}
                      ; - (reexecute) java.lang.String::hashCode@20 (line 2445)
                      ; - java.util.HashMap::hash@9 (line 338)
                      ; - java.util.HashMap::put@2 (line 619)
                      ; - cpw.mods.cl.ModuleClassLoader::lambda$new$6@6 (line 66)
                      ; - cpw.mods.cl.ModuleClassLoader$$Lambda/0x00000246510c2bc0::accept@12
                      ; - java.lang.Iterable::forEach@30 (line 75)
  0x000002463a83cb3c: a082 7eff 

  0x000002463a83cb40: ;   {post_call_nop}
  0x000002463a83cb40: 0f1f 8400 | 3812 0016 | ba4d ffff | ff4c 8b54 | 2428 4c89 | 5424 084c | 8b54 2420 | 4c89 5424 
  0x000002463a83cb60: 184c 8b54 | 2438 4c89 | 5424 2848 | 8944 24f8 | 8b44 2460 | 8944 2448 | 488b 4424 | f889 8424 
  0x000002463a83cb80: 8000 0000 

  0x000002463a83cb84: ;   {runtime_call UncommonTrapBlob}
  0x000002463a83cb84: c5f8 77e8 

  0x000002463a83cb88: ; ImmutableOopMap {rbp=NarrowOop [0]=Oop [8]=Oop [16]=Oop [24]=Oop [40]=Oop [48]=NarrowOop [64]=Oop [72]=NarrowOop [88]=Oop [100]=NarrowOop }
                      ;*ifeq {reexecute=1 rethrow=0 return_oop=0}
                      ; - (reexecute) java.util.HashMap::putVal@94 (line 642)
                      ; - java.util.HashMap::put@9 (line 619)
                      ; - cpw.mods.cl.ModuleClassLoader::lambda$new$6@6 (line 66)
                      ; - cpw.mods.cl.ModuleClassLoader$$Lambda/0x00000246510c2bc0::accept@12
                      ; - java.lang.Iterable::forEach@30 (line 75)
  0x000002463a83cb88: 5482 7eff 

  0x000002463a83cb8c: ;   {post_call_nop}
  0x000002463a83cb8c: 0f1f 8400 | 8412 0017 | ba4d ffff | ff4c 8b54 | 2430 4c89 | 5424 084c | 8b54 2420 | 4c89 5424 
  0x000002463a83cbac: 104c 8b54 | 2428 4c89 | 5424 184c | 8b54 2440 | 4c89 5424 | 2848 8944 | 24f8 8b44 | 2438 8944 
  0x000002463a83cbcc: 2430 488b | 4424 f848 | 8944 24f8 | 8b44 243c | 8944 2434 | 488b 4424 | f848 8944 | 24f8 8b44 
  0x000002463a83cbec: 2464 8944 | 2460 488b | 4424 f848 | 8944 24f8 | 8b44 2478 | 8944 2464 | 488b 4424 | f889 4424 
  0x000002463a83cc0c: 7866 6690 

  0x000002463a83cc10: ;   {runtime_call UncommonTrapBlob}
  0x000002463a83cc10: c5f8 77e8 

  0x000002463a83cc14: ; ImmutableOopMap {rbp=NarrowOop [0]=Oop [8]=Oop [16]=Oop [24]=Oop [40]=Oop [48]=NarrowOop [52]=NarrowOop [72]=Oop [88]=Oop [104]=Oop [112]=Oop }
                      ;*ifeq {reexecute=1 rethrow=0 return_oop=0}
                      ; - (reexecute) java.util.HashMap::putVal@206 (line 655)
                      ; - java.util.HashMap::put@9 (line 619)
                      ; - cpw.mods.cl.ModuleClassLoader::lambda$new$6@6 (line 66)
                      ; - cpw.mods.cl.ModuleClassLoader$$Lambda/0x00000246510c2bc0::accept@12
                      ; - java.lang.Iterable::forEach@30 (line 75)
  0x000002463a83cc14: c881 7eff 

  0x000002463a83cc18: ;   {post_call_nop}
  0x000002463a83cc18: 0f1f 8400 | 1013 0018 | bae4 ffff | ff48 ff74 | 2428 488f | 4424 0848 | ff74 2420 | 488f 4424 
  0x000002463a83cc38: 1848 8944 | 24f8 8b44 | 2460 8944 | 2434 488b | 4424 f84c | 896c 2438 | 4c89 6c24 | 484c 894c 
  0x000002463a83cc58: 2458 4489 | 5424 5490 

  0x000002463a83cc60: ;   {runtime_call UncommonTrapBlob}
  0x000002463a83cc60: c5f8 77e8 

  0x000002463a83cc64: ; ImmutableOopMap {rbp=NarrowOop [0]=Oop [8]=Oop [16]=Oop [24]=Oop [48]=NarrowOop [52]=NarrowOop [56]=Oop [72]=Oop [88]=Oop }
                      ;*baload {reexecute=0 rethrow=0 return_oop=0}
                      ; - jdk.internal.util.ArraysSupport::hashCodeOfUnsigned@38 (line 275)
                      ; - java.lang.StringLatin1::hashCode@5 (line 306)
                      ; - java.lang.String::hashCode@27 (line 2445)
                      ; - java.util.HashMap::hash@9 (line 338)
                      ; - java.util.HashMap::put@2 (line 619)
                      ; - cpw.mods.cl.ModuleClassLoader::lambda$new$6@6 (line 66)
                      ; - cpw.mods.cl.ModuleClassLoader$$Lambda/0x00000246510c2bc0::accept@12
                      ; - java.lang.Iterable::forEach@30 (line 75)
  0x000002463a83cc64: 7881 7eff 

  0x000002463a83cc68: ;   {post_call_nop}
  0x000002463a83cc68: 0f1f 8400 | 6013 0019 | bade ffff | ff48 8b2c | 2448 ff74 | 2428 488f | 0424 48ff | 7424 1048 
  0x000002463a83cc88: 8f44 2408 | 4889 4424 | f88b 4424 | 3089 4424 | 2848 8b44 | 24f8 6690 

  0x000002463a83cca0: ;   {runtime_call UncommonTrapBlob}
  0x000002463a83cca0: c5f8 77e8 

  0x000002463a83cca4: ; ImmutableOopMap {rbp=Oop [0]=Oop [8]=Oop [32]=Oop [40]=NarrowOop [96]=NarrowOop }
                      ;*checkcast {reexecute=0 rethrow=0 return_oop=0}
                      ; - cpw.mods.cl.ModuleClassLoader$$Lambda/0x00000246510c2bc0::accept@9
                      ; - java.lang.Iterable::forEach@30 (line 75)
  0x000002463a83cca4: 3881 7eff 

  0x000002463a83cca8: ;   {post_call_nop}
  0x000002463a83cca8: 0f1f 8400 | a013 001a | baf4 ffff | ff48 8b2c | 2448 ff74 | 2428 488f | 0424 48ff | 7424 1048 
  0x000002463a83ccc8: 8f44 2408 | 48ff 7424 | 2048 8f44 | 2410 6690 

  0x000002463a83ccd8: ;   {runtime_call UncommonTrapBlob}
  0x000002463a83ccd8: c5f8 77e8 

  0x000002463a83ccdc: ; ImmutableOopMap {rbp=Oop [0]=Oop [8]=Oop [16]=Oop [48]=NarrowOop [96]=NarrowOop }
                      ;*checkcast {reexecute=0 rethrow=0 return_oop=0}
                      ; - cpw.mods.cl.ModuleClassLoader$$Lambda/0x00000246510c2bc0::accept@9
                      ; - java.lang.Iterable::forEach@30 (line 75)
  0x000002463a83ccdc: 0081 7eff 

  0x000002463a83cce0: ;   {post_call_nop}
  0x000002463a83cce0: 0f1f 8400 | d813 001b | baf6 ffff | ff48 8b2c | 2448 ff74 | 2428 488f | 0424 48ff | 7424 1048 
  0x000002463a83cd00: 8f44 2408 | 48ff 7424 | 2048 8f44 | 2410 4c89 | 6c24 3090 

  0x000002463a83cd14: ;   {runtime_call UncommonTrapBlob}
  0x000002463a83cd14: c5f8 77e8 

  0x000002463a83cd18: ; ImmutableOopMap {rbp=Oop [0]=Oop [8]=Oop [16]=Oop [48]=Oop [96]=NarrowOop }
                      ;*invokevirtual lambda$new$6 {reexecute=0 rethrow=0 return_oop=0}
                      ; - cpw.mods.cl.ModuleClassLoader$$Lambda/0x00000246510c2bc0::accept@12
                      ; - java.lang.Iterable::forEach@30 (line 75)
  0x000002463a83cd18: c480 7eff 

  0x000002463a83cd1c: ;   {post_call_nop}
  0x000002463a83cd1c: 0f1f 8400 | 1414 001c | baf6 ffff | ff48 8b2c | 2448 ff74 | 2428 488f | 0424 48ff | 7424 1048 
  0x000002463a83cd3c: 8f44 2408 | 48ff 7424 | 2048 8f44 | 2410 4889 | 4424 f88b | 4424 3089 | 4424 2848 | 8b44 24f8 
  0x000002463a83cd5c: 4889 4424 | f88b 4424 | 6089 4424 | 2c48 8b44 | 24f8 4c89 | 6c24 304c | 896c 2438 

  0x000002463a83cd78: ;   {runtime_call UncommonTrapBlob}
  0x000002463a83cd78: c5f8 77e8 

  0x000002463a83cd7c: ; ImmutableOopMap {rbp=Oop [0]=Oop [8]=Oop [16]=Oop [40]=NarrowOop [44]=NarrowOop [48]=Oop [56]=Oop }
                      ;*invokeinterface put {reexecute=0 rethrow=0 return_oop=0}
                      ; - cpw.mods.cl.ModuleClassLoader::lambda$new$6@6 (line 66)
                      ; - cpw.mods.cl.ModuleClassLoader$$Lambda/0x00000246510c2bc0::accept@12
                      ; - java.lang.Iterable::forEach@30 (line 75)
  0x000002463a83cd7c: 6080 7eff 

  0x000002463a83cd80: ;   {post_call_nop}
  0x000002463a83cd80: 0f1f 8400 | 7814 001d | baf6 ffff | ff48 8b2c | 2448 ff74 | 2408 488f | 0424 4c89 | 4c24 1089 
  0x000002463a83cda0: 4c24 1890 

  0x000002463a83cda4: ;   {runtime_call UncommonTrapBlob}
  0x000002463a83cda4: c5f8 77e8 

  0x000002463a83cda8: ; ImmutableOopMap {rbp=Oop [0]=Oop [16]=Oop }
                      ;*getfield elements {reexecute=1 rethrow=0 return_oop=0}
                      ; - (reexecute) java.util.ImmutableCollections$SetN$SetNIterator::next@16 (line 973)
                      ; - java.lang.Iterable::forEach@22 (line 74)
  0x000002463a83cda8: 3480 7eff 

  0x000002463a83cdac: ;   {post_call_nop}
  0x000002463a83cdac: 0f1f 8400 | a414 001e | baf6 ffff | ff48 8b2c | 2448 ff74 | 2408 488f | 0424 4c89 | 4c24 1089 
  0x000002463a83cdcc: 4c24 1890 

  0x000002463a83cdd0: ;   {runtime_call UncommonTrapBlob}
  0x000002463a83cdd0: c5f8 77e8 

  0x000002463a83cdd4: ; ImmutableOopMap {rbp=Oop [0]=Oop [16]=Oop }
                      ;*arraylength {reexecute=0 rethrow=0 return_oop=0}
                      ; - java.util.ImmutableCollections$SetN$SetNIterator::next@19 (line 973)
                      ; - java.lang.Iterable::forEach@22 (line 74)
  0x000002463a83cdd4: 0880 7eff 

  0x000002463a83cdd8: ;   {post_call_nop}
  0x000002463a83cdd8: 0f1f 8400 | d014 001f | baf6 ffff | ff48 8b2c | 2448 ff74 | 2428 488f | 0424 48ff | 7424 1048 
  0x000002463a83cdf8: 8f44 2408 | 48ff 7424 | 2048 8f44 | 2410 4889 | 4424 f88b | 4424 3089 | 4424 2848 | 8b44 24f8 
  0x000002463a83ce18: 4889 4424 | f88b 4424 | 6089 4424 | 2c48 8b44 | 24f8 4c89 | 6c24 304c | 896c 2440 | 4c89 4c24 
  0x000002463a83ce38: 5066 6690 

  0x000002463a83ce3c: ;   {runtime_call UncommonTrapBlob}
  0x000002463a83ce3c: c5f8 77e8 

  0x000002463a83ce40: ; ImmutableOopMap {rbp=Oop [0]=Oop [8]=Oop [16]=Oop [40]=NarrowOop [44]=NarrowOop [48]=Oop [64]=Oop [80]=Oop }
                      ;*arraylength {reexecute=0 rethrow=0 return_oop=0}
                      ; - java.lang.StringLatin1::hashCode@3 (line 306)
                      ; - java.lang.String::hashCode@27 (line 2445)
                      ; - java.util.HashMap::hash@9 (line 338)
                      ; - java.util.HashMap::put@2 (line 619)
                      ; - cpw.mods.cl.ModuleClassLoader::lambda$new$6@6 (line 66)
                      ; - cpw.mods.cl.ModuleClassLoader$$Lambda/0x00000246510c2bc0::accept@12
                      ; - java.lang.Iterable::forEach@30 (line 75)
  0x000002463a83ce40: 9c7f 7eff 

  0x000002463a83ce44: ;   {post_call_nop}
  0x000002463a83ce44: 0f1f 8400 | 3c15 0020 | baf6 ffff | ff48 8b2c | 2466 6690 

  0x000002463a83ce58: ;   {runtime_call UncommonTrapBlob}
  0x000002463a83ce58: c5f8 77e8 

  0x000002463a83ce5c: ; ImmutableOopMap {rbp=Oop [8]=Oop }
                      ;*invokeinterface hasNext {reexecute=0 rethrow=0 return_oop=0}
                      ; - java.lang.Iterable::forEach@13 (line 74)
  0x000002463a83ce5c: 807f 7eff 

  0x000002463a83ce60: ;   {post_call_nop}
  0x000002463a83ce60: 0f1f 8400 | 5815 0021 | ba4d ffff | ff48 8b2c | 2466 6690 

  0x000002463a83ce74: ;   {runtime_call UncommonTrapBlob}
  0x000002463a83ce74: c5f8 77e8 

  0x000002463a83ce78: ; ImmutableOopMap {rbp=Oop [8]=Oop }
                      ;*ifnonnull {reexecute=1 rethrow=0 return_oop=0}
                      ; - (reexecute) java.util.Objects::requireNonNull@1 (line 219)
                      ; - java.lang.Iterable::forEach@1 (line 73)
  0x000002463a83ce78: 647f 7eff 

  0x000002463a83ce7c: ;   {post_call_nop}
  0x000002463a83ce7c: 0f1f 8400 | 7415 0022 | baf6 ffff | ff48 8b2c | 244c 8b54 | 2428 4c89 | 1424 4c8b | 5424 104c 
  0x000002463a83ce9c: 8954 2408 | 4c8b 5424 | 204c 8954 | 2410 4c8b | 5424 384c | 8954 2420 | 4889 4424 | f88b 4424 
  0x000002463a83cebc: 3089 4424 | 2848 8b44 | 24f8 4889 | 4424 f88b | 4424 6089 | 4424 2c48 | 8b44 24f8 

  0x000002463a83ced8: ;   {runtime_call UncommonTrapBlob}
  0x000002463a83ced8: c5f8 77e8 

  0x000002463a83cedc: ; ImmutableOopMap {rbp=Oop [0]=Oop [8]=Oop [16]=Oop [32]=Oop [40]=NarrowOop [44]=NarrowOop [64]=Oop }
                      ;*arraylength {reexecute=0 rethrow=0 return_oop=0}
                      ; - java.util.HashMap::putVal@26 (line 636)
                      ; - java.util.HashMap::put@9 (line 619)
                      ; - cpw.mods.cl.ModuleClassLoader::lambda$new$6@6 (line 66)
                      ; - cpw.mods.cl.ModuleClassLoader$$Lambda/0x00000246510c2bc0::accept@12
                      ; - java.lang.Iterable::forEach@30 (line 75)
  0x000002463a83cedc: 007f 7eff 

  0x000002463a83cee0: ;   {post_call_nop}
  0x000002463a83cee0: 0f1f 8400 | d815 0023 | e937 0000 | 00e9 3200 | 0000 e92d | 0000 00e9 | 2800 0000 | 488b d090 
  0x000002463a83cf00: e922 0000 | 0048 8bd0 | e91a 0000 | 00eb 15eb | 1348 8bd0 | eb11 488b | d0eb 0c48 | 8bd0 6690 
  0x000002463a83cf20: eb05 eb00 | 488b d0c5 | f877 4881 | c4e0 0000 

  0x000002463a83cf30: ;   {runtime_call C2 Runtime rethrow}
  0x000002463a83cf30: 005d e929 | ff7e ff45 | 8b03 49c1 | e003 4983 | f800 0f84 | 6fed ffff | 4d8b 5738 | 4d85 d20f 
  0x000002463a83cf50: 8414 0000 | 0049 83ea | 084d 8957 | 384d 0357 | 404d 8902 | e94e edff | ff48 83ec | 304c 895c 
  0x000002463a83cf70: 2428 4889 | 4c24 2049 | 8bc8 498b 

  0x000002463a83cf7c: ;   {runtime_call}
  0x000002463a83cf7c: d748 b8a0 | 7049 acfc | 7f00 00ff | d048 8b4c | 2420 4c8b | 5c24 28c5 | f877 4883 | c430 e918 
  0x000002463a83cf9c: edff fff0 | 8344 24c0 | 0041 803a | 000f 844a | edff ff41 | c602 004d | 8b47 504d | 85c0 0f84 
  0x000002463a83cfbc: 1400 0000 | 4983 e808 | 4d89 4750 | 4d03 4758 | 4d89 10e9 | 25ed ffff | 4883 ec20 | 498b ca49 
  0x000002463a83cfdc: ;   {runtime_call}
  0x000002463a83cfdc: 8bd7 48b8 | 8070 49ac | fc7f 0000 | ffd0 c5f8 | 7748 83c4 | 20e9 03ed | ffff 418b | 1248 c1e2 
  0x000002463a83cffc: 0348 83fa | 000f 8405 | eeff ff4d | 8b5f 384d | 85db 0f84 | 1400 0000 | 4983 eb08 | 4d89 5f38 
  0x000002463a83d01c: 4d03 5f40 | 4989 13e9 | e4ed ffff | 4883 ec50 | 4c89 5424 | 484c 8944 | 2440 4c89 | 4c24 3848 
  0x000002463a83d03c: 894c 2430 | 4889 7c24 | 2848 8974 | 2420 488b | ca49 8bd7 

  0x000002463a83d050: ;   {runtime_call}
  0x000002463a83d050: 48b8 a070 | 49ac fc7f | 0000 ffd0 | 488b 7424 | 2048 8b7c | 2428 488b | 4c24 304c | 8b4c 2438 
  0x000002463a83d070: 4c8b 4424 | 404c 8b54 | 2448 c5f8 | 7748 83c4 | 50e9 86ed | ffff f083 | 4424 c000 | 4180 3b00 
  0x000002463a83d090: 0f84 aeed | ffff 41c6 | 0300 498b | 5750 4885 | d20f 8414 | 0000 0048 | 83ea 0849 | 8957 5049 
  0x000002463a83d0b0: 0357 584c | 891a e989 | edff ff48 | 83ec 404c | 894c 2438 | 4889 4c24 | 3048 897c | 2428 4889 
  0x000002463a83d0d0: 7424 2049 | 8bcb 498b 

  0x000002463a83d0d8: ;   {runtime_call}
  0x000002463a83d0d8: d748 b880 | 7049 acfc | 7f00 00ff | d048 8b74 | 2420 488b | 7c24 2848 | 8b4c 2430 | 4c8b 4c24 
  0x000002463a83d0f8: 38c5 f877 | 4883 c440 | e93f edff | ff41 8b2b | 48c1 e503 | 4883 fd00 | 0f84 26f2 | ffff 4d8b 
  0x000002463a83d118: 4738 4d85 | c00f 8414 | 0000 0049 | 83e8 084d | 8947 384d | 0347 4049 | 8928 e905 | f2ff ff48 
  0x000002463a83d138: 83ec 604c | 8954 2458 | 4c89 5c24 | 504c 894c | 2448 4889 | 4c24 4048 | 897c 2438 | 4889 5424 
  0x000002463a83d158: 3048 8974 | 2428 4889 | 4424 2048 | 8bcd 498b 

  0x000002463a83d168: ;   {runtime_call}
  0x000002463a83d168: d748 b8a0 | 7049 acfc | 7f00 00ff | d048 8b44 | 2420 488b | 7424 2848 | 8b54 2430 | 488b 7c24 
  0x000002463a83d188: 3848 8b4c | 2440 4c8b | 4c24 484c | 8b5c 2450 | 4c8b 5424 | 58c5 f877 | 4883 c460 | e993 f1ff 
  0x000002463a83d1a8: fff0 8344 | 24c0 0041 | 8038 000f | 84bb f1ff | ff41 c600 | 0049 8b6f | 5048 85ed | 0f84 1500 
  0x000002463a83d1c8: 0000 4883 | ed08 4989 | 6f50 4903 | 6f58 4c89 | 4500 e995 | f1ff ff48 | 83ec 504c | 8954 2448 
  0x000002463a83d1e8: 4c89 4c24 | 4048 894c | 2438 4889 | 7c24 3048 | 8954 2428 | 4889 7424 | 2049 8bc8 

  0x000002463a83d204: ;   {runtime_call}
  0x000002463a83d204: 498b d748 | b880 7049 | acfc 7f00 | 00ff d048 | 8b74 2420 | 488b 5424 | 2848 8b7c | 2430 488b 
  0x000002463a83d224: 4c24 384c | 8b4c 2440 | 4c8b 5424 | 48c5 f877 | 4883 c450 | e937 f1ff 

  0x000002463a83d23c: ;   {internal_word}
  0x000002463a83d23c: ff49 bad2 | c183 3a46 | 0200 004d | 8997 6004 

  0x000002463a83d24c: ;   {runtime_call SafepointBlob}
  0x000002463a83d24c: 0000 e98d 

  0x000002463a83d250: ;   {runtime_call StubRoutines (final stubs)}
  0x000002463a83d250: 8a71 ffe8 | a886 6fff | e9f1 e8ff | fff4 f4f4 
[Stub Code]
  0x000002463a83d260: ;   {no_reloc}
  0x000002463a83d260: 48bb 0000 | 0000 0000 

  0x000002463a83d268: ;   {runtime_call nmethod}
  0x000002463a83d268: 0000 e9fb 

  0x000002463a83d26c: ;   {static_stub}
  0x000002463a83d26c: ffff ff48 | bb00 0000 | 0000 0000 

  0x000002463a83d278: ;   {runtime_call nmethod}
  0x000002463a83d278: 00e9 fbff 

  0x000002463a83d27c: ;   {static_stub}
  0x000002463a83d27c: ffff 48bb | 0000 0000 | 0000 0000 

  0x000002463a83d288: ;   {runtime_call nmethod}
  0x000002463a83d288: e9fb ffff 

  0x000002463a83d28c: ;   {static_stub}
  0x000002463a83d28c: ff48 bb00 | 0000 0000 

  0x000002463a83d294: ;   {runtime_call nmethod}
  0x000002463a83d294: 0000 00e9 | fbff ffff 
[Exception Handler]
  0x000002463a83d29c: ;   {runtime_call ExceptionBlob}
  0x000002463a83d29c: e93f 7e7e | ffe8 0000 | 0000 4883 

  0x000002463a83d2a8: ;   {runtime_call DeoptimizationBlob}
  0x000002463a83d2a8: 2c24 05e9 | d07f 71ff 
[/MachCode]


---------------  P R O C E S S  ---------------

Threads class SMR info:
_java_thread_list=0x000002469b276ba0, length=23, elements={
0x0000024627c65e70, 0x000002464c8d9f10, 0x000002464c8dc7c0, 0x000002464c8e05b0,
0x000002464c8e1840, 0x000002464c8e2b10, 0x000002464c8e3770, 0x000002464c8ed8b0,
0x000002464c8f06a0, 0x000002464fa639d0, 0x000002464fa64970, 0x000002464fbf21a0,
0x000002464fbf3940, 0x0000024695652950, 0x000002469559ee30, 0x0000024695663a10,
0x00000246952c2b80, 0x0000024695549ee0, 0x00000246958114b0, 0x0000024695812990,
0x0000024695eb70d0, 0x0000024695f61c50, 0x0000024695dd2930
}

Java Threads: ( => current thread )
=>0x0000024627c65e70 JavaThread "main"                              [_thread_in_native, id=21140, stack(0x000000da53500000,0x000000da53600000) (1024K)]
  0x000002464c8d9f10 JavaThread "Reference Handler"          daemon [_thread_blocked, id=14240, stack(0x000000da53d00000,0x000000da53e00000) (1024K)]
  0x000002464c8dc7c0 JavaThread "Finalizer"                  daemon [_thread_blocked, id=11316, stack(0x000000da53e00000,0x000000da53f00000) (1024K)]
  0x000002464c8e05b0 JavaThread "Signal Dispatcher"          daemon [_thread_blocked, id=31960, stack(0x000000da53f00000,0x000000da54000000) (1024K)]
  0x000002464c8e1840 JavaThread "Attach Listener"            daemon [_thread_blocked, id=29820, stack(0x000000da54000000,0x000000da54100000) (1024K)]
  0x000002464c8e2b10 JavaThread "Service Thread"             daemon [_thread_blocked, id=20372, stack(0x000000da54100000,0x000000da54200000) (1024K)]
  0x000002464c8e3770 JavaThread "Monitor Deflation Thread"   daemon [_thread_blocked, id=13848, stack(0x000000da54200000,0x000000da54300000) (1024K)]
  0x000002464c8ed8b0 JavaThread "C2 CompilerThread0"         daemon [_thread_blocked, id=11880, stack(0x000000da54300000,0x000000da54400000) (1024K)]
  0x000002464c8f06a0 JavaThread "C1 CompilerThread0"         daemon [_thread_blocked, id=32748, stack(0x000000da54400000,0x000000da54500000) (1024K)]
  0x000002464fa639d0 JavaThread "C1 CompilerThread1"         daemon [_thread_blocked, id=4220, stack(0x000000da54500000,0x000000da54600000) (1024K)]
  0x000002464fa64970 JavaThread "Common-Cleaner"             daemon [_thread_blocked, id=5112, stack(0x000000da54600000,0x000000da54700000) (1024K)]
  0x000002464fbf21a0 JavaThread "C1 CompilerThread2"         daemon [_thread_blocked, id=12576, stack(0x000000da54700000,0x000000da54800000) (1024K)]
  0x000002464fbf3940 JavaThread "C1 CompilerThread3"         daemon [_thread_blocked, id=25396, stack(0x000000da54800000,0x000000da54900000) (1024K)]
  0x0000024695652950 JavaThread "JDWP Transport Listener: dt_socket" daemon [_thread_blocked, id=14924, stack(0x000000da54b00000,0x000000da54c00000) (1024K)]
  0x000002469559ee30 JavaThread "JDWP Event Helper Thread"   daemon [_thread_blocked, id=21884, stack(0x000000da54c00000,0x000000da54d00000) (1024K)]
  0x0000024695663a10 JavaThread "JDWP Command Reader"        daemon [_thread_in_native, id=30812, stack(0x000000da54d00000,0x000000da54e00000) (1024K)]
  0x00000246952c2b80 JavaThread "IntelliJ Suspend Helper"    daemon [_thread_blocked, id=10276, stack(0x000000da54900000,0x000000da54a00000) (1024K)]
  0x0000024695549ee0 JavaThread "Notification Thread"        daemon [_thread_blocked, id=13712, stack(0x000000da54a00000,0x000000da54b00000) (1024K)]
  0x00000246958114b0 JavaThread "C2 CompilerThread1"         daemon [_thread_blocked, id=26376, stack(0x000000da54e00000,0x000000da54f00000) (1024K)]
  0x0000024695812990 JavaThread "C2 CompilerThread2"         daemon [_thread_blocked, id=14296, stack(0x000000da54f00000,0x000000da55000000) (1024K)]
  0x0000024695eb70d0 JavaThread "C2 CompilerThread3"         daemon [_thread_blocked, id=17364, stack(0x000000da55000000,0x000000da55100000) (1024K)]
  0x0000024695f61c50 JavaThread "C2 CompilerThread4"         daemon [_thread_in_native, id=24276, stack(0x000000da55100000,0x000000da55200000) (1024K)]
  0x0000024695dd2930 JavaThread "C2 CompilerThread5"         daemon [_thread_in_native, id=13016, stack(0x000000da55200000,0x000000da55300000) (1024K)]
Total: 23

Other Threads:
  0x000002464c8cf5d0 VMThread "VM Thread"                           [id=26216, stack(0x000000da53c00000,0x000000da53d00000) (1024K)]
  0x000002464c81f9b0 WatcherThread "VM Periodic Task Thread"        [id=21436, stack(0x000000da53b00000,0x000000da53c00000) (1024K)]
  0x000002464c74fd90 WorkerThread "GC Thread#0"                     [id=5200, stack(0x000000da53600000,0x000000da53700000) (1024K)]
  0x0000024695fae950 WorkerThread "GC Thread#1"                     [id=28848, stack(0x000000da55500000,0x000000da55600000) (1024K)]
  0x0000024696021140 WorkerThread "GC Thread#2"                     [id=26920, stack(0x000000da55600000,0x000000da55700000) (1024K)]
  0x000002469623a450 WorkerThread "GC Thread#3"                     [id=7228, stack(0x000000da55700000,0x000000da55800000) (1024K)]
  0x00000246964be720 WorkerThread "GC Thread#4"                     [id=22276, stack(0x000000da55800000,0x000000da55900000) (1024K)]
  0x0000024696b2c1a0 WorkerThread "GC Thread#5"                     [id=13752, stack(0x000000da55900000,0x000000da55a00000) (1024K)]
  0x0000024696b2c550 WorkerThread "GC Thread#6"                     [id=27712, stack(0x000000da55a00000,0x000000da55b00000) (1024K)]
  0x00000246967998e0 WorkerThread "GC Thread#7"                     [id=31212, stack(0x000000da55b00000,0x000000da55c00000) (1024K)]
  0x000002469679a7a0 WorkerThread "GC Thread#8"                     [id=32692, stack(0x000000da55c00000,0x000000da55d00000) (1024K)]
  0x0000024696799c90 WorkerThread "GC Thread#9"                     [id=12104, stack(0x000000da55d00000,0x000000da55e00000) (1024K)]
  0x0000024696799530 WorkerThread "GC Thread#10"                    [id=29288, stack(0x000000da55e00000,0x000000da55f00000) (1024K)]
  0x000002469679a040 WorkerThread "GC Thread#11"                    [id=27524, stack(0x000000da55f00000,0x000000da56000000) (1024K)]
  0x00000246998fa870 WorkerThread "GC Thread#12"                    [id=30980, stack(0x000000da55300000,0x000000da55400000) (1024K)]
  0x00000246998fafd0 WorkerThread "GC Thread#13"                    [id=2500, stack(0x000000da55400000,0x000000da55500000) (1024K)]
  0x000002469a3bde60 WorkerThread "GC Thread#14"                    [id=8764, stack(0x000000da56000000,0x000000da56100000) (1024K)]
  0x000002462a05d290 ConcurrentGCThread "G1 Main Marker"            [id=32220, stack(0x000000da53700000,0x000000da53800000) (1024K)]
  0x000002462a05ea00 WorkerThread "G1 Conc#0"                       [id=17296, stack(0x000000da53800000,0x000000da53900000) (1024K)]
  0x000002469a3c15b0 WorkerThread "G1 Conc#1"                       [id=20384, stack(0x000000da56100000,0x000000da56200000) (1024K)]
  0x000002469a3bf830 WorkerThread "G1 Conc#2"                       [id=24624, stack(0x000000da56200000,0x000000da56300000) (1024K)]
  0x000002469a3bdab0 WorkerThread "G1 Conc#3"                       [id=19836, stack(0x000000da56300000,0x000000da56400000) (1024K)]
  0x000002464c813a80 ConcurrentGCThread "G1 Refine#0"               [id=10192, stack(0x000000da53900000,0x000000da53a00000) (1024K)]
  0x000002464c8152c0 ConcurrentGCThread "G1 Service"                [id=13160, stack(0x000000da53a00000,0x000000da53b00000) (1024K)]
Total: 24

Threads with active compile tasks:
C2 CompilerThread4  3256 4448       4       java.lang.invoke.MethodType::methodType (69 bytes)
C2 CompilerThread5  3256 4431       4       java.lang.invoke.MethodType::makeImpl (155 bytes)
Total: 2

VM state: not at safepoint (normal execution)

VM Mutex/Monitor currently owned by a thread: None

Heap address: 0x0000000601800000, size: 8168 MB, Compressed Oops mode: Zero based, Oop shift amount: 3

CDS archive(s) mapped at: [0x0000024650000000-0x0000024650d40000-0x0000024650d40000), size 13893632, SharedBaseAddress: 0x0000024650000000, ArchiveRelocationMode: 1.
Compressed class space mapped at: 0x0000024651000000-0x0000024691000000, reserved size: 1073741824
UseCompressedClassPointers 1, UseCompactObjectHeaders 0
Narrow klass pointer bits 32, Max shift 3
Narrow klass base: 0x0000024650000000, Narrow klass shift: 0
Encoding Range: [0x0000024650000000 - 0x0000024750000000), (4294967296 bytes)
Klass Range:    [0x0000024650000000 - 0x0000024691000000), (1090519040 bytes)
Klass ID Range:  [8 - 1090519033) (1090519025)

GC Precious Log:
 CardTable entry size: 512
 Card Set container configuration: InlinePtr #cards 4 size 8 Array Of Cards #cards 32 size 80 Howl #buckets 8 coarsen threshold 7372 Howl Bitmap #cards 1024 size 144 coarsen threshold 921 Card regions per heap region 1 cards per card region 8192
 CPUs: 20 total, 20 available
 Memory: 32664M
 Large Page Support: Disabled
 NUMA Support: Disabled
 Compressed Oops: Enabled (Zero based)
 Heap Region Size: 4M
 Heap Min Capacity: 8M
 Heap Initial Capacity: 512M
 Heap Max Capacity: 8168M
 Pre-touch: Disabled
 Parallel Workers: 15
 Concurrent Workers: 4
 Concurrent Refinement Workers: 15
 Periodic GC: Disabled

Heap:
 garbage-first heap   total reserved 8364032K, committed 151552K, used 42935K [0x0000000601800000, 0x0000000800000000)
  region size 4096K, 4 young (16384K), 2 survivors (8192K)
 Metaspace       used 21446K, committed 21824K, reserved 1114112K
  class space    used 1981K, committed 2176K, reserved 1048576K

Heap Regions: E=young(eden), S=young(survivor), O=old, HS=humongous(starts), HC=humongous(continues), CS=collection set, F=free, TAMS=top-at-mark-start, PB=parsable bottom
|   0|0x0000000601800000, 0x0000000601c00000, 0x0000000601c00000|100%| O|  |TAMS 0x0000000601800000| PB 0x0000000601800000| Untracked |  0
|   1|0x0000000601c00000, 0x0000000602000000, 0x0000000602000000|100%| O|  |TAMS 0x0000000601c00000| PB 0x0000000601c00000| Untracked |  0
|   2|0x0000000602000000, 0x0000000602400000, 0x0000000602400000|100%| O|  |TAMS 0x0000000602000000| PB 0x0000000602000000| Untracked |  0
|   3|0x0000000602400000, 0x0000000602800000, 0x0000000602800000|100%| O|  |TAMS 0x0000000602400000| PB 0x0000000602400000| Untracked |  0
|   4|0x0000000602800000, 0x0000000602c00000, 0x0000000602c00000|100%| O|  |TAMS 0x0000000602800000| PB 0x0000000602800000| Untracked |  0
|   5|0x0000000602c00000, 0x0000000603000000, 0x0000000603000000|100%| O|  |TAMS 0x0000000602c00000| PB 0x0000000602c00000| Untracked |  0
|   6|0x0000000603000000, 0x0000000603400000, 0x0000000603400000|100%| O|  |TAMS 0x0000000603000000| PB 0x0000000603000000| Untracked |  0
|   7|0x0000000603400000, 0x00000006034d1a00, 0x0000000603800000| 20%| O|  |TAMS 0x0000000603400000| PB 0x0000000603400000| Untracked |  0
|   8|0x0000000603800000, 0x0000000603800000, 0x0000000603c00000|  0%| F|  |TAMS 0x0000000603800000| PB 0x0000000603800000| Untracked |  0
|   9|0x0000000603c00000, 0x0000000603c00000, 0x0000000604000000|  0%| F|  |TAMS 0x0000000603c00000| PB 0x0000000603c00000| Untracked |  0
|  10|0x0000000604000000, 0x0000000604000000, 0x0000000604400000|  0%| F|  |TAMS 0x0000000604000000| PB 0x0000000604000000| Untracked |  0
|  11|0x0000000604400000, 0x0000000604400000, 0x0000000604800000|  0%| F|  |TAMS 0x0000000604400000| PB 0x0000000604400000| Untracked |  0
|  12|0x0000000604800000, 0x0000000604800000, 0x0000000604c00000|  0%| F|  |TAMS 0x0000000604800000| PB 0x0000000604800000| Untracked |  0
|  13|0x0000000604c00000, 0x0000000604c00000, 0x0000000605000000|  0%| F|  |TAMS 0x0000000604c00000| PB 0x0000000604c00000| Untracked |  0
|  14|0x0000000605000000, 0x0000000605000000, 0x0000000605400000|  0%| F|  |TAMS 0x0000000605000000| PB 0x0000000605000000| Untracked |  0
|  15|0x0000000605400000, 0x0000000605400000, 0x0000000605800000|  0%| F|  |TAMS 0x0000000605400000| PB 0x0000000605400000| Untracked |  0
|  16|0x0000000605800000, 0x0000000605800000, 0x0000000605c00000|  0%| F|  |TAMS 0x0000000605800000| PB 0x0000000605800000| Untracked |  0
|  17|0x0000000605c00000, 0x0000000605c00000, 0x0000000606000000|  0%| F|  |TAMS 0x0000000605c00000| PB 0x0000000605c00000| Untracked |  0
|  18|0x0000000606000000, 0x0000000606000000, 0x0000000606400000|  0%| F|  |TAMS 0x0000000606000000| PB 0x0000000606000000| Untracked |  0
|  19|0x0000000606400000, 0x0000000606400000, 0x0000000606800000|  0%| F|  |TAMS 0x0000000606400000| PB 0x0000000606400000| Untracked |  0
|  20|0x0000000606800000, 0x0000000606800000, 0x0000000606c00000|  0%| F|  |TAMS 0x0000000606800000| PB 0x0000000606800000| Untracked |  0
|  21|0x0000000606c00000, 0x0000000606c00000, 0x0000000607000000|  0%| F|  |TAMS 0x0000000606c00000| PB 0x0000000606c00000| Untracked |  0
|  22|0x0000000607000000, 0x0000000607000000, 0x0000000607400000|  0%| F|  |TAMS 0x0000000607000000| PB 0x0000000607000000| Untracked |  0
|  23|0x0000000607400000, 0x0000000607400000, 0x0000000607800000|  0%| F|  |TAMS 0x0000000607400000| PB 0x0000000607400000| Untracked |  0
|  24|0x0000000607800000, 0x0000000607800000, 0x0000000607c00000|  0%| F|  |TAMS 0x0000000607800000| PB 0x0000000607800000| Untracked |  0
|  25|0x0000000607c00000, 0x0000000607c00000, 0x0000000608000000|  0%| F|  |TAMS 0x0000000607c00000| PB 0x0000000607c00000| Untracked |  0
|  26|0x0000000608000000, 0x0000000608000000, 0x0000000608400000|  0%| F|  |TAMS 0x0000000608000000| PB 0x0000000608000000| Untracked |  0
|  27|0x0000000608400000, 0x0000000608400000, 0x0000000608800000|  0%| F|  |TAMS 0x0000000608400000| PB 0x0000000608400000| Untracked |  0
|  28|0x0000000608800000, 0x0000000608800000, 0x0000000608c00000|  0%| F|  |TAMS 0x0000000608800000| PB 0x0000000608800000| Untracked |  0
|  29|0x0000000608c00000, 0x0000000608c00000, 0x0000000609000000|  0%| F|  |TAMS 0x0000000608c00000| PB 0x0000000608c00000| Untracked |  0
|  30|0x0000000609000000, 0x0000000609000000, 0x0000000609400000|  0%| F|  |TAMS 0x0000000609000000| PB 0x0000000609000000| Untracked |  0
|  31|0x0000000609400000, 0x0000000609400000, 0x0000000609800000|  0%| F|  |TAMS 0x0000000609400000| PB 0x0000000609400000| Untracked |  0
|  32|0x0000000609800000, 0x0000000609ab2820, 0x0000000609c00000| 67%| E|  |TAMS 0x0000000609800000| PB 0x0000000609800000| Complete |  0
|  62|0x0000000611000000, 0x0000000611400000, 0x0000000611400000|100%| S|CS|TAMS 0x0000000611000000| PB 0x0000000611000000| Complete |  0
|  70|0x0000000613000000, 0x0000000613400000, 0x0000000613400000|100%| S|CS|TAMS 0x0000000613000000| PB 0x0000000613000000| Complete |  0
| 127|0x0000000621400000, 0x0000000621800000, 0x0000000621800000|100%| E|CS|TAMS 0x0000000621400000| PB 0x0000000621400000| Complete |  0
|2041|0x00000007ffc00000, 0x00000007ffd1c320, 0x0000000800000000| 27%| O|Cm|TAMS 0x00000007ffc00000| PB 0x00000007ffc00000| Complete |  0

Card table byte_map: [0x0000024643660000,0x0000024644660000] _byte_map_base: 0x0000024640654000

Marking Bits: (CMBitMap*) 0x000002464c7502b0
 Bits: [0x0000024644660000, 0x000002464c600000)

Polling page: 0x0000024629770000

Metaspace:

Usage:
  Non-class:     19.01 MB used.
      Class:      1.94 MB used.
       Both:     20.94 MB used.

Virtual space:
  Non-class space:       64.00 MB reserved,      19.19 MB ( 30%) committed,  1 nodes.
      Class space:        1.00 GB reserved,       2.12 MB ( <1%) committed,  1 nodes.
             Both:        1.06 GB reserved,      21.31 MB (  2%) committed. 

Chunk freelists:
   Non-Class:  12.59 MB
       Class:  13.92 MB
        Both:  26.52 MB

MaxMetaspaceSize: unlimited
CompressedClassSpaceSize: 1.00 GB
Initial GC threshold: 21.00 MB
Current GC threshold: 35.12 MB
CDS: on
 - commit_granule_bytes: 65536.
 - commit_granule_words: 8192.
 - virtual_space_node_default_size: 8388608.
 - enlarge_chunks_in_place: 1.
UseCompressedClassPointers 1, UseCompactObjectHeaders 0
Narrow klass pointer bits 32, Max shift 3
Narrow klass base: 0x0000024650000000, Narrow klass shift: 0
Encoding Range: [0x0000024650000000 - 0x0000024750000000), (4294967296 bytes)
Klass Range:    [0x0000024650000000 - 0x0000024691000000), (1090519040 bytes)
Klass ID Range:  [8 - 1090519033) (1090519025)


Internal statistics:

num_allocs_failed_limit: 3.
num_arena_births: 348.
num_arena_deaths: 0.
num_vsnodes_births: 2.
num_vsnodes_deaths: 0.
num_space_committed: 341.
num_space_uncommitted: 0.
num_chunks_returned_to_freelist: 3.
num_chunks_taken_from_freelist: 764.
num_chunk_merges: 0.
num_chunk_splits: 467.
num_chunks_enlarged: 305.
num_inconsistent_stats: 0.

CodeHeap 'non-profiled nmethods': size=119232Kb used=2864Kb max_used=2864Kb free=116367Kb
 bounds [0x000002463a640000, 0x000002463a910000, 0x0000024641ab0000]
CodeHeap 'profiled nmethods': size=119104Kb used=7596Kb max_used=7596Kb free=111507Kb
 bounds [0x0000024632ab0000, 0x0000024633220000, 0x0000024639f00000]
CodeHeap 'non-nmethods': size=7424Kb used=3189Kb max_used=3243Kb free=4235Kb
 bounds [0x0000024639f00000, 0x000002463a230000, 0x000002463a640000]
CodeCache: size=245760Kb, used=13649Kb, max_used=13703Kb, free=232109Kb
 total_blobs=5171, nmethods=4564, adapters=508, full_count=0
Compilation: enabled, stopped_count=0, restarted_count=0

Compilation events (20 events):
Event: 3.117 Thread 0x000002464c8f06a0 nmethod 4554 0x0000024633216c88 code [0x0000024633216dc0, 0x0000024633217048]
Event: 3.117 Thread 0x000002464fbf3940 nmethod 4557 0x0000024633217088 code [0x00000246332171c0, 0x00000246332175a0]
Event: 3.117 Thread 0x000002464fbf21a0 nmethod 4556 0x0000024633217608 code [0x0000024633217760, 0x0000024633217c20]
Event: 3.118 Thread 0x000002464c8ed8b0 nmethod 4553 0x000002463a90a608 code [0x000002463a90a760, 0x000002463a90ac58]
Event: 3.119 Thread 0x000002464fbf3940 4563       3       java.lang.invoke.LambdaForm::fixResult (31 bytes)
Event: 3.119 Thread 0x000002464fbf21a0 4562       3       java.lang.invoke.LambdaForm::create (95 bytes)
Event: 3.119 Thread 0x000002464c8f06a0 4564       3       java.lang.invoke.LambdaForm::<init> (53 bytes)
Event: 3.119 Thread 0x000002464fa639d0 4565       3       java.lang.invoke.InvokerBytecodeGenerator::generateCustomizedCode (34 bytes)
Event: 3.119 Thread 0x000002464c8f06a0 nmethod 4564 0x0000024633217c88 code [0x0000024633217da0, 0x0000024633218088]
Event: 3.119 Thread 0x000002464fa639d0 nmethod 4565 0x0000024633218108 code [0x0000024633218260, 0x0000024633218528]
Event: 3.120 Thread 0x000002464c8f06a0 4566       3       java.lang.invoke.InvokerBytecodeGenerator::lookupPregenerated (294 bytes)
Event: 3.120 Thread 0x000002464fbf3940 nmethod 4563 0x0000024633218588 code [0x00000246332186a0, 0x0000024633218868]
Event: 3.120 Thread 0x000002464fbf21a0 nmethod 4562 0x0000024633218888 code [0x0000024633218a00, 0x0000024633218fb0]
Event: 3.120 Thread 0x000002464c8f06a0 nmethod 4566 0x0000024633219008 code [0x0000024633219300, 0x000002463321ae88]
Event: 3.121 Thread 0x0000024695812990 4568       4       jdk.internal.classfile.impl.StackMapGenerator$Frame::checkLocal (97 bytes)
Event: 3.123 Thread 0x0000024695812990 nmethod 4568 0x000002463a90b908 code [0x000002463a90ba40, 0x000002463a90bf30]
Event: 3.124 Thread 0x0000024695eb70d0 4569       4       java.lang.invoke.MethodTypeForm::canonicalize (74 bytes)
Event: 3.124 Thread 0x0000024695eb70d0 nmethod 4569 0x000002463a90bf88 code [0x000002463a90c080, 0x000002463a90c160]
Event: 3.125 Thread 0x000002464c8f06a0 4570       3       jdk.internal.loader.NativeLibraries$NativeLibraryImpl::find (9 bytes)
Event: 3.125 Thread 0x000002464c8f06a0 nmethod 4570 0x000002463321af08 code [0x000002463321b020, 0x000002463321b168]

GC Heap History (6 events):
Event: 0.728 GC heap before
{Heap before GC invocations=0 (full 0):
 garbage-first heap   total reserved 8364032K, committed 528384K, used 50288K [0x0000000601800000, 0x0000000800000000)
  region size 4096K, 12 young (49152K), 0 survivors (0K)
 Metaspace       used 5181K, committed 5312K, reserved 1114112K
  class space    used 402K, committed 448K, reserved 1048576K
}
Event: 0.733 GC heap after
{Heap after GC invocations=1 (full 0):
 garbage-first heap   total reserved 8364032K, committed 528384K, used 11216K [0x0000000601800000, 0x0000000800000000)
  region size 4096K, 2 young (8192K), 2 survivors (8192K)
 Metaspace       used 5181K, committed 5312K, reserved 1114112K
  class space    used 402K, committed 448K, reserved 1048576K
}
Event: 1.625 GC heap before
{Heap before GC invocations=1 (full 0):
 garbage-first heap   total reserved 8364032K, committed 528384K, used 236496K [0x0000000601800000, 0x0000000800000000)
  region size 4096K, 58 young (237568K), 2 survivors (8192K)
 Metaspace       used 7712K, committed 7872K, reserved 1114112K
  class space    used 605K, committed 704K, reserved 1048576K
}
Event: 1.632 GC heap after
{Heap after GC invocations=2 (full 0):
 garbage-first heap   total reserved 8364032K, committed 528384K, used 30762K [0x0000000601800000, 0x0000000800000000)
  region size 4096K, 7 young (28672K), 7 survivors (28672K)
 Metaspace       used 7712K, committed 7872K, reserved 1114112K
  class space    used 605K, committed 704K, reserved 1048576K
}
Event: 3.076 GC heap before
{Heap before GC invocations=2 (full 0):
 garbage-first heap   total reserved 8364032K, committed 528384K, used 260138K [0x0000000601800000, 0x0000000800000000)
  region size 4096K, 64 young (262144K), 7 survivors (28672K)
 Metaspace       used 21158K, committed 21504K, reserved 1114112K
  class space    used 1952K, committed 2112K, reserved 1048576K
}
Event: 3.085 GC heap after
{Heap after GC invocations=3 (full 0):
 garbage-first heap   total reserved 8364032K, committed 528384K, used 38839K [0x0000000601800000, 0x0000000800000000)
  region size 4096K, 2 young (8192K), 2 survivors (8192K)
 Metaspace       used 21158K, committed 21504K, reserved 1114112K
  class space    used 1952K, committed 2112K, reserved 1048576K
}

Dll operation events (12 events):
Event: 0.012 Loaded shared library C:\Program Files\Eclipse Adoptium\jdk-24.0.2.12-hotspot\bin\java.dll
Event: 0.013 Loaded shared library C:\Program Files\Eclipse Adoptium\jdk-24.0.2.12-hotspot\bin\zip.dll
Event: 0.036 Loaded shared library C:\Program Files\Eclipse Adoptium\jdk-24.0.2.12-hotspot\bin\jsvml.dll
Event: 0.130 Loaded shared library C:\Program Files\Eclipse Adoptium\jdk-24.0.2.12-hotspot\bin\net.dll
Event: 0.132 Loaded shared library C:\Program Files\Eclipse Adoptium\jdk-24.0.2.12-hotspot\bin\nio.dll
Event: 0.134 Loaded shared library C:\Program Files\Eclipse Adoptium\jdk-24.0.2.12-hotspot\bin\zip.dll
Event: 0.284 Loaded shared library C:\Program Files\Eclipse Adoptium\jdk-24.0.2.12-hotspot\bin\instrument.dll
Event: 0.350 Loaded shared library C:\Program Files\Eclipse Adoptium\jdk-24.0.2.12-hotspot\bin\jimage.dll
Event: 0.662 Loaded shared library C:\Program Files\Eclipse Adoptium\jdk-24.0.2.12-hotspot\bin\verify.dll
Event: 2.167 Loaded shared library C:\Program Files\Eclipse Adoptium\jdk-24.0.2.12-hotspot\bin\management.dll
Event: 2.170 Loaded shared library C:\Program Files\Eclipse Adoptium\jdk-24.0.2.12-hotspot\bin\management_ext.dll
Event: 3.101 Loaded shared library C:\Users\finba\AppData\Local\Temp\lwjglfinba\3.3.1-build-7\lwjgl.dll

Deoptimization events (20 events):
Event: 3.096 Thread 0x0000024627c65e70 DEOPT PACKING pc=0x0000024632cc4b6c sp=0x000000da535fce50
Event: 3.096 Thread 0x0000024627c65e70 DEOPT UNPACKING pc=0x0000024639f55722 sp=0x000000da535fc330 mode 1
Event: 3.099 Thread 0x0000024627c65e70 DEOPT PACKING pc=0x0000024632dde194 sp=0x000000da535fcc50
Event: 3.099 Thread 0x0000024627c65e70 DEOPT UNPACKING pc=0x0000024639f55722 sp=0x000000da535fc128 mode 1
Event: 3.099 Thread 0x0000024627c65e70 DEOPT PACKING pc=0x0000024632de1cd4 sp=0x000000da535fcd10
Event: 3.099 Thread 0x0000024627c65e70 DEOPT UNPACKING pc=0x0000024639f55722 sp=0x000000da535fc1f0 mode 1
Event: 3.099 Thread 0x0000024627c65e70 DEOPT PACKING pc=0x0000024632dddb34 sp=0x000000da535fcdf0
Event: 3.099 Thread 0x0000024627c65e70 DEOPT UNPACKING pc=0x0000024639f55722 sp=0x000000da535fc2d8 mode 1
Event: 3.103 Thread 0x0000024627c65e70 DEOPT PACKING pc=0x0000024632cc4b6c sp=0x000000da535fd9b0
Event: 3.103 Thread 0x0000024627c65e70 DEOPT UNPACKING pc=0x0000024639f55722 sp=0x000000da535fce90 mode 1
Event: 3.103 Thread 0x0000024627c65e70 DEOPT PACKING pc=0x000002463a872e14 sp=0x000000da535fdb10
Event: 3.103 Thread 0x0000024627c65e70 DEOPT UNPACKING pc=0x0000024639f55722 sp=0x000000da535fd038 mode 1
Event: 3.106 Thread 0x0000024627c65e70 DEOPT PACKING pc=0x0000024632cc4b6c sp=0x000000da535fd9d0
Event: 3.106 Thread 0x0000024627c65e70 DEOPT UNPACKING pc=0x0000024639f55722 sp=0x000000da535fceb0 mode 1
Event: 3.107 Thread 0x0000024627c65e70 DEOPT PACKING pc=0x0000024632dde194 sp=0x000000da535fd7e0
Event: 3.107 Thread 0x0000024627c65e70 DEOPT UNPACKING pc=0x0000024639f55722 sp=0x000000da535fccb8 mode 1
Event: 3.107 Thread 0x0000024627c65e70 DEOPT PACKING pc=0x0000024632de1cd4 sp=0x000000da535fd8a0
Event: 3.107 Thread 0x0000024627c65e70 DEOPT UNPACKING pc=0x0000024639f55722 sp=0x000000da535fcd80 mode 1
Event: 3.107 Thread 0x0000024627c65e70 DEOPT PACKING pc=0x0000024632dddb34 sp=0x000000da535fd980
Event: 3.107 Thread 0x0000024627c65e70 DEOPT UNPACKING pc=0x0000024639f55722 sp=0x000000da535fce68 mode 1

Classes loaded (20 events):
Event: 3.110 Loading class java/nio/ShortBuffer
Event: 3.110 Loading class java/nio/ShortBuffer done
Event: 3.112 Loading class java/nio/DirectByteBuffer$Deallocator
Event: 3.112 Loading class java/nio/DirectByteBuffer$Deallocator done
Event: 3.113 Loading class java/nio/DirectShortBufferU
Event: 3.113 Loading class java/nio/DirectShortBufferU done
Event: 3.113 Loading class java/nio/DirectCharBufferU
Event: 3.113 Loading class java/nio/DirectCharBufferU done
Event: 3.114 Loading class java/nio/DirectFloatBufferU
Event: 3.114 Loading class java/nio/DirectFloatBufferU done
Event: 3.114 Loading class java/nio/DirectDoubleBufferU
Event: 3.114 Loading class java/nio/DirectDoubleBufferU done
Event: 3.122 Loading class java/nio/InvalidMarkException
Event: 3.122 Loading class java/nio/InvalidMarkException done
Event: 3.122 Loading class java/nio/BufferUnderflowException
Event: 3.122 Loading class java/nio/BufferUnderflowException done
Event: 3.124 Loading class org/lwjgl/system/MemoryStack
Event: 3.124 Loading class org/lwjgl/system/MemoryStack done
Event: 3.124 Loading class org/lwjgl/system/MemoryStack
Event: 3.124 Loading class org/lwjgl/system/MemoryStack done

Classes unloaded (0 events):
No events

Classes redefined (1 events):
Event: 0.306 Thread 0x000002464c8cf5d0 redefined class name=java.lang.Throwable, count=1

Internal exceptions (20 events):
Event: 3.074 Thread 0x0000024627c65e70 Exception <a 'java/lang/NoSuchMethodError'{0x0000000613bff138}: 'void java.lang.System.loadLibrary(java.lang.String, java.lang.Class)'> (0x0000000613bff138) 
thrown [s\src\hotspot\share\interpreter\linkResolver.cpp, line 805]
Event: 3.089 Thread 0x0000024627c65e70 Exception <a 'sun/nio/fs/WindowsException'{0x000000062145fd38}> (0x000000062145fd38) 
thrown [s\src\hotspot\share\prims\jni.cpp, line 518]
Event: 3.090 Thread 0x0000024627c65e70 Exception <a 'sun/nio/fs/WindowsException'{0x00000006214601b0}> (0x00000006214601b0) 
thrown [s\src\hotspot\share\prims\jni.cpp, line 518]
Event: 3.090 Thread 0x0000024627c65e70 Exception <a 'sun/nio/fs/WindowsException'{0x00000006214605f8}> (0x00000006214605f8) 
thrown [s\src\hotspot\share\prims\jni.cpp, line 518]
Event: 3.093 Thread 0x0000024627c65e70 Exception <a 'sun/nio/fs/WindowsException'{0x0000000621462190}> (0x0000000621462190) 
thrown [s\src\hotspot\share\prims\jni.cpp, line 518]
Event: 3.093 Thread 0x0000024627c65e70 Exception <a 'sun/nio/fs/WindowsException'{0x0000000621462918}> (0x0000000621462918) 
thrown [s\src\hotspot\share\prims\jni.cpp, line 518]
Event: 3.096 Thread 0x0000024627c65e70 Exception <a 'sun/nio/fs/WindowsException'{0x00000006215ba410}> (0x00000006215ba410) 
thrown [s\src\hotspot\share\prims\jni.cpp, line 518]
Event: 3.099 Thread 0x0000024627c65e70 Exception <a 'sun/nio/fs/WindowsException'{0x00000006215df458}> (0x00000006215df458) 
thrown [s\src\hotspot\share\prims\jni.cpp, line 518]
Event: 3.099 Thread 0x0000024627c65e70 Exception <a 'sun/nio/fs/WindowsException'{0x00000006215df7c8}> (0x00000006215df7c8) 
thrown [s\src\hotspot\share\prims\jni.cpp, line 518]
Event: 3.103 Thread 0x0000024627c65e70 Exception <a 'sun/nio/fs/WindowsException'{0x00000006217481f8}> (0x00000006217481f8) 
thrown [s\src\hotspot\share\prims\jni.cpp, line 518]
Event: 3.104 Thread 0x0000024627c65e70 Exception <a 'sun/nio/fs/WindowsException'{0x0000000621748968}> (0x0000000621748968) 
thrown [s\src\hotspot\share\prims\jni.cpp, line 518]
Event: 3.106 Thread 0x0000024627c65e70 Exception <a 'sun/nio/fs/WindowsException'{0x00000006217aab00}> (0x00000006217aab00) 
thrown [s\src\hotspot\share\prims\jni.cpp, line 518]
Event: 3.107 Thread 0x0000024627c65e70 Exception <a 'sun/nio/fs/WindowsException'{0x00000006217cb7f0}> (0x00000006217cb7f0) 
thrown [s\src\hotspot\share\prims\jni.cpp, line 518]
Event: 3.107 Thread 0x0000024627c65e70 Exception <a 'sun/nio/fs/WindowsException'{0x00000006217cbb70}> (0x00000006217cbb70) 
thrown [s\src\hotspot\share\prims\jni.cpp, line 518]
Event: 3.116 Thread 0x0000024627c65e70 Exception <a 'java/lang/NoSuchMethodError'{0x000000060991e3c8}: 'int java.lang.invoke.DirectMethodHandle$Holder.invokeStaticInit(java.lang.Object, java.lang.Object, int, long)'> (0x000000060991e3c8) 
thrown [s\src\hotspot\share\interpreter\linkResolver.cpp, line 805]
Event: 3.117 Thread 0x0000024627c65e70 Exception <a 'java/lang/NoSuchMethodError'{0x000000060992d690}: 'java.lang.Object java.lang.invoke.DirectMethodHandle$Holder.newInvokeSpecial(java.lang.Object, java.lang.Object, int)'> (0x000000060992d690) 
thrown [s\src\hotspot\share\interpreter\linkResolver.cpp, line 805]
Event: 3.118 Thread 0x0000024627c65e70 Exception <a 'java/lang/NoSuchMethodError'{0x000000060994b308}: 'int java.lang.invoke.DirectMethodHandle$Holder.invokeStaticInit(java.lang.Object, java.lang.Object, long, long)'> (0x000000060994b308) 
thrown [s\src\hotspot\share\interpreter\linkResolver.cpp, line 805]
Event: 3.119 Thread 0x0000024627c65e70 Exception <a 'java/lang/NoSuchMethodError'{0x000000060995a738}: 'java.lang.Object java.lang.invoke.DirectMethodHandle$Holder.newInvokeSpecial(java.lang.Object, java.lang.Object, long)'> (0x000000060995a738) 
thrown [s\src\hotspot\share\interpreter\linkResolver.cpp, line 805]
Event: 3.119 Thread 0x0000024627c65e70 Exception <a 'java/lang/NoSuchMethodError'{0x0000000609963360}: 'java.lang.Object java.lang.invoke.Invokers$Holder.linkToTargetMethod(java.lang.Object, long, java.lang.Object)'> (0x0000000609963360) 
thrown [s\src\hotspot\share\interpreter\linkResolver.cpp, line 805]
Event: 3.120 Thread 0x0000024627c65e70 Exception <a 'java/lang/NoSuchMethodError'{0x0000000609973a48}: 'int java.lang.invoke.DirectMethodHandle$Holder.invokeStaticInit(java.lang.Object, java.lang.Object, java.lang.Object, long)'> (0x0000000609973a48) 
thrown [s\src\hotspot\share\interpreter\linkResolver.cpp, line 805]

VM Operations (20 events):
Event: 2.742 Executing VM operation: HandshakeAllThreads (Deoptimize)
Event: 2.742 Executing VM operation: HandshakeAllThreads (Deoptimize) done
Event: 2.782 Executing VM operation: HandshakeAllThreads (Deoptimize)
Event: 2.782 Executing VM operation: HandshakeAllThreads (Deoptimize) done
Event: 2.836 Executing VM operation: HandshakeAllThreads (Deoptimize)
Event: 2.836 Executing VM operation: HandshakeAllThreads (Deoptimize) done
Event: 2.838 Executing VM operation: HandshakeAllThreads (Deoptimize)
Event: 2.838 Executing VM operation: HandshakeAllThreads (Deoptimize) done
Event: 2.900 Executing VM operation: HandshakeAllThreads (Deoptimize)
Event: 2.900 Executing VM operation: HandshakeAllThreads (Deoptimize) done
Event: 2.916 Executing VM operation: HandshakeAllThreads (Deoptimize)
Event: 2.916 Executing VM operation: HandshakeAllThreads (Deoptimize) done
Event: 2.969 Executing VM operation: HandshakeAllThreads (Deoptimize)
Event: 2.970 Executing VM operation: HandshakeAllThreads (Deoptimize) done
Event: 3.076 Executing VM operation: CollectForMetadataAllocation (Metadata GC Threshold)
Event: 3.085 Executing VM operation: CollectForMetadataAllocation (Metadata GC Threshold) done
Event: 3.090 Executing VM operation: G1PauseRemark
Event: 3.092 Executing VM operation: G1PauseRemark done
Event: 3.095 Executing VM operation: G1PauseCleanup
Event: 3.095 Executing VM operation: G1PauseCleanup done

Memory protections (0 events):
No events

Nmethod flushes (0 events):
No events

Events (20 events):
Event: 0.182 Thread 0x0000024627c65e70 Thread added: 0x0000024695652950
Event: 0.182 Thread 0x0000024627c65e70 Thread added: 0x000002469559ee30
Event: 0.182 Thread 0x0000024695652950 Thread added: 0x0000024695663a10
Event: 0.284 Thread 0x000002464fd16a00 Thread exited: 0x000002464fd16a00
Event: 0.285 Thread 0x0000024695078b90 Thread exited: 0x0000024695078b90
Event: 0.316 Thread 0x0000024627c65e70 Thread added: 0x00000246952c2b80
Event: 0.317 Thread 0x0000024627c65e70 Thread added: 0x0000024695549ee0
Event: 0.374 Thread 0x000002464c8ed8b0 Thread added: 0x00000246958114b0
Event: 0.374 Thread 0x000002464c8ed8b0 Thread added: 0x0000024695812990
Event: 0.609 Thread 0x000002464c8ed8b0 Thread added: 0x0000024695eb70d0
Event: 0.609 Thread 0x000002464c8ed8b0 Thread added: 0x0000024695f61c50
Event: 0.609 Thread 0x000002464c8ed8b0 Thread added: 0x0000024695dd2930
Event: 0.622 Thread 0x00000246958114b0 Thread added: 0x000002469608a240
Event: 0.622 Thread 0x00000246958114b0 Thread added: 0x0000024695e15f90
Event: 2.107 Thread 0x0000024695e15f90 Thread exited: 0x0000024695e15f90
Event: 2.379 Thread 0x000002469608a240 Thread exited: 0x000002469608a240
Event: 2.750 Thread 0x0000024627c65e70 Thread added: 0x000002469781d7d0
Event: 2.754 Thread 0x000002469781d7d0 Thread exited: 0x000002469781d7d0
Event: 2.763 Thread 0x0000024627c65e70 Thread added: 0x000002469781d7d0
Event: 2.765 Thread 0x000002469781d7d0 Thread exited: 0x000002469781d7d0


Dynamic libraries:
0x00007ff7854f0000 - 0x00007ff7854fe000 	C:\Program Files\Eclipse Adoptium\jdk-24.0.2.12-hotspot\bin\java.exe
0x00007ffd80330000 - 0x00007ffd80547000 	C:\WINDOWS\SYSTEM32\ntdll.dll
0x00007ffd7e4f0000 - 0x00007ffd7e5b4000 	C:\WINDOWS\System32\KERNEL32.DLL
0x00007ffd7d8c0000 - 0x00007ffd7dc93000 	C:\WINDOWS\System32\KERNELBASE.dll
0x00007ffd7de80000 - 0x00007ffd7df91000 	C:\WINDOWS\System32\ucrtbase.dll
0x00007ffd73a70000 - 0x00007ffd73a8e000 	C:\Program Files\Eclipse Adoptium\jdk-24.0.2.12-hotspot\bin\VCRUNTIME140.dll
0x00007ffd42050000 - 0x00007ffd42066000 	C:\Program Files\Eclipse Adoptium\jdk-24.0.2.12-hotspot\bin\jli.dll
0x00007ffd7fb10000 - 0x00007ffd7fcc2000 	C:\WINDOWS\System32\USER32.dll
0x00007ffd7dfa0000 - 0x00007ffd7dfc6000 	C:\WINDOWS\System32\win32u.dll
0x00007ffd59e00000 - 0x00007ffd5a09c000 	C:\WINDOWS\WinSxS\amd64_microsoft.windows.common-controls_6595b64144ccf1df_6.0.22621.5983_none_2714a6b37381578e\COMCTL32.dll
0x00007ffd80280000 - 0x00007ffd802a9000 	C:\WINDOWS\System32\GDI32.dll
0x00007ffd7ed50000 - 0x00007ffd7edf7000 	C:\WINDOWS\System32\msvcrt.dll
0x00007ffd7d430000 - 0x00007ffd7d553000 	C:\WINDOWS\System32\gdi32full.dll
0x00007ffd7dde0000 - 0x00007ffd7de7a000 	C:\WINDOWS\System32\msvcp_win.dll
0x00007ffd802b0000 - 0x00007ffd802e1000 	C:\WINDOWS\System32\IMM32.DLL
0x00007ffd73a60000 - 0x00007ffd73a6c000 	C:\Program Files\Eclipse Adoptium\jdk-24.0.2.12-hotspot\bin\vcruntime140_1.dll
0x00007ffd37b00000 - 0x00007ffd37b8d000 	C:\Program Files\Eclipse Adoptium\jdk-24.0.2.12-hotspot\bin\msvcp140.dll
0x00007ffcac140000 - 0x00007ffcacfac000 	C:\Program Files\Eclipse Adoptium\jdk-24.0.2.12-hotspot\bin\server\jvm.dll
0x00007ffd7eb10000 - 0x00007ffd7ebc1000 	C:\WINDOWS\System32\ADVAPI32.dll
0x00007ffd7e440000 - 0x00007ffd7e4e8000 	C:\WINDOWS\System32\sechost.dll
0x00007ffd7d810000 - 0x00007ffd7d838000 	C:\WINDOWS\System32\bcrypt.dll
0x00007ffd7fe30000 - 0x00007ffd7ff48000 	C:\WINDOWS\System32\RPCRT4.dll
0x00007ffd7fcd0000 - 0x00007ffd7fd41000 	C:\WINDOWS\System32\WS2_32.dll
0x00007ffd7c220000 - 0x00007ffd7c26d000 	C:\WINDOWS\SYSTEM32\POWRPROF.dll
0x00007ffd765c0000 - 0x00007ffd765f4000 	C:\WINDOWS\SYSTEM32\WINMM.dll
0x00007ffd75470000 - 0x00007ffd7547a000 	C:\WINDOWS\SYSTEM32\VERSION.dll
0x00007ffd7c200000 - 0x00007ffd7c213000 	C:\WINDOWS\SYSTEM32\UMPDC.dll
0x00007ffd7c4b0000 - 0x00007ffd7c4c8000 	C:\WINDOWS\SYSTEM32\kernel.appcore.dll
0x00007ffd3b930000 - 0x00007ffd3b93a000 	C:\Program Files\Eclipse Adoptium\jdk-24.0.2.12-hotspot\bin\jimage.dll
0x00007ffd73100000 - 0x00007ffd73333000 	C:\WINDOWS\SYSTEM32\DBGHELP.DLL
0x00007ffd7dfd0000 - 0x00007ffd7e361000 	C:\WINDOWS\System32\combase.dll
0x00007ffd7fd50000 - 0x00007ffd7fe28000 	C:\WINDOWS\System32\OLEAUT32.dll
0x00007ffd730c0000 - 0x00007ffd730f2000 	C:\WINDOWS\SYSTEM32\dbgcore.DLL
0x00007ffd7d840000 - 0x00007ffd7d8bb000 	C:\WINDOWS\System32\bcryptPrimitives.dll
0x00007ffd37a40000 - 0x00007ffd37a7c000 	C:\Program Files\Eclipse Adoptium\jdk-24.0.2.12-hotspot\bin\jdwp.dll
0x00007ffd3b920000 - 0x00007ffd3b92f000 	C:\Program Files\Eclipse Adoptium\jdk-24.0.2.12-hotspot\bin\instrument.dll
0x00007ffd38870000 - 0x00007ffd3888e000 	C:\Program Files\Eclipse Adoptium\jdk-24.0.2.12-hotspot\bin\java.dll
0x00007ffd800e0000 - 0x00007ffd80280000 	C:\WINDOWS\System32\ole32.dll
0x00007ffd7f0a0000 - 0x00007ffd7f93e000 	C:\WINDOWS\System32\SHELL32.dll
0x00007ffd7d6d0000 - 0x00007ffd7d80f000 	C:\WINDOWS\System32\wintypes.dll
0x00007ffd37020000 - 0x00007ffd37037000 	C:\Program Files\Eclipse Adoptium\jdk-24.0.2.12-hotspot\bin\zip.dll
0x00007ffd7b2c0000 - 0x00007ffd7bbd8000 	C:\WINDOWS\SYSTEM32\windows.storage.dll
0x00007ffd7ebd0000 - 0x00007ffd7ecd4000 	C:\WINDOWS\System32\SHCORE.dll
0x00007ffd7ece0000 - 0x00007ffd7ed49000 	C:\WINDOWS\System32\shlwapi.dll
0x00007ffd7d360000 - 0x00007ffd7d385000 	C:\WINDOWS\SYSTEM32\profapi.dll
0x00007ffce9030000 - 0x00007ffce9107000 	C:\Program Files\Eclipse Adoptium\jdk-24.0.2.12-hotspot\bin\jsvml.dll
0x00007ffd3b910000 - 0x00007ffd3b920000 	C:\Program Files\Eclipse Adoptium\jdk-24.0.2.12-hotspot\bin\net.dll
0x00007ffd7c970000 - 0x00007ffd7c9d9000 	C:\WINDOWS\system32\mswsock.dll
0x00007ffd36c10000 - 0x00007ffd36c26000 	C:\Program Files\Eclipse Adoptium\jdk-24.0.2.12-hotspot\bin\nio.dll
0x00007ffd38560000 - 0x00007ffd3856c000 	C:\Program Files\Eclipse Adoptium\jdk-24.0.2.12-hotspot\bin\dt_socket.dll
0x00007ffd7bec0000 - 0x00007ffd7beed000 	C:\WINDOWS\SYSTEM32\IPHLPAPI.DLL
0x00007ffd379b0000 - 0x00007ffd379c0000 	C:\Program Files\Eclipse Adoptium\jdk-24.0.2.12-hotspot\bin\verify.dll
0x00007ffd36fc0000 - 0x00007ffd36fca000 	C:\Program Files\Eclipse Adoptium\jdk-24.0.2.12-hotspot\bin\management.dll
0x00007ffd36f90000 - 0x00007ffd36f9b000 	C:\Program Files\Eclipse Adoptium\jdk-24.0.2.12-hotspot\bin\management_ext.dll
0x00007ffd7f060000 - 0x00007ffd7f068000 	C:\WINDOWS\System32\PSAPI.DLL
0x00007ffd55c20000 - 0x00007ffd55c37000 	C:\WINDOWS\system32\napinsp.dll
0x00007ffd55c00000 - 0x00007ffd55c1b000 	C:\WINDOWS\system32\pnrpnsp.dll
0x00007ffd7bef0000 - 0x00007ffd7bfe8000 	C:\WINDOWS\SYSTEM32\DNSAPI.dll
0x00007ffd7f050000 - 0x00007ffd7f059000 	C:\WINDOWS\System32\NSI.dll
0x00007ffd55be0000 - 0x00007ffd55bf1000 	C:\WINDOWS\System32\winrnr.dll
0x00007ffd75dc0000 - 0x00007ffd75dd5000 	C:\WINDOWS\system32\wshbth.dll
0x00007ffd55bb0000 - 0x00007ffd55bd1000 	C:\WINDOWS\system32\nlansp_c.dll
0x000000005cc70000 - 0x000000005cc96000 	C:\Program Files\Bonjour\mdnsNSP.dll
0x00007ffd783b0000 - 0x00007ffd783ba000 	C:\Windows\System32\rasadhlp.dll
0x00007ffd75ea0000 - 0x00007ffd75f24000 	C:\WINDOWS\System32\fwpuclnt.dll
0x00007ffd2e990000 - 0x00007ffd2ea05000 	C:\Users\finba\AppData\Local\Temp\lwjglfinba\3.3.1-build-7\lwjgl.dll
0x00007ffd339f0000 - 0x00007ffd33a51000 	C:\Users\finba\AppData\Local\Temp\lwjglfinba\3.3.1-build-7\glfw.dll

JVMTI agents:
jdwp path:C:\Program Files\Eclipse Adoptium\jdk-24.0.2.12-hotspot\bin\jdwp.dll, loaded, initialized, options:transport=dt_socket,server=n,suspend=y,address=127.0.0.1:63835
C:\Users\finba\AppData\Local\JetBrains\IdeaIC2025.1\captureAgent\debugger-agent.jar path:C:\Program Files\Eclipse Adoptium\jdk-24.0.2.12-hotspot\bin\instrument.dll, loaded, initialized, instrumentlib options:file:///C:/Users/finba/AppData/Local/Temp/capture9811919764417146366.props

dbghelp: loaded successfully - version: 4.0.5 - missing functions: none
symbol engine: initialized successfully - sym options: 0x614 - pdb path: .;C:\Program Files\Eclipse Adoptium\jdk-24.0.2.12-hotspot\bin;C:\WINDOWS\SYSTEM32;C:\WINDOWS\WinSxS\amd64_microsoft.windows.common-controls_6595b64144ccf1df_6.0.22621.5983_none_2714a6b37381578e;C:\Program Files\Eclipse Adoptium\jdk-24.0.2.12-hotspot\bin\server;C:\Program Files\Bonjour;C:\Users\finba\AppData\Local\Temp\lwjglfinba\3.3.1-build-7

VM Arguments:
jvm_args: -Ddebugger.agent.enable.coroutines=true -Dforge.enableGameTest=true -Dforge.enabledGameTestNamespaces=ash_hollow_requiem_of_the_dead -Dforge.logging.console.level=debug -Dforge.logging.markers=REGISTRIES -DignoreList=bootstraplauncher,securejarhandler,asm-commons,asm-util,asm-analysis,asm-tree,asm,JarJarFileSystems,client-extra,fmlcore,javafmllanguage,lowcodelanguage,mclanguage,forge- -Djava.net.preferIPv6Addresses=system -Dkotlinx.coroutines.debug.enable.creation.stack.trace=false -Dkotlinx.coroutines.debug.enable.flows.stack.trace=true -Dkotlinx.coroutines.debug.enable.mutable.state.flows.stack.trace=true -DlegacyClassPath.file=C:\Users\finba\OneDrive\Documents\research\Ash Hollow Requiem of the Dead\build\classpath\runClient_minecraftClasspath.txt -DmergeModules=jna-5.10.0.jar,jna-platform-5.10.0.jar -Dmixin.env.refMapRemappingFile=C:\Users\finba\OneDrive\Documents\research\Ash Hollow Requiem of the Dead\build\createSrgToMcp\output.srg -Dmixin.env.remapRefMap=true -Dnet.minecraftforge.gradle.GradleStart.srg.srg-mcp=C:\Users\finba\OneDrive\Documents\research\Ash Hollow Requiem of the Dead\build\createSrgToMcp\output.srg --module-path=C:\Users\finba\.gradle\caches\modules-2\files-2.1\cpw.mods\bootstraplauncher\1.1.2\c546e00443d8432cda6baa1c860346980742628\bootstraplauncher-1.1.2.jar;C:\Users\finba\.gradle\caches\modules-2\files-2.1\cpw.mods\securejarhandler\2.1.10\51e6a22c6c716beb11e244bf5b8be480f51dd6b5\securejarhandler-2.1.10.jar;C:\Users\finba\.gradle\caches\modules-2\files-2.1\org.ow2.asm\asm-commons\9.7.1\406c6a2225cfe1819f102a161e54cc16a5c24f75\asm-commons-9.7.1.jar;C:\Users\finba\.gradle\caches\modules-2\files-2.1\org.ow2.asm\asm-util\9.7.1\9e23359b598ec6b74b23e53110dd5c577adf2243\asm-util-9.7.1.jar;C:\Users\finba\.gradle\caches\modules-2\files-2.1\org.ow2.asm\asm-analysis\9.7.1\f97a3b319f0ed6a8cd944dc79060d3912a28985f\asm-analysis-9.7.1.jar;C:\Users\finba\.gradle\caches\modules-2\files-2.1\org.ow2.asm\asm-tree\9.7.1\3a53139787663b139de76b627fca0084ab60d32c\asm-tree-9.7.1.jar;C:\Users\finba\.gradle\caches\modules-2\files-2.1\org.ow2.asm\asm\9.7.1\f0ed132a49244b042cd0e15702ab9f2ce3cc8436\asm-9.7.1.jar;C:\Users\finba\.gradle\caches\modules-2\files-2.1\net.minecraftforge\JarJarFileSystems\0.3.19\2464eb7d6b9ddb9db36a82cf8a95193e5c6fe020\JarJarFileSystems-0.3.19.jar --add-modules=ALL-MODULE-PATH --add-opens=java.base/java.util.jar=cpw.mods.securejarhandler --add-opens=java.base/java.lang.invoke=cpw.mods.securejarhandler --add-exports=java.base/sun.security.util=cpw.mods.securejarhandler --add-exports=jdk.naming.dns/com.sun.jndi.dns=java.naming -XX:HeapDumpPath=MojangTricksIntelDriversForPerformance_javaw.exe_minecraft.exe.heapdump --module-path=C:\Users\finba\.gradle\caches\modules-2\files-2.1\cpw.mods\bootstraplauncher\1.1.2\c546e00443d8432cda6baa1c860346980742628\bootstraplauncher-1.1.2.jar;C:\Users\finba\.gradle\caches\modules-2\files-2.1\cpw.mods\securejarhandler\2.1.10\51e6a22c6c716beb11e244bf5b8be480f51dd6b5\securejarhandler-2.1.10.jar;C:\Users\finba\.gradle\caches\modules-2\files-2.1\org.ow2.asm\asm-commons\9.7.1\406c6a2225cfe1819f102a161e54cc16a5c24f75\asm-commons-9.7.1.jar;C:\Users\finba\.gradle\caches\modules-2\files-2.1\org.ow2.asm\asm-util\9.7.1\9e23359b598ec6b74b23e53110dd5c577adf2243\asm-util-9.7.1.jar;C:\Users\finba\.gradle\caches\modules-2\files-2.1\org.ow2.asm\asm-analysis\9.7.1\f97a3b319f0ed6a8cd944dc79060d3912a28985f\asm-analysis-9.7.1.jar;C:\Users\finba\.gradle\caches\modules-2\files-2.1\org.ow2.asm\asm-tree\9.7.1\3a53139787663b139de76b627fca0084ab60d32c\asm-tree-9.7.1.jar;C:\Users\finba\.gradle\caches\modules-2\files-2.1\org.ow2.asm\asm\9.7.1\f0ed132a49244b042cd0e15702ab9f2ce3cc8436\asm-9.7.1.jar;C:\Users\finba\.gradle\caches\modules-2\files-2.1\net.minecraftforge\JarJarFileSystems\0.3.19\2464eb7d6b9ddb9db36a82cf8a95193e5c6fe020\JarJarFileSystems-0.3.19.jar --add-modules=ALL-MODULE-PATH --add-opens=java.base/java.util.jar=cpw.mods.securejarhandler --add-opens=java.base/java.lang.invoke=cpw.mods.securejarhandler --add-exports=java.base/sun.security.util=cpw.mods.securejarhandler --add-exports=jdk.naming.dns/com.sun.jndi.dns=java.naming -XX:HeapDumpPath=MojangTricksIntelDriversForPerformance_javaw.exe_minecraft.exe.heapdump -agentlib:jdwp=transport=dt_socket,server=n,suspend=y,address=127.0.0.1:63835 -javaagent:C:\Users\finba\AppData\Local\JetBrains\IdeaIC2025.1\captureAgent\debugger-agent.jar=file:///C:/Users/finba/AppData/Local/Temp/capture9811919764417146366.props -Dfile.encoding=UTF-8 -Duser.country=GB -Duser.language=en -Duser.variant 
java_command: cpw.mods.bootstraplauncher.BootstrapLauncher --launchTarget forgeclientuserdev --version MOD_DEV --assetIndex 5 --assetsDir C:\Users\finba\.gradle\caches\forge_gradle\assets --gameDir . --fml.forgeVersion 47.4.0 --fml.mcVersion 1.20.1 --fml.forgeGroup net.minecraftforge --fml.mcpVersion 20230612.114412 --mixin.config ash_hollow_requiem_of_the_dead.mixins.json
java_class_path (initial): C:\Users\finba\OneDrive\Documents\research\Ash Hollow Requiem of the Dead\build\classes\java\main;C:\Users\finba\OneDrive\Documents\research\Ash Hollow Requiem of the Dead\build\resources\main;C:\Users\finba\.gradle\caches\forge_gradle\minecraft_user_repo\net\minecraftforge\forge\1.20.1-47.4.0_mapped_official_1.20.1\forge-1.20.1-47.4.0_mapped_official_1.20.1-recomp.jar;C:\Users\finba\.gradle\caches\forge_gradle\minecraft_repo\versions\1.20.1\client-extra.jar;C:\Users\finba\.gradle\caches\modules-2\files-2.1\net.minecraftforge\fmlearlydisplay\1.20.1-47.4.0\5a0c2d1a65a422bd0e64548e58b70f4d011ef788\fmlearlydisplay-1.20.1-47.4.0.jar;C:\Users\finba\.gradle\caches\modules-2\files-2.1\net.minecraftforge\javafmllanguage\1.20.1-47.4.0\f0c0b352173d0a378cbdcec9cfc4ba65899a721\javafmllanguage-1.20.1-47.4.0.jar;C:\Users\finba\.gradle\caches\modules-2\files-2.1\net.minecraftforge\lowcodelanguage\1.20.1-47.4.0\e862740d8c84d08dbfedea412bef88fe42e727c5\lowcodelanguage-1.20.1-47.4.0.jar;C:\Users\finba\.gradle\caches\modules-2\files-2.1\net.minecraftforge\mclanguage\1.20.1-47.4.0\5719b3a297a33f877ed5dde4cb4bd75c859096af\mclanguage-1.20.1-47.4.0.jar;C:\Users\finba\.gradle\caches\modules-2\files-2.1\net.minecraftforge\fmlcore\1.20.1-47.4.0\235975dafa4309945b59c56b53f31dc5b65a6051\fmlcore-1.20.1-47.4.0.jar;C:\Users\finba\.gradle\caches\modules-2\files-2.1\net.minecraftforge\fmlloader\1.20.1-47.4.0\350292a3c597f65d130e48b6e419a2b21cba2ac1\fmlloader-1.20.1-47.4.0.jar;C:\Users\finba\.gradle\caches\modules-2\files-2.1\net.minecraftforge\JarJarSelector\0.3.19\376cc9c8ea60720cf027c01fc033de915699801c\JarJarSelector-0.3.19.jar;C:\Users\finba\.gradle\caches\modules-2\files-2.1\net.minecraftforge\JarJarMetadata\0.3.19\83feaa9b770e6ac0e96ee4fc23fa89325c5fe2\JarJarMetadata-0.3.19.jar;C:\Users\finba\.gradle\caches\modules-2\files-2.1\com.google.guava\guava\31.1-jre\60458f877d055d0c9114d9e1a2efb737b4bc282c\guava-31.1-jre.jar;C:\Users\finba\.gradle\caches\modules-2\files-2.1\com.google.code.findbugs\jsr305\3.0.2\25ea2e8b0c338a877313bd4672d3fe056ea78f0d\jsr305-3.0.2.jar;C:\Users\finba\.gradle\caches\modules-2\files-2.1\ca.weblite\java-objc-bridge\1.1\1227f9e0666314f9de41477e3ec277e542ed7f7b\java-objc-bridge-1.1.jar;C:\Users\finba\.gradle\caches\modules-2\files-2.1\net.minecraftforge\forgespi\7.0.1\3b4972a0cdb135853dba219be61a79b22cff1309\forgespi-7.0.1.jar;C:\Users\finba\.gradle\caches\modules-2\files-2.1\net.minecraftforge\mergetool\1.1.5\f3da18e12c696d35a47c82cbb2cc8b5aa15e1154\mergetool-1.1.5-api.jar;C:\Users\finba\.gradle\caches\modules-2\files-2.1\org.jetbrains\annotations\24.0.1\13c5c75c4206580aa4d683bffee658caae6c9f43\annotations-24.0.1.jar;C:\Users\finba\.gradle\caches\forge_gradle\mcp_repo\net\minecraft\mapping\1.20.1\mapping-1.20.1-mapping.zip;C:\Users\finba\.gradle\caches\modules-2\files-2.1\net.minecraftforge\accesstransformers\8.0.4\272d240aa73f42195b2a68e2ebd8b701ecf41f63\accesstransformers-8.0.4.jar;C:\Users\finba\.gradle\caches\modules-2\files-2.1\net.minecraftforge\eventbus\6.0.5\699143dd438431d06b57416944f7cedbe52e1475\eventbus-6.0.5.jar;C:\Users\finba\.gradle\caches\modules-2\files-2.1\cpw.mods\modlauncher\10.0.9\6d9443f56f50bb85cea383686ff9c867391458b\modlauncher-10.0.9.jar;C:\Users\finba\.gradle\caches\modules-2\files-2.1\cpw.mods\bootstraplauncher\1.1.2\c546e00443d8432cda6baa1c860346980742628\bootstraplauncher-1.1.2.jar;C:\Users\finba\.gradle\caches\modules-2\files-2.1\cpw.mods\securejarhandler\2.1.10\51e6a22c6c716beb11e244bf5b8be480f51dd6b5\securejarhandler-2.1.10.jar;C:\Users\finba\.gradle\caches\modules-2\files-2.1\net.minecraftforge\coremods\5.2.4\e30bab269d896613e38396274711410b3a0e4b87\coremods-5.2.4.jar;C:\Users\finba\.gradle\caches\modules-2\files-2.1\org.openjdk.nashorn\nashorn-core\15.4\f67f5ffaa5f5130cf6fb9b133da00c7df3b532a5\nashorn-core-15.4.jar;C:\Users\finba\.gradle\caches\modules-2\files-2.1\org.ow2.asm\asm-commons\9.7.1\406c6a2225cfe1819f102a161e54cc16a5c24f75\asm-commons-9.7.1.jar;C:\Users\finba\.gradle\caches\modules-2\files-2.1\org.ow2.asm\asm-util\9.7.1\9e23359b598ec6b74b23e53110dd5c577adf2243\asm-util-9.7.1.jar;C:\Users\finba\.gradle\caches\modules-2\files-2.1\org.ow2.asm\asm-analysis\9.7.1\f97a3b319f0ed6a8cd944dc79060d3912a28985f\asm-analysis-9.7.1.jar;C:\Users\finba\.gradle\caches\modules-2\files-2.1\org.ow2.asm\asm-tree\9.7.1\3a53139787663b139de76b627fca0084ab60d32c\asm-tree-9.7.1.jar;C:\Users\finba\.gradle\caches\modules-2\files-2.1\org.ow2.asm\asm\9.7.1\f0ed132a49244b042cd0e15702ab9f2ce3cc8436\asm-9.7.1.jar;C:\Users\finba\.gradle\caches\modules-2\files-2.1\org.antlr\antlr4\4.9.1\e92af8ab33e428461927b484e90bb155a4f3a052\antlr4-4.9.1.jar;C:\Users\finba\.gradle\caches\modules-2\files-2.1\org.antlr\antlr4-runtime\4.9.1\428664f05d2b7f7b7610204b5aa7c1763f62011a\antlr4-runtime-4.9.1.jar;C:\Users\finba\.gradle\caches\modules-2\files-2.1\net.minecraftforge\unsafe\0.2.0\54d7a0a5e8fdb71b973025caa46f341ae5904f39\unsafe-0.2.0.jar;C:\Users\finba\.gradle\caches\modules-2\files-2.1\com.electronwill.night-config\toml\3.6.4\51d6cefb2b55ee55ee26b16391212fb2c7dfb4f4\toml-3.6.4.jar;C:\Users\finba\.gradle\caches\modules-2\files-2.1\com.electronwill.night-config\core\3.6.4\510f174abbf1c947494db50ef2445683bd52c230\core-3.6.4.jar;C:\Users\finba\.gradle\caches\modules-2\files-2.1\org.apache.maven\maven-artifact\3.8.5\4433f50c07debefaed0553bd0068f4f48d449313\maven-artifact-3.8.5.jar;C:\Users\finba\.gradle\caches\modules-2\files-2.1\net.jodah\typetools\0.6.3\a01aaa6ddaea9ec07ec4f209487b7a46a526283a\typetools-0.6.3.jar;C:\Users\finba\.gradle\caches\modules-2\files-2.1\net.minecrell\terminalconsoleappender\1.2.0\96d02cd3b384ff015a8fef4223bcb4ccf1717c95\terminalconsoleappender-1.2.0.jar;C:\Users\finba\.gradle\caches\modules-2\files-2.1\org.jline\jline-reader\3.12.1\4382ab1382c7b6f379377ed5f665dc2f6e1218bc\jline-reader-3.12.1.jar;C:\Users\finba\.gradle\caches\modules-2\files-2.1\org.jline\jline-terminal\3.12.1\c777448314e050d980a6b697c140f3bfe9eb7416\jline-terminal-3.12.1.jar;C:\Users\finba\.gradle\caches\modules-2\files-2.1\org.spongepowered\mixin\0.8.5\9d1c0c3a304ae6697ecd477218fa61b850bf57fc\mixin-0.8.5.jar;C:\Users\finba\.gradle\caches\modules-2\files-2.1\net.minecraftforge\JarJarFileSystems\0.3.19\2464eb7d6b9ddb9db36a82cf8a95193e5c6fe020\JarJarFileSystems-0.3.19.jar;C:\Users\finba\.gradle\caches\modules-2\files-2.1\com.github.oshi\oshi-core\6.2.2\54f5efc19bca95d709d9a37d19ffcbba3d21c1a6\oshi-core-6.2.2.jar;C:\Users\finba\.gradle\caches\modules-2\files-2.1\com.google.code.gson\gson\2.10\dd9b193aef96e973d5a11ab13cd17430c2e4306b\gson-2.10.jar;C:\Users\finba\.gradle\caches\modules-2\files-2.1\com.google.guava\failureaccess\1.0.1\1dcf1de382a0bf95a3d8b0849546c88bac1292c9\failureaccess-1.0.1.jar;C:\Users\finba\.gradle\caches\modules-2\files-2.1\com.ibm.icu\icu4j\71.1\9e7d3304c23f9ba5cb71915f7cce23231a57a445\icu4j-71.1.jar;C:\Users\finba\.gradle\caches\modules-2\files-2.1\com.mojang\authlib\4.0.43\2ff9d747a77570a07a60d32ac77eb6162ad2a2d9\authlib-4.0.43.jar;C:\Users\finba\.gradle\caches\modules-2\files-2.1\com.mojang\blocklist\1.0.10\5c685c5ffa94c4cd39496c7184c1d122e515ecef\blocklist-1.0.10.jar;C:\Users\finba\.gradle\caches\modules-2\files-2.1\com.mojang\brigadier\1.1.8\5244ce82c3337bba4a196a3ce858bfaecc74404a\brigadier-1.1.8.jar;C:\Users\finba\.gradle\caches\modules-2\files-2.1\com.mojang\datafixerupper\6.0.8\3ba4a30557a9b057760af4011f909ba619fc5125\datafixerupper-6.0.8.jar;C:\Users\finba\.gradle\caches\modules-2\files-2.1\com.mojang\logging\1.1.1\832b8e6674a9b325a5175a3a6267dfaf34c85139\logging-1.1.1.jar;C:\Users\finba\.gradle\caches\modules-2\files-2.1\com.mojang\patchy\2.2.10\da05971b07cbb379d002cf7eaec6a2048211fefc\patchy-2.2.10.jar;C:\Users\finba\.gradle\caches\modules-2\files-2.1\com.mojang\text2speech\1.17.9\3cad216e3a7f0c19b4b394388bc9ffc446f13b14\text2speech-1.17.9.jar;C:\Users\finba\.gradle\caches\modules-2\files-2.1\org.apache.httpcomponents\httpclient\4.5.13\e5f6cae5ca7ecaac1ec2827a9e2d65ae2869cada\httpclient-4.5.13.jar;C:\Users\finba\.gradle\caches\modules-2\files-2.1\commons-codec\commons-codec\1.15\49d94806b6e3dc933dacbd8acb0fdbab8ebd1e5d\commons-codec-1.15.jar;C:\Users\finba\.gradle\caches\modules-2\files-2.1\commons-io\commons-io\2.11.0\a2503f302b11ebde7ebc3df41daebe0e4eea3689\commons-io-2.11.0.jar;C:\Users\finba\.gradle\caches\modules-2\files-2.1\commons-logging\commons-logging\1.2\4bfc12adfe4842bf07b657f0369c4cb522955686\commons-logging-1.2.jar;C:\Users\finba\.gradle\caches\modules-2\files-2.1\io.netty\netty-handler\4.1.82.Final\644041d1fa96a5d3130a29e8978630d716d76e38\netty-handler-4.1.82.Final.jar;C:\Users\finba\.gradle\caches\modules-2\files-2.1\io.netty\netty-codec\4.1.82.Final\b77200379acb345a9ffdece1c605e591ac3e4e0a\netty-codec-4.1.82.Final.jar;C:\Users\finba\.gradle\caches\modules-2\files-2.1\io.netty\netty-transport-classes-epoll\4.1.82.Final\e7c7dd18deac93105797f30057c912651ea76521\netty-transport-classes-epoll-4.1.82.Final.jar;C:\Users\finba\.gradle\caches\modules-2\files-2.1\io.netty\netty-transport-native-unix-common\4.1.82.Final\3e895b35ca1b8a0eca56cacff4c2dde5d2c6abce\netty-transport-native-unix-common-4.1.82.Final.jar;C:\Users\finba\.gradle\caches\modules-2\files-2.1\io.netty\netty-transport\4.1.82.Final\e431a218d91acb6476ccad5f5aafde50aa3945ca\netty-transport-4.1.82.Final.jar;C:\Users\finba\.gradle\caches\modules-2\files-2.1\io.netty\netty-buffer\4.1.82.Final\a544270cf1ae8b8077082f5036436a9a9971ea71\netty-buffer-4.1.82.Final.jar;C:\Users\finba\.gradle\caches\modules-2\files-2.1\io.netty\netty-resolver\4.1.82.Final\38f665ae8dcd29032eea31245ba7806bed2e0fa8\netty-resolver-4.1.82.Final.jar;C:\Users\finba\.gradle\caches\modules-2\files-2.1\io.netty\netty-common\4.1.82.Final\22d148e85c3f5ebdacc0ce1f5aabb1d420f73f3\netty-common-4.1.82.Final.jar;C:\Users\finba\.gradle\caches\modules-2\files-2.1\it.unimi.dsi\fastutil\8.5.9\bb7ea75ecdb216654237830b3a96d87ad91f8cc5\fastutil-8.5.9.jar;C:\Users\finba\.gradle\caches\modules-2\files-2.1\net.java.dev.jna\jna-platform\5.12.1\97406a297c852f4a41e688a176ec675f72e8329\jna-platform-5.12.1.jar;C:\Users\finba\.gradle\caches\modules-2\files-2.1\net.java.dev.jna\jna\5.12.1\b1e93a735caea94f503e95e6fe79bf9cdc1e985d\jna-5.12.1.jar;C:\Users\finba\.gradle\caches\modules-2\files-2.1\net.sf.jopt-simple\jopt-simple\5.0.4\4fdac2fbe92dfad86aa6e9301736f6b4342a3f5c\jopt-simple-5.0.4.jar;C:\Users\finba\.gradle\caches\modules-2\files-2.1\org.apache.commons\commons-compress\1.21\4ec95b60d4e86b5c95a0e919cb172a0af98011ef\commons-compress-1.21.jar;C:\Users\finba\.gradle\caches\modules-2\files-2.1\org.apache.commons\commons-lang3\3.12.0\c6842c86792ff03b9f1d1fe2aab8dc23aa6c6f0e\commons-lang3-3.12.0.jar;C:\Users\finba\.gradle\caches\modules-2\files-2.1\org.apache.httpcomponents\httpcore\4.4.15\7f2e0c573eaa7a74bac2e89b359e1f73d92a0a1d\httpcore-4.4.15.jar;C:\Users\finba\.gradle\caches\modules-2\files-2.1\org.apache.logging.log4j\log4j-core\2.19.0\3b6eeb4de4c49c0fe38a4ee27188ff5fee44d0bb\log4j-core-2.19.0.jar;C:\Users\finba\.gradle\caches\modules-2\files-2.1\org.apache.logging.log4j\log4j-slf4j2-impl\2.19.0\5c04bfdd63ce9dceb2e284b81e96b6a70010ee10\log4j-slf4j2-impl-2.19.0.jar;C:\Users\finba\.gradle\caches\modules-2\files-2.1\org.apache.logging.log4j\log4j-api\2.19.0\ea1b37f38c327596b216542bc636cfdc0b8036fa\log4j-api-2.19.0.jar;C:\Users\finba\.gradle\caches\modules-2\files-2.1\org.joml\joml\1.10.5\22566d58af70ad3d72308bab63b8339906deb649\joml-1.10.5.jar;C:\Users\finba\.gradle\caches\modules-2\files-2.1\org.lwjgl\lwjgl-glfw\3.3.1\cbac1b8d30cb4795149c1ef540f912671a8616d0\lwjgl-glfw-3.3.1.jar;C:\Users\finba\.gradle\caches\modules-2\files-2.1\org.lwjgl\lwjgl-glfw\3.3.1\ed892f945cf7e79c8756796f32d00fa4ceaf573b\lwjgl-glfw-3.3.1-natives-windows.jar;C:\Users\finba\.gradle\caches\modules-2\files-2.1\org.lwjgl\lwjgl-glfw\3.3.1\beda65ee503443e60aa196d58ed31f8d001dc22a\lwjgl-glfw-3.3.1-natives-windows-arm64.jar;C:\Users\finba\.gradle\caches\modules-2\files-2.1\org.lwjgl\lwjgl-glfw\3.3.1\b997e3391d6ce8f05487e7335d95c606043884a1\lwjgl-glfw-3.3.1-natives-windows-x86.jar;C:\Users\finba\.gradle\caches\modules-2\files-2.1\org.lwjgl\lwjgl-jemalloc\3.3.1\a817bcf213db49f710603677457567c37d53e103\lwjgl-jemalloc-3.3.1.jar;C:\Users\finba\.gradle\caches\modules-2\files-2.1\org.lwjgl\lwjgl-jemalloc\3.3.1\948a89b76a16aa324b046ae9308891216ffce5f9\lwjgl-jemalloc-3.3.1-natives-windows.jar;C:\Users\finba\.gradle\caches\modules-2\files-2.1\org.lwjgl\lwjgl-jemalloc\3.3.1\cae85c4edb219c88b6a0c26a87955ad98dc9519d\lwjgl-jemalloc-3.3.1-natives-windows-arm64.jar;C:\Users\finba\.gradle\caches\modules-2\files-2.1\org.lwjgl\lwjgl-jemalloc\3.3.1\fb476c8ec110e1c137ad3ce8a7f7bfe6b11c6324\lwjgl-jemalloc-3.3.1-natives-windows-x86.jar;C:\Users\finba\.gradle\caches\modules-2\files-2.1\org.lwjgl\lwjgl-openal\3.3.1\2623a6b8ae1dfcd880738656a9f0243d2e6840bd\lwjgl-openal-3.3.1.jar;C:\Users\finba\.gradle\caches\modules-2\files-2.1\org.lwjgl\lwjgl-openal\3.3.1\30a474d0e57193d7bc128849a3ab66bc9316fdb1\lwjgl-openal-3.3.1-natives-windows.jar;C:\Users\finba\.gradle\caches\modules-2\files-2.1\org.lwjgl\lwjgl-openal\3.3.1\40d65f1a7368a2aa47336f9cb69f5a190cf9975a\lwjgl-openal-3.3.1-natives-windows-arm64.jar;C:\Users\finba\.gradle\caches\modules-2\files-2.1\org.lwjgl\lwjgl-openal\3.3.1\888349f7b1be6fbae58bf8edfb9ef12def04c4e3\lwjgl-openal-3.3.1-natives-windows-x86.jar;C:\Users\finba\.gradle\caches\modules-2\files-2.1\org.lwjgl\lwjgl-opengl\3.3.1\831a5533a21a5f4f81bbc51bb13e9899319b5411\lwjgl-opengl-3.3.1.jar;C:\Users\finba\.gradle\caches\modules-2\files-2.1\org.lwjgl\lwjgl-opengl\3.3.1\c1807e9bd571402787d7e37e3029776ae2513bb8\lwjgl-opengl-3.3.1-natives-windows.jar;C:\Users\finba\.gradle\caches\modules-2\files-2.1\org.lwjgl\lwjgl-opengl\3.3.1\527d78f1e9056aff3ed02ce93019c73c5e8f1721\lwjgl-opengl-3.3.1-natives-windows-arm64.jar;C:\Users\finba\.gradle\caches\modules-2\files-2.1\org.lwjgl\lwjgl-opengl\3.3.1\deef3eb9b178ff2ff3ce893cc72ae741c3a17974\lwjgl-opengl-3.3.1-natives-windows-x86.jar;C:\Users\finba\.gradle\caches\modules-2\files-2.1\org.lwjgl\lwjgl-stb\3.3.1\b119297cf8ed01f247abe8685857f8e7fcf5980f\lwjgl-stb-3.3.1.jar;C:\Users\finba\.gradle\caches\modules-2\files-2.1\org.lwjgl\lwjgl-stb\3.3.1\86315914ac119efdb02dc9e8e978ade84f1702af\lwjgl-stb-3.3.1-natives-windows.jar;C:\Users\finba\.gradle\caches\modules-2\files-2.1\org.lwjgl\lwjgl-stb\3.3.1\fde63cdd2605c00636721a6c8b961e41d1f6b247\lwjgl-stb-3.3.1-natives-windows-arm64.jar;C:\Users\finba\.gradle\caches\modules-2\files-2.1\org.lwjgl\lwjgl-stb\3.3.1\a8d41f419eecb430b7c91ea2ce2c5c451cae2091\lwjgl-stb-3.3.1-natives-windows-x86.jar;C:\Users\finba\.gradle\caches\modules-2\files-2.1\org.lwjgl\lwjgl-tinyfd\3.3.1\ff1914111ef2e3e0110ef2dabc8d8cdaad82347\lwjgl-tinyfd-3.3.1.jar;C:\Users\finba\.gradle\caches\modules-2\files-2.1\org.lwjgl\lwjgl-tinyfd\3.3.1\a5d830475ec0958d9fdba1559efa99aef211e6ff\lwjgl-tinyfd-3.3.1-natives-windows.jar;C:\Users\finba\.gradle\caches\modules-2\files-2.1\org.lwjgl\lwjgl-tinyfd\3.3.1\83a5e780df610829ff3a737822b4f931cffecd91\lwjgl-tinyfd-3.3.1-natives-windows-arm64.jar;C:\Users\finba\.gradle\caches\modules-2\files-2.1\org.lwjgl\lwjgl-tinyfd\3.3.1\842eedd876fae354abc308c98a263f6bbc9e8a4d\lwjgl-tinyfd-3.3.1-natives-windows-x86.jar;C:\Users\finba\.gradle\caches\modules-2\files-2.1\org.lwjgl\lwjgl\3.3.1\ae58664f88e18a9bb2c77b063833ca7aaec484cb\lwjgl-3.3.1.jar;C:\Users\finba\.gradle\caches\modules-2\files-2.1\org.lwjgl\lwjgl\3.3.1\36c37f16ab611b3aa11f3bcf80b1d509b4ce6b\lwjgl-3.3.1-natives-windows.jar;C:\Users\finba\.gradle\caches\modules-2\files-2.1\org.lwjgl\lwjgl\3.3.1\f46cadcf95675908fd3a550d63d9d709cb68998\lwjgl-3.3.1-natives-windows-arm64.jar;C:\Users\finba\.gradle\caches\modules-2\files-2.1\org.lwjgl\lwjgl\3.3.1\3b14f4beae9dd39791ec9e12190a9380cd8a3ce6\lwjgl-3.3.1-natives-windows-x86.jar;C:\Users\finba\.gradle\caches\modules-2\files-2.1\com.machinezoo.noexception\noexception\1.7.1\b65330c98e38a1f915fa54a6e5eca496505e3f0a\noexception-1.7.1.jar;C:\Users\finba\.gradle\caches\modules-2\files-2.1\org.slf4j\slf4j-simple\1.7.30\e606eac955f55ecf1d8edcccba04eb8ac98088dd\slf4j-simple-1.7.30.jar;C:\Users\finba\.gradle\caches\modules-2\files-2.1\org.slf4j\slf4j-api\2.0.1\f48d81adce2abf5ad3cfe463df517952749e03bc\slf4j-api-2.0.1.jar;C:\Users\finba\.gradle\caches\modules-2\files-2.1\net.minecraftforge\srgutils\0.4.11\fbad1341ffdb47d276bbdc40ecb06da49e053e74\srgutils-0.4.11.jar;C:\Users\finba\.gradle\caches\modules-2\files-2.1\org.codehaus.plexus\plexus-utils\3.3.0\cf43b5391de623b36fe066a21127baef82c64022\plexus-utils-3.3.0.jar;C:\Users\finba\.gradle\caches\modules-2\files-2.1\com.google.guava\listenablefuture\9999.0-empty-to-avoid-conflict-with-guava\b421526c5f297295adef1c886e5246c39d4ac629\listenablefuture-9999.0-empty-to-avoid-conflict-with-guava.jar;C:\Users\finba\.gradle\caches\modules-2\files-2.1\org.checkerframework\checker-qual\3.12.0\d5692f0526415fcc6de94bb5bfbd3afd9dd3b3e5\checker-qual-3.12.0.jar;C:\Users\finba\.gradle\caches\modules-2\files-2.1\com.google.errorprone\error_prone_annotations\2.11.0\c5a0ace696d3f8b1c1d8cc036d8c03cc0cbe6b69\error_prone_annotations-2.11.0.jar;C:\Users\finba\.gradle\caches\modules-2\files-2.1\com.google.j2objc\j2objc-annotations\1.3\ba035118bc8bac37d7eff77700720999acd9986d\j2objc-annotations-1.3.jar;C:\Users\finba\.gradle\caches\modules-2\files-2.1\org.antlr\ST4\4.3\92f2c1ad8d84abcbeead6cf7f2c53a04166293c2\ST4-4.3.jar;C:\Users\finba\.gradle\caches\modules-2\files-2.1\org.antlr\antlr-runtime\3.5.2\cd9cd41361c155f3af0f653009dcecb08d8b4afd\antlr-runtime-3.5.2.jar;C:\Users\finba\.gradle\caches\modules-2\files-2.1\org.abego.treelayout\org.abego.treelayout.core\1.0.3\457216e8e6578099ae63667bb1e4439235892028\org.abego.treelayout.core-1.0.3.jar;C:\Users\finba\.gradle\caches\modules-2\files-2.1\org.glassfish\javax.json\1.0.4\3178f73569fd7a1e5ffc464e680f7a8cc784b85a\javax.json-1.0.4.jar
Launcher Type: SUN_STANDARD

[Global flags]
     intx CICompilerCount                          = 12                                        {product} {ergonomic}
     uint ConcGCThreads                            = 4                                         {product} {ergonomic}
     uint G1ConcRefinementThreads                  = 15                                        {product} {ergonomic}
   size_t G1HeapRegionSize                         = 4194304                                   {product} {ergonomic}
    ccstr HeapDumpPath                             = MojangTricksIntelDriversForPerformance_javaw.exe_minecraft.exe.heapdump         {manageable} {command line}
   size_t InitialHeapSize                          = 536870912                                 {product} {ergonomic}
   size_t MarkStackSize                            = 4194304                                   {product} {ergonomic}
   size_t MarkStackSizeMax                         = 536870912                                 {product} {ergonomic}
   size_t MaxHeapSize                              = 8564768768                                {product} {ergonomic}
   size_t MaxNewSize                               = 5138022400                                {product} {ergonomic}
   size_t MinHeapDeltaBytes                        = 4194304                                   {product} {ergonomic}
   size_t MinHeapSize                              = 8388608                                   {product} {ergonomic}
    uintx NonNMethodCodeHeapSize                   = 7602176                                {pd product} {ergonomic}
    uintx NonProfiledCodeHeapSize                  = 122093568                              {pd product} {ergonomic}
    uintx ProfiledCodeHeapSize                     = 121962496                              {pd product} {ergonomic}
    uintx ReservedCodeCacheSize                    = 251658240                              {pd product} {ergonomic}
     bool SegmentedCodeCache                       = true                                      {product} {ergonomic}
   size_t SoftMaxHeapSize                          = 8564768768                             {manageable} {ergonomic}
     bool UseCompressedOops                        = true                           {product lp64_product} {ergonomic}
     bool UseG1GC                                  = true                                      {product} {ergonomic}
     bool UseLargePagesIndividualAllocation        = false                                  {pd product} {ergonomic}

Logging:
Log output configuration:
 #0: stdout all=warning uptime,level,tags foldmultilines=false
 #1: stderr all=off uptime,level,tags foldmultilines=false

Environment Variables:
JAVA_HOME=C:\Program Files\Eclipse Adoptium\jdk-22.0.2.9-hotspot\
PATH=C:\Program Files\Eclipse Adoptium\jdk-22.0.2.9-hotspot\bin;C:\Program Files\Eclipse Adoptium\jdk-24.0.2.12-hotspot\bin;C:\Program Files\Eclipse Adoptium\jdk-17.0.15.6-hotspot\bin;C:\Program Files\Common Files\Oracle\Java\javapath;C:\Program Files (x86)\Common Files\Oracle\Java\java8path;C:\Program Files (x86)\Common Files\Oracle\Java\javapath;C:\WINDOWS\system32;C:\WINDOWS;C:\WINDOWS\System32\Wbem;C:\WINDOWS\System32\WindowsPowerShell\v1.0\;C:\WINDOWS\System32\OpenSSH\;C:\Program Files (x86)\NVIDIA Corporation\PhysX\Common;C:\Program Files\dotnet\;C:\Users\finba\OneDrive\Documents\Program codes\Libary\Binary\apache-maven-3.9.5\bin;C:\Users\finba\OneDrive\Documents\Program codes\Libary\Source\apache-maven-3.9.5;C:\Program Files\Git LFS;D:\Git LFS;C:\Program Files\Microsoft SQL Server\150\Tools\Binn\;C:\Program Files\Microsoft SQL Server\Client SDK\ODBC\170\Tools\Binn\;C:\Program Files\NVIDIA Corporation\NVIDIA app\NvDLISR;C:\Program Files\Git\cmd;C:\Program Files (x86)\Incredibuild;C:\Program Files (x86)\Windows Kits\10\Windows Performance Toolkit\;C:\Users\finba\AppData\Local\Programs\Python\Python311\Scripts\;C:\Users\finba\AppData\Local\Programs\Python\Python311\;C:\Users\finba\AppData\Local\Programs\Python\Python313\Scripts\;C:\Users\finba\AppData\Local\Programs\Python\Python313\;C:\Users\finba\.console-ninja\.bin;C:\Users\finba\AppData\Local\Microsoft\WindowsApps;C:\Users\finba\AppData\Local\Programs\Microsoft VS Code\bin;C:\Users\finba\.dotnet\tools;C:\Users\finba\AppData\Local\GitHubDesktop\bin
USERNAME=finba
OS=Windows_NT
PROCESSOR_IDENTIFIER=Intel64 Family 6 Model 165 Stepping 5, GenuineIntel
TMP=C:\Users\finba\AppData\Local\Temp
TEMP=C:\Users\finba\AppData\Local\Temp




Periodic native trim disabled

---------------  S Y S T E M  ---------------

OS:
 Windows 11 , 64 bit Build 22621 (10.0.22621.5415)
OS uptime: 6 days 8:35 hours
Hyper-V role detected

CPU: total 20 (initial active 20) (10 cores per cpu, 2 threads per core) family 6 model 165 stepping 5 microcode 0xec, cx8, cmov, fxsr, ht, mmx, 3dnowpref, sse, sse2, sse3, ssse3, sse4.1, sse4.2, popcnt, lzcnt, tsc, tscinvbit, avx, avx2, aes, erms, clmul, bmi1, bmi2, adx, fma, vzeroupper, clflush, clflushopt, hv, rdtscp, f16c
Processor Information for the first 20 processors :
  Max Mhz: 3696, Current Mhz: 3696, Mhz Limit: 3696

Memory: 4k page, system-wide physical 32664M (9488M free)
TotalPageFile size 49577M (AvailPageFile size 22329M)
current process WorkingSet (physical memory assigned to process): 250M, peak: 483M
current process commit charge ("private bytes"): 409M, peak: 778M

vm_info: OpenJDK 64-Bit Server VM (24.0.2+12) for windows-amd64 JRE (24.0.2+12), built on 2025-07-15T00:00:00Z with MS VC++ 17.7 (VS2022)

END.
