#
# A fatal error has been detected by the Java Runtime Environment:
#
#  EXCEPTION_ACCESS_VIOLATION (0xc0000005) at pc=0x0000000000000000, pid=15632, tid=19204
#
# JRE version: OpenJDK Runtime Environment Temurin-24.0.2+12 (24.0.2+12) (build 24.0.2+12)
# Java VM: OpenJDK 64-Bit Server VM Temurin-24.0.2+12 (24.0.2+12, mixed mode, sharing, tiered, compressed oops, compressed class ptrs, g1 gc, windows-amd64)
# Problematic frame:
# C  [jdwp.dll+0x167af]
#
# No core dump will be written. Minidumps are not enabled by default on client versions of Windows
#
# If you would like to submit a bug report, please visit:
#   https://github.com/adoptium/adoptium-support/issues
# The crash happened outside the Java Virtual Machine in native code.
# See problematic frame for where to report the bug.
#

---------------  S U M M A R Y ------------

Command Line: -Ddebugger.agent.enable.coroutines=true -Dforge.enableGameTest=true -Dforge.enabledGameTestNamespaces=ash_hollow_requiem_of_the_dead -Dforge.logging.console.level=debug -Dforge.logging.markers=REGISTRIES -DignoreList=bootstraplauncher,securejarhandler,asm-commons,asm-util,asm-analysis,asm-tree,asm,JarJarFileSystems,client-extra,fmlcore,javafmllanguage,lowcodelanguage,mclanguage,forge- -Djava.net.preferIPv6Addresses=system -Dkotlinx.coroutines.debug.enable.creation.stack.trace=false -Dkotlinx.coroutines.debug.enable.flows.stack.trace=true -Dkotlinx.coroutines.debug.enable.mutable.state.flows.stack.trace=true -DlegacyClassPath.file=C:\Users\finba\OneDrive\Documents\research\Ash Hollow Requiem of the Dead\build\classpath\runClient_minecraftClasspath.txt -DmergeModules=jna-5.10.0.jar,jna-platform-5.10.0.jar -Dmixin.env.refMapRemappingFile=C:\Users\finba\OneDrive\Documents\research\Ash Hollow Requiem of the Dead\build\createSrgToMcp\output.srg -Dmixin.env.remapRefMap=true -Dnet.minecraftforge.gradle.GradleStart.srg.srg-mcp=C:\Users\finba\OneDrive\Documents\research\Ash Hollow Requiem of the Dead\build\createSrgToMcp\output.srg --module-path=C:\Users\finba\.gradle\caches\modules-2\files-2.1\cpw.mods\bootstraplauncher\1.1.2\c546e00443d8432cda6baa1c860346980742628\bootstraplauncher-1.1.2.jar;C:\Users\finba\.gradle\caches\modules-2\files-2.1\cpw.mods\securejarhandler\2.1.10\51e6a22c6c716beb11e244bf5b8be480f51dd6b5\securejarhandler-2.1.10.jar;C:\Users\finba\.gradle\caches\modules-2\files-2.1\org.ow2.asm\asm-commons\9.7.1\406c6a2225cfe1819f102a161e54cc16a5c24f75\asm-commons-9.7.1.jar;C:\Users\finba\.gradle\caches\modules-2\files-2.1\org.ow2.asm\asm-util\9.7.1\9e23359b598ec6b74b23e53110dd5c577adf2243\asm-util-9.7.1.jar;C:\Users\finba\.gradle\caches\modules-2\files-2.1\org.ow2.asm\asm-analysis\9.7.1\f97a3b319f0ed6a8cd944dc79060d3912a28985f\asm-analysis-9.7.1.jar;C:\Users\finba\.gradle\caches\modules-2\files-2.1\org.ow2.asm\asm-tree\9.7.1\3a53139787663b139de76b627fca0084ab60d32c\asm-tree-9.7.1.jar;C:\Users\finba\.gradle\caches\modules-2\files-2.1\org.ow2.asm\asm\9.7.1\f0ed132a49244b042cd0e15702ab9f2ce3cc8436\asm-9.7.1.jar;C:\Users\finba\.gradle\caches\modules-2\files-2.1\net.minecraftforge\JarJarFileSystems\0.3.19\2464eb7d6b9ddb9db36a82cf8a95193e5c6fe020\JarJarFileSystems-0.3.19.jar --add-modules=ALL-MODULE-PATH --add-opens=java.base/java.util.jar=cpw.mods.securejarhandler --add-opens=java.base/java.lang.invoke=cpw.mods.securejarhandler --add-exports=java.base/sun.security.util=cpw.mods.securejarhandler --add-exports=jdk.naming.dns/com.sun.jndi.dns=java.naming -XX:HeapDumpPath=MojangTricksIntelDriversForPerformance_javaw.exe_minecraft.exe.heapdump --module-path=C:\Users\finba\.gradle\caches\modules-2\files-2.1\cpw.mods\bootstraplauncher\1.1.2\c546e00443d8432cda6baa1c860346980742628\bootstraplauncher-1.1.2.jar;C:\Users\finba\.gradle\caches\modules-2\files-2.1\cpw.mods\securejarhandler\2.1.10\51e6a22c6c716beb11e244bf5b8be480f51dd6b5\securejarhandler-2.1.10.jar;C:\Users\finba\.gradle\caches\modules-2\files-2.1\org.ow2.asm\asm-commons\9.7.1\406c6a2225cfe1819f102a161e54cc16a5c24f75\asm-commons-9.7.1.jar;C:\Users\finba\.gradle\caches\modules-2\files-2.1\org.ow2.asm\asm-util\9.7.1\9e23359b598ec6b74b23e53110dd5c577adf2243\asm-util-9.7.1.jar;C:\Users\finba\.gradle\caches\modules-2\files-2.1\org.ow2.asm\asm-analysis\9.7.1\f97a3b319f0ed6a8cd944dc79060d3912a28985f\asm-analysis-9.7.1.jar;C:\Users\finba\.gradle\caches\modules-2\files-2.1\org.ow2.asm\asm-tree\9.7.1\3a53139787663b139de76b627fca0084ab60d32c\asm-tree-9.7.1.jar;C:\Users\finba\.gradle\caches\modules-2\files-2.1\org.ow2.asm\asm\9.7.1\f0ed132a49244b042cd0e15702ab9f2ce3cc8436\asm-9.7.1.jar;C:\Users\finba\.gradle\caches\modules-2\files-2.1\net.minecraftforge\JarJarFileSystems\0.3.19\2464eb7d6b9ddb9db36a82cf8a95193e5c6fe020\JarJarFileSystems-0.3.19.jar --add-modules=ALL-MODULE-PATH --add-opens=java.base/java.util.jar=cpw.mods.securejarhandler --add-opens=java.base/java.lang.invoke=cpw.mods.securejarhandler --add-exports=java.base/sun.security.util=cpw.mods.securejarhandler --add-exports=jdk.naming.dns/com.sun.jndi.dns=java.naming -XX:HeapDumpPath=MojangTricksIntelDriversForPerformance_javaw.exe_minecraft.exe.heapdump -agentlib:jdwp=transport=dt_socket,server=n,suspend=y,address=127.0.0.1:64808 -javaagent:C:\Users\finba\AppData\Local\JetBrains\IdeaIC2025.1\captureAgent\debugger-agent.jar=file:///C:/Users/finba/AppData/Local/Temp/capture1927183027866524780.props -Dfile.encoding=UTF-8 -Duser.country=GB -Duser.language=en -Duser.variant cpw.mods.bootstraplauncher.BootstrapLauncher --launchTarget forgeclientuserdev --version MOD_DEV --assetIndex 5 --assetsDir C:\Users\finba\.gradle\caches\forge_gradle\assets --gameDir . --fml.forgeVersion 47.4.0 --fml.mcVersion 1.20.1 --fml.forgeGroup net.minecraftforge --fml.mcpVersion 20230612.114412 --mixin.config ash_hollow_requiem_of_the_dead.mixins.json

Host: Intel(R) Core(TM) i9-10900KF CPU @ 3.70GHz, 20 cores, 31G,  Windows 11 , 64 bit Build 22621 (10.0.22621.5415)
Time: Fri Oct  3 22:28:12 2025 W. Europe Summer Time elapsed time: 2.625951 seconds (0d 0h 0m 2s)

---------------  T H R E A D  ---------------

Current thread (0x000001a30c6af170):  JavaThread "main"             [_thread_in_native, id=19204, stack(0x000000011ff00000,0x0000000120000000) (1024K)]

Stack: [0x000000011ff00000,0x0000000120000000],  sp=0x000000011fffdf10,  free space=1015k
Native frames: (J=compiled Java code, j=interpreted, Vv=VM code, C=native code)

Java frames: (J=compiled Java code, j=interpreted, Vv=VM code)
j  org.lwjgl.glfw.GLFW.glfwInit()Z+0 org.lwjgl.glfw@3.3.1+7
j  net.minecraftforge.fml.earlydisplay.DisplayWindow.initWindow(Ljava/lang/String;)V+4 fmlearlydisplay@1.20.1-47.4.0
j  net.minecraftforge.fml.earlydisplay.DisplayWindow.start(Ljava/lang/String;Ljava/lang/String;)Ljava/lang/Runnable;+14 fmlearlydisplay@1.20.1-47.4.0
j  net.minecraftforge.fml.earlydisplay.DisplayWindow.initialize([Ljava/lang/String;)Ljava/lang/Runnable;+402 fmlearlydisplay@1.20.1-47.4.0
j  net.minecraftforge.fml.loading.ImmediateWindowHandler.load(Ljava/lang/String;[Ljava/lang/String;)V+180 fmlloader@1.20.1-47.4.0
j  net.minecraftforge.fml.loading.ModDirTransformerDiscoverer.earlyInitialization(Ljava/lang/String;[Ljava/lang/String;)V+2 fmlloader@1.20.1-47.4.0
j  cpw.mods.modlauncher.TransformationServicesHandler.lambda$discoverServices$18(Lcpw/mods/modlauncher/ArgumentHandler$DiscoveryData;Lcpw/mods/modlauncher/serviceapi/ITransformerDiscoveryService;)V+9 cpw.mods.modlauncher@10.0.9
j  cpw.mods.modlauncher.TransformationServicesHandler$$Lambda+0x000001a334206de8.accept(Ljava/lang/Object;)V+8 cpw.mods.modlauncher@10.0.9
J 3107 c2 java.lang.Iterable.forEach(Ljava/util/function/Consumer;)V java.base@24.0.2 (39 bytes) @ 0x000001a31ceedfe4 [0x000001a31ceed4a0+0x0000000000000b44]
j  cpw.mods.modlauncher.TransformationServicesHandler.discoverServices(Lcpw/mods/modlauncher/ArgumentHandler$DiscoveryData;)V+145 cpw.mods.modlauncher@10.0.9
j  cpw.mods.modlauncher.Launcher.run([Ljava/lang/String;)V+14 cpw.mods.modlauncher@10.0.9
j  cpw.mods.modlauncher.Launcher.main([Ljava/lang/String;)V+78 cpw.mods.modlauncher@10.0.9
j  cpw.mods.modlauncher.BootstrapLaunchConsumer.accept([Ljava/lang/String;)V+1 cpw.mods.modlauncher@10.0.9
j  cpw.mods.modlauncher.BootstrapLaunchConsumer.accept(Ljava/lang/Object;)V+5 cpw.mods.modlauncher@10.0.9
j  cpw.mods.bootstraplauncher.BootstrapLauncher.main([Ljava/lang/String;)V+515 cpw.mods.bootstraplauncher@1.1.2
v  ~StubRoutines::call_stub 0x000001a31c5d0fcd

siginfo: EXCEPTION_ACCESS_VIOLATION (0xc0000005), data execution prevention violation at address 0x0000000000000000


Registers:
RAX=0x000001a37adbcd70, RBX=0x000001a32efbd8d0, RCX=0x000001a30c6af538, RDX=0x000001a32efbd8d0
RSP=0x000000011fffdf08, RBP=0x0000000000000002, RSI=0x000001a30c6af538, RDI=0x000000011fffdfb0
R8 =0x0000000000010002, R9 =0x0000000000000000, R10=0x00007ffd3b920000, R11=0x000000011fffded8
R12=0x0000000000000000, R13=0x000001a32efbd8d0, R14=0x00007ffd2ade0500, R15=0x0000000000000007
RIP=0x0000000000000000, EFLAGS=0x0000000000010206

XMM[0]=0x0000000000000000 0x0000000000000000
XMM[1]=0x0000000000000000 0x0000000000000000
XMM[2]=0x0000000000000000 0x0000000000000000
XMM[3]=0x0000000000000000 0x0000000000000000
XMM[4]=0x0000000000000000 0x0000000000000000
XMM[5]=0x0000000000000000 0x0000000000000000
XMM[6]=0x0000000000000000 0x0000000000000064
XMM[7]=0x0000000000000000 0x000000000000000a
XMM[8]=0x0000000000000000 0x000000000000006d
XMM[9]=0x0000000000000000 0x0000000000000dbf
XMM[10]=0x0000000000000000 0x0000000000000000
XMM[11]=0x0000000000000000 0x0000000000000000
XMM[12]=0x0000000000000000 0x0000000000000000
XMM[13]=0x0000000000000000 0x00000000f7b13611
XMM[14]=0x0000000000000000 0xb8679ac41529a4fb
XMM[15]=0x0000000000000000 0x0000000000000011
  MXCSR=0x00001fa0


Register to memory mapping:

RAX=0x000001a37adbcd70 points into unknown readable memory: 0x0000000000000000 | 00 00 00 00 00 00 00 00
RBX=0x000001a32efbd8d0 points into unknown readable memory: 0x0000000601dcea78 | 78 ea dc 01 06 00 00 00
RCX=0x000001a30c6af538 points into unknown readable memory: 0x000001a37adbcd70 | 70 cd db 7a a3 01 00 00
RDX=0x000001a32efbd8d0 points into unknown readable memory: 0x0000000601dcea78 | 78 ea dc 01 06 00 00 00
RSP=0x000000011fffdf08 is pointing into the stack for thread: 0x000001a30c6af170
RBP=0x0000000000000002 is an unknown value
RSI=0x000001a30c6af538 points into unknown readable memory: 0x000001a37adbcd70 | 70 cd db 7a a3 01 00 00
RDI=0x000000011fffdfb0 is pointing into the stack for thread: 0x000001a30c6af170
R8 =0x0000000000010002 is an unknown value
R9 =0x0 is null
R10=0x00007ffd3b920000 VCRUNTIME140.dll
R11=0x000000011fffded8 is pointing into the stack for thread: 0x000001a30c6af170
R12=0x0 is null
R13=0x000001a32efbd8d0 points into unknown readable memory: 0x0000000601dcea78 | 78 ea dc 01 06 00 00 00
R14=0x00007ffd2ade0500 jdwp.dll
R15=0x0000000000000007 is an unknown value

Top of Stack: (sp=0x000000011fffdf08)
0x000000011fffdf08:   00007ffd2adc67af 000001a32efbd8d0   .g.*............
0x000000011fffdf18:   000001a30c6af538 0000000000000000   8.j.............
0x000000011fffdf28:   0000000000000000 0000000000000000   ................
0x000000011fffdf38:   00007ffcace27c00 000001a30a1e8868   .|......h.......
0x000000011fffdf48:   00007ffd2ade0580 000001a30c6af768   ...*....h.j.....
0x000000011fffdf58:   00007ffd2adc2c6b 000001a32efbd8d0   k,.*............
0x000000011fffdf68:   0000000000000002 000001a30c6af538   ........8.j.....
0x000000011fffdf78:   000001a32efbd8d8 000001a32efc8100   ................
0x000000011fffdf88:   00007ffcac4029f8 00000000000001a3   .)@.............
0x000000011fffdf98:   000000011fffe120 000000011fffe240    .......@.......
0x000000011fffdfa8:   000001a30c6af170 0000000000000007   p.j.............
0x000000011fffdfb8:   000001a32efbd8d0 0000000000000000   ................
0x000000011fffdfc8:   000001a32efbd8d8 0000000000000000   ................
0x000000011fffdfd8:   0000000000000000 0000000000000000   ................
0x000000011fffdfe8:   0000000000000000 0000000000000000   ................
0x000000011fffdff8:   0000000000000000 0000000000000000   ................
0x000000011fffe008:   000001a30c6af768 000001a334215f80   h.j......_!4....
0x000000011fffe018:   00007ffcac71bc47 000001a32efbd8d8   G.q.............
0x000000011fffe028:   000001a3321fa920 000001a30c6af170    ..2....p.j.....
0x000000011fffe038:   00000000000003d8 0000000000000000   ................
0x000000011fffe048:   000001a30c6a3d90 000000011fffe1e0   .=j.............
0x000000011fffe058:   0000000000000005 000001a30c6af170   ........p.j.....
0x000000011fffe068:   000001a375366160 0000cf8fa45ac95f   `a6u...._.Z.....
0x000000011fffe078:   000001a33365e238 000001a30a1e2f40   8.e3....@/......
0x000000011fffe088:   000001a30c6af8b0 000001a30c6af8c0   ..j.......j.....
0x000000011fffe098:   000001a30c6afc98 00000000000003d8   ..j.............
0x000000011fffe0a8:   000001a30c6af170 000001a30c6af170   p.j.....p.j.....
0x000000011fffe0b8:   000001a30a1e2f80 000001a30a1fbcf0   ./..............
0x000000011fffe0c8:   000001a30a1fbd08 000001a30a1fbdd8   ................
0x000000011fffe0d8:   00000000000000d8 000000011fffe0f0   ................
0x000000011fffe0e8:   00007ffcac83e243 000001a30c6af170   C.......p.j.....
0x000000011fffe0f8:   000001a30a1e2f80 000001a30a1fbcf0   ./..............

Instructions: (pc=0x00007ffd2adc67af)
  0x00007ffd2adc66af:   2c 41 b8 61 02 00 00 48 8d 0d 3b 69 01 00 48 8b
  0x00007ffd2adc66bf:   d3 e8 27 51 00 00 41 8b cf e8 f3 9b ff ff 48 8b
  0x00007ffd2adc66cf:   d0 48 8d 0d e9 9f 01 00 e8 b8 51 00 00 4c 8b 4f
  0x00007ffd2adc66df:   28 48 8d 0d f1 9f 01 00 4c 8b 47 20 48 8b 57 08
  0x00007ffd2adc66ef:   e8 1c 0f 01 00 48 8b 05 f5 09 02 00 f6 80 10 02
  0x00007ffd2adc66ff:   00 00 02 74 28 41 b8 6a 02 00 00 48 8d 0d e7 5c
  0x00007ffd2adc670f:   01 00 48 8b d3 e8 d3 50 00 00 48 8d 15 d8 77 01
  0x00007ffd2adc671f:   00 48 8d 0d e9 5c 01 00 e8 68 51 00 00 48 8b 06
  0x00007ffd2adc672f:   48 8b ce ff 50 78 48 8b 0d b4 09 02 00 4c 8b e0
  0x00007ffd2adc673f:   f6 81 10 02 00 00 02 74 28 41 b8 6b 02 00 00 48
  0x00007ffd2adc674f:   8d 0d a3 5c 01 00 48 8b d3 e8 8f 50 00 00 48 8d
  0x00007ffd2adc675f:   15 bc 5d 01 00 48 8d 0d a5 5c 01 00 e8 24 51 00
  0x00007ffd2adc676f:   00 48 8b 06 48 8b ce ff 90 88 00 00 00 83 3d 29
  0x00007ffd2adc677f:   05 02 00 00 76 0c e8 9a 58 ff ff 83 25 1b 05 02
  0x00007ffd2adc678f:   00 00 48 8b 5f 08 48 85 db 74 4b 48 8b 05 4f 09
  0x00007ffd2adc679f:   02 00 80 78 13 00 74 0b 48 8b cb e8 c5 08 01 00
=>0x00007ffd2adc67af:   88 47 10 4d 8b c4 48 8b d7 41 8a ce e8 04 a2 00
  0x00007ffd2adc67bf:   00 48 8b e8 48 85 c0 75 25 48 8b cb e8 48 44 00
  0x00007ffd2adc67cf:   00 84 c0 0f 84 a5 00 00 00 48 8b d3 41 8a ce e8
  0x00007ffd2adc67df:   45 13 00 00 eb e3 e8 a6 0d 00 00 48 8b e8 4c 8b
  0x00007ffd2adc67ef:   cd 44 88 74 24 20 45 8b c7 48 8b d7 48 8b ce e8
  0x00007ffd2adc67ff:   99 00 00 00 83 3f 14 75 0b 48 8b 05 e1 08 02 00
  0x00007ffd2adc680f:   c6 40 10 01 48 85 db 75 08 48 8b cd e8 d8 4f ff
  0x00007ffd2adc681f:   ff 48 8b 05 c9 08 02 00 f6 80 10 02 00 00 02 74
  0x00007ffd2adc682f:   2c 41 b8 ad 02 00 00 48 8d 15 43 9d 01 00 48 8d
  0x00007ffd2adc683f:   0d b4 5b 01 00 e8 a3 4f 00 00 48 8d 15 d0 5c 01
  0x00007ffd2adc684f:   00 48 8d 0d b9 5b 01 00 e8 38 50 00 00 48 8b 06
  0x00007ffd2adc685f:   48 8b ce ff 90 88 00 00 00 48 85 db 74 10 8b 0f
  0x00007ffd2adc686f:   4d 8b cc 4c 8b c5 48 8b d3 e8 07 a5 00 00 48 8b
  0x00007ffd2adc687f:   5c 24 50 48 8b 6c 24 58 48 8b 74 24 60 48 8b 7c
  0x00007ffd2adc688f:   24 68 48 83 c4 30 41 5f 41 5e 41 5c c3 48 89 5c
  0x00007ffd2adc689f:   24 08 48 89 6c 24 18 48 89 74 24 20 57 41 54 41


Stack slot to memory mapping:

stack at sp + 0 slots: 0x000001a32efbd8d0 points into unknown readable memory: 0x0000000601dcea78 | 78 ea dc 01 06 00 00 00
stack at sp + 1 slots: 0x000001a30c6af538 points into unknown readable memory: 0x000001a37adbcd70 | 70 cd db 7a a3 01 00 00
stack at sp + 2 slots: 0x0 is null
stack at sp + 3 slots: 0x0 is null
stack at sp + 4 slots: 0x0 is null
stack at sp + 5 slots: 0x00007ffcace27c00 jvm.dll
stack at sp + 6 slots: 0x000001a30a1e8868 points into unknown readable memory: 0x8000001500000001 | 01 00 00 00 15 00 00 80
stack at sp + 7 slots: 0x00007ffd2ade0580 jdwp.dll

Lock stack of current Java thread (top to bottom):
LockStack[0]: [I 
{0x00000006094161e0} - klass: {type array int} - flags: is_cloneable_fast 

 - length: 0


Compiled method (c2) 2688 3107       4       java.lang.Iterable::forEach (39 bytes)
 total in heap  [0x000001a31ceed288,0x000001a31ceeed20] = 6808
 relocation     [0x000001a31ceed360,0x000001a31ceed498] = 312
 main code      [0x000001a31ceed4a0,0x000001a31ceeebe8] = 5960
 stub code      [0x000001a31ceeebe8,0x000001a31ceeec38] = 80
 oops           [0x000001a31ceeec38,0x000001a31ceeec40] = 8
 metadata       [0x000001a31ceeec40,0x000001a31ceeed20] = 224
 immutable data [0x000001a302243a80,0x000001a302244698] = 3096
 dependencies   [0x000001a302243a80,0x000001a302243ab0] = 48
 nul chk table  [0x000001a302243ab0,0x000001a302243b00] = 80
 handler table  [0x000001a302243b00,0x000001a302243c38] = 312
 scopes pcs     [0x000001a302243c38,0x000001a302243e98] = 608
 scopes data    [0x000001a302243e98,0x000001a302244698] = 2048

[Constant Pool (empty)]

[MachCode]
[Instructions begin]
  0x000001a31ceed4a0: 6690 448b | 5208 443b 

  0x000001a31ceed4a8: ;   {runtime_call Shared Runtime ic_miss_blob}
  0x000001a31ceed4a8: 5008 0f85 | b012 73ff 
[Verified Entry Point]
  0x000001a31ceed4b0: 8984 2400 | 80ff ff55 | 4881 ece0 | 0000 0090 | 4181 7f20 | 0200 0000 | 0f85 1017 | 0000 4889 
  0x000001a31ceed4d0: 1424 4c89 | 4424 0845 | 8b50 0844 | 8954 2418 | 6690 c5f8 | 7748 b8f0 | b9f2 7ca3 

  0x000001a31ceed4ec: ;   {virtual_call}
  0x000001a31ceed4ec: 0100 00e8 

  0x000001a31ceed4f0: ; ImmutableOopMap {[0]=Oop [8]=Oop }
                      ;*invokeinterface iterator {reexecute=0 rethrow=0 return_oop=1}
                      ; - java.lang.Iterable::forEach@6 (line 74)
  0x000001a31ceed4f0: 5ca1 89ff 

  0x000001a31ceed4f4: ;   {post_call_nop}
  0x000001a31ceed4f4: 0f1f 8400 | 6c02 0000 | 4889 4424 | 1044 8b50 

  0x000001a31ceed504: ;   {metadata('java/util/ImmutableCollections$SetN$SetNIterator')}
  0x000001a31ceed504: 0841 81fa | b888 2900 | 0f85 7f0a | 0000 4c8b | d045 8b52 | 0c0f 1f80 | 0000 0000 | 4585 d20f 
  0x000001a31ceed524: 8edc 0a00 | 00b8 0100 | 0000 85c0 | 0f84 1106 | 0000 4c8b | 5424 1045 | 8b5a 0844 | 895c 241c 
  0x000001a31ceed544: e9e3 0200 | 0041 8bdb | c1eb 1041 | 33db 458b | 5124 448b | 5c24 304f | 8d34 dc90 | 4585 d20f 
  0x000001a31ceed564: 8449 0600 | 0043 8b4c | d40c 85c9 | 0f86 9e0e | 0000 4b8d | 04d4 8bf9 | ffcf 23fb | 85c9 0f84 
  0x000001a31ceed584: 240d 0000 | 488b f044 | 8b44 b810 | 498b ed48 | c1ed 0366 | 0f1f 8400 | 0000 0000 | 4585 c00f 
  0x000001a31ceed5a4: 846c 0100 | 0047 8b54 | c40c 4b8d | 14c4 443b | d30f 85c3 | 0000 0043 | 8b6c c410 | 4c8b d549 
  0x000001a31ceed5c4: c1e2 034d | 3bd5 7455 | 4c89 5424 | 7048 8954 | 2468 4489 | 4424 6489 | 7c24 5448 | 8944 2458 
  0x000001a31ceed5e4: 894c 2450 | 4c89 7424 | 4889 5c24 | 344c 894c | 2440 4c89 | 6c24 3849 | 8bd5 4d8b | c266 6690 
  0x000001a31ceed604: ;   {no_reloc}
  0x000001a31ceed604: c5f8 77e8 

  0x000001a31ceed608: ; ImmutableOopMap {rbp=NarrowOop [0]=Oop [8]=Oop [16]=Oop [32]=Oop [40]=Oop [48]=NarrowOop [56]=Oop [64]=Oop [72]=Oop [88]=Oop [96]=NarrowOop [100]=NarrowOop [104]=Oop [112]=Oop }
                      ;*invokevirtual equals {reexecute=0 rethrow=0 return_oop=0}
                      ; - java.util.HashMap::putVal@91 (line 642)
                      ; - java.util.HashMap::put@9 (line 619)
                      ; - cpw.mods.cl.ModuleClassLoader::lambda$new$6@6 (line 66)
                      ; - cpw.mods.cl.ModuleClassLoader$$Lambda/0x000001a3340c7db8::accept@12
                      ; - java.lang.Iterable::forEach@30 (line 75)
  0x000001a31ceed608: 5414 73ff 

  0x000001a31ceed60c: ;   {post_call_nop}
  0x000001a31ceed60c: 0f1f 8400 | 8403 0001 | 85c0 0f84 | b80e 0000 | 488b 5424 | 6848 8bc2 | 8b4c 2460 | 4c8d 5814 
  0x000001a31ceed62c: 4180 7f48 | 000f 858b | 1200 0041 | 890b 448b | c149 c1e0 | 034d 8bd3 | 4d33 d049 | c1ea 160f 
  0x000001a31ceed64c: 8428 0000 | 0049 83f8 | 000f 841e | 0000 004d | 8bd3 49c1 | ea09 49b8 | 0040 d322 | a301 0000 
  0x000001a31ceed66c: 4d03 d041 | 803a 020f | 85b1 1200 | 00e9 6b01 | 0000 478b 

  0x000001a31ceed680: ;   {metadata('java/util/HashMap$TreeNode')}
  0x000001a31ceed680: 54c4 0841 | 81fa 302a | 2a00 0f85 | 7505 0000 | 897c 2458 | 4889 4424 | 5089 4c24 | 444c 8974 
  0x000001a31ceed6a0: 2448 895c | 2440 4c89 | 4c24 384c | 896c 2430 | 488b ea44 | 8b5c 2460 | 498b cb48 | c1e1 0348 
  0x000001a31ceed6c0: 8bd5 4d8b | c14c 8bc8 | 8bfb 498b | f544 895c | 245c 6690 

  0x000001a31ceed6d4: ;   {optimized virtual_call}
  0x000001a31ceed6d4: c5f8 77e8 

  0x000001a31ceed6d8: ; ImmutableOopMap {rbp=Oop [0]=Oop [8]=Oop [16]=Oop [32]=Oop [40]=Oop [48]=Oop [56]=Oop [72]=Oop [80]=Oop [92]=NarrowOop [96]=NarrowOop }
                      ;*invokevirtual putTreeVal {reexecute=0 rethrow=0 return_oop=1}
                      ; - java.util.HashMap::putVal@123 (line 645)
                      ; - java.util.HashMap::put@9 (line 619)
                      ; - cpw.mods.cl.ModuleClassLoader::lambda$new$6@6 (line 66)
                      ; - cpw.mods.cl.ModuleClassLoader$$Lambda/0x000001a3340c7db8::accept@12
                      ; - java.lang.Iterable::forEach@30 (line 75)
  0x000001a31ceed6d8: 8413 73ff 

  0x000001a31ceed6dc: ;   {post_call_nop}
  0x000001a31ceed6dc: 0f1f 8400 | 5404 0002 | 4885 c00f | 8537 ffff | ff4c 8b6c | 2430 4c8b | 4c24 388b | 5c24 404c 
  0x000001a31ceed6fc: 8b74 2448 | 8b4c 2444 | 488b 7424 | 508b 7c24 | 5848 8bd5 | e9b1 0000 | 004d 8b87 | c801 0000 
  0x000001a31ceed71c: 4d8b d049 | 83c2 204d | 3b97 d801 | 0000 0f83 | 1509 0000 | 4d89 97c8 | 0100 0041 | 0f0d 8ac0 
  0x000001a31ceed73c: 0000 0049 | c700 0100 

  0x000001a31ceed744: ;   {metadata('java/util/HashMap$Node')}
  0x000001a31ceed744: 0000 41c7 | 4008 6825 | 2a00 4589 | 600c 4d89 | 6010 4d89 | 6018 4189 | 580c 448b | 5424 6045 
  0x000001a31ceed764: 8950 1441 | 8968 1044 

  0x000001a31ceed76c: ;   {metadata('java/util/HashMap$Node'[])}
  0x000001a31ceed76c: 8b5e 0841 | 81fb 5823 | 2a00 0f85 | f40b 0000 | 4c8d 54be | 1041 807f | 4800 0f85 | f511 0000 
  0x000001a31ceed78c: 498b d048 | c1ea 0341 | 8912 4d8b | da4d 33d8 | 49c1 eb16 | 0f84 1e00 | 0000 4d8b | da49 c1eb 
  0x000001a31ceed7ac: 0948 ba00 | 40d3 22a3 | 0100 004c | 03da 4180 | 3b02 0f85 | 4d12 0000 | 33d2 41ff | 4118 458b 
  0x000001a31ceed7cc: 511c 458b | 4114 41ff | c045 8941 | 140f 1f80 | 0000 0000 | 453b c20f | 8f4a 0700 | 004c 8b54 
  0x000001a31ceed7ec: 2410 458b | 5208 4d8b 

  0x000001a31ceed7f4: ; ImmutableOopMap {[0]=Oop [8]=Oop [16]=Oop [32]=Oop }
                      ;*goto {reexecute=1 rethrow=0 return_oop=0}
                      ; - (reexecute) java.lang.Iterable::forEach@35 (line 76)
                      ;   {poll}
  0x000001a31ceed7f4: 5f30 4185 | 030f 1f80 | 0000 0000 

  0x000001a31ceed800: ;   {metadata('java/util/ImmutableCollections$SetN$SetNIterator')}
  0x000001a31ceed800: 4181 fab8 | 8829 000f | 8550 0300 | 004c 8b54 | 2410 458b | 5a0c 4585 | db0f 8edc | 0300 00b8 
  0x000001a31ceed820: 0100 0000 | 85c0 0f84 | 1b03 0000 | 448b 5c24 

  0x000001a31ceed830: ;   {metadata('java/util/ImmutableCollections$SetN$SetNIterator')}
  0x000001a31ceed830: 1c41 81fb | b888 2900 | 0f85 4703 | 0000 4c8b | 4c24 1041 | 8b79 0c85 | ff0f 8e99 | 0b00 0045 
  0x000001a31ceed850: 8b51 1441 | 8b49 1043 | 8b6c d410 | 0f1f 4000 

  0x000001a31ceed860: ; implicit exception: dispatches to 0x000001a31ceee740
  0x000001a31ceed860: 458b 54ec | 0c4d 8d1c | ecff c985 | c90f 8cb6 | 0600 0041 | 3bca 0f83 | 0c0a 0000 | 458b 448b 
  0x000001a31ceed880: 1049 8b5f 

  0x000001a31ceed884: ; ImmutableOopMap {r11=Oop r8=NarrowOop r9=Oop rbp=NarrowOop [0]=Oop [8]=Oop [16]=Oop }
                      ;*ifnull {reexecute=1 rethrow=0 return_oop=0}
                      ; - (reexecute) java.util.ImmutableCollections$SetN$SetNIterator::next@62 (line 985)
                      ; - java.lang.Iterable::forEach@22 (line 74)
                      ;   {poll}
  0x000001a31ceed884: 3085 0345 | 85c0 74dd | 4189 4910 | ffcf 4189 | 790c 4f8d | 14c4 4c89 | 5424 2044 | 8b54 2418 
  0x000001a31ceed8a4: ;   {metadata('cpw/mods/cl/ModuleClassLoader$$Lambda+0x000001a3340c7db8')}
  0x000001a31ceed8a4: 4181 fab8 | 7d0c 010f | 8508 0700 | 004c 8b54 | 2408 4c89 | 5424 2845 | 8b52 0c44 | 8954 2430 
  0x000001a31ceed8c4: 4c8b 5424 | 2845 8b5a | 1044 895c | 2460 4c8b | 5424 2045 | 8b5a 080f | 1f44 0000 

  0x000001a31ceed8e0: ;   {metadata('java/lang/String')}
  0x000001a31ceed8e0: 4181 fb38 | a616 000f | 850f 0d00 | 004c 8b6c | 2420 448b | 5c24 3043 | 8b6c dc5c | 0f1f 4000 
  0x000001a31ceed900: ; implicit exception: dispatches to 0x000001a31ceee6b0
  0x000001a31ceed900: 458b 5cec 

  0x000001a31ceed904: ;   {metadata('java/util/HashMap')}
  0x000001a31ceed904: 0841 81fb | 58fd 1d00 | 0f85 160a | 0000 458b | 5d0c 4d8d | 0cec 660f | 1f44 0000 | 4585 db0f 
  0x000001a31ceed924: 8520 fcff | ff45 0fb6 | 5511 4585 | d20f 85f6 | 0600 0045 | 0fbe 5510 | 0f1f 4000 | 4585 d20f 
  0x000001a31ceed944: 8537 0b00 | 0041 8b6d | 1445 8b54 | ec0c 4d8d | 1cec 498d | 7cec 100f | 1f44 0000 | 4183 fa02 
  0x000001a31ceed964: 0f8c a206 | 0000 33db | 418b d283 | fa20 0f8c | 6201 0000 | 4533 c0c5 | d5ef edc4 | 413d efc0 
  0x000001a31ceed984: c5c5 efff | c5cd eff6 

  0x000001a31ceed98c: ;   {external_word}
  0x000001a31ceed98c: 48b9 e0a7 | c9ac fc7f | 0000 448b | 19c4 4179 | 6ecb c442 | 7d58 c98b | ca83 e1e0 | 410f afdb 
  0x000001a31ceed9ac: c4a1 7a7e | 1c07 c4a1 | 7a7e 5407 | 08c4 a17a | 7e4c 0710 | c4a1 7a7e | 6407 18c4 | c255 40e9 
  0x000001a31ceed9cc: c4e2 7d31 | dbc5 d5fe | ebc4 423d | 40c1 c4e2 | 7d31 d2c5 | 3dfe c2c4 | c245 40f9 | c4e2 7d31 
  0x000001a31ceed9ec: c9c5 c5fe | f9c4 c24d | 40f1 c4e2 | 7d31 e4c5 | cdfe f441 | 83c0 2044 | 3bc1 7ca0 | 488d 3c0f 
  0x000001a31ceeda0c: ;   {external_word}
  0x000001a31ceeda0c: 2bd1 48b9 | e4a7 c9ac | fc7f 0000 | c57e 6f11 | c4c2 5540 

  0x000001a31ceeda20: ;   {external_word}
  0x000001a31ceeda20: ea48 b904 | a8c9 acfc | 7f00 00c5 | 7e6f 19c4 | 423d 40c3 

  0x000001a31ceeda34: ;   {external_word}
  0x000001a31ceeda34: 48b9 24a8 | c9ac fc7f | 0000 c5fe | 6f01 c4e2 

  0x000001a31ceeda44: ;   {external_word}
  0x000001a31ceeda44: 4540 f848 | b944 a8c9 | acfc 7f00 | 00c5 7e6f | 21c4 c24d | 40f4 c4e2 | 5502 ddc4 | e37d 39da 
  0x000001a31ceeda64: 01c5 e1fe | dac4 e261 | 02db c5f9 | 6ed3 c5e1 | feda c5f9 | 7edb c4c2 | 3d02 c8c4 | e37d 39cc 
  0x000001a31ceeda84: 01c5 f1fe | ccc4 e271 | 02c9 c5f9 | 6ee3 c5f1 | fecc c5f9 | 7ecb c4e2 | 4502 dfc4 | e37d 39da 
  0x000001a31ceedaa4: 01c5 e1fe | dac4 e261 | 02db c5f9 | 6ed3 c5e1 | feda c5f9 | 7edb c4e2 | 4d02 cec4 | e37d 39cc 
  0x000001a31ceedac4: 01c5 f1fe | ccc4 e271 | 02c9 c5f9 | 6ee3 c5f1 | fecc c5f9 | 7ecb 41b8 | 0100 0000 | 443b c20f 
  0x000001a31ceedae4: 8d2e 0000 | 0041 bbc1 | 0300 0041 | 0faf db42 | 0fb6 4c07 | ff44 8bd9 | 41c1 e305 | 442b d941 
  0x000001a31ceedb04: 03db 460f | b61c 0741 | 03db 4183 | c002 443b | c27c d27f | 108b cbc1 | e305 2bd9 | 460f b65c 
  0x000001a31ceedb24: 07ff 4103 | db85 db0f | 8403 0500 | 0044 8bd3 | 41c1 ea10 | 4433 d341 | 895d 0c41 | 8bda e90b 
  0x000001a31ceedb44: ;   {no_reloc}
  0x000001a31ceedb44: faff ffc5 | f877 4881 | c4e0 0000 

  0x000001a31ceedb50: ;   {poll_return}
  0x000001a31ceedb50: 005d 493b | 6728 0f87 | 6c10 0000 | c348 8b54 | 2410 c5f8 | 7748 b818 | baf2 7ca3 

  0x000001a31ceedb6c: ;   {virtual_call}
  0x000001a31ceedb6c: 0100 00e8 

  0x000001a31ceedb70: ; ImmutableOopMap {[0]=Oop [8]=Oop [16]=Oop [32]=Oop }
                      ;*invokeinterface hasNext {reexecute=0 rethrow=0 return_oop=0}
                      ; - java.lang.Iterable::forEach@13 (line 74)
  0x000001a31ceedb70: ec9b 89ff 

  0x000001a31ceedb74: ;   {post_call_nop}
  0x000001a31ceedb74: 0f1f 8400 | ec08 0005 | 0f1f 4000 | e99f fcff | ff48 8b54 | 2410 488b | 2c24 c5f8 | 7748 b840 
  0x000001a31ceedb94: baf2 7ca3 

  0x000001a31ceedb98: ;   {virtual_call}
  0x000001a31ceedb98: 0100 00e8 

  0x000001a31ceedb9c: ; ImmutableOopMap {rbp=Oop [0]=Oop [8]=Oop [16]=Oop }
                      ;*invokeinterface next {reexecute=0 rethrow=0 return_oop=1}
                      ; - java.lang.Iterable::forEach@22 (line 74)
  0x000001a31ceedb9c: 009e 89ff 

  0x000001a31ceedba0: ;   {post_call_nop}
  0x000001a31ceedba0: 0f1f 8400 | 1809 0006 | 4889 4424 | 20e9 edfc | ffff 4c89 | 7424 4889 | 5c24 344c | 894c 2440 
  0x000001a31ceedbc0: 4c89 6c24 | 3849 8bd1 | 448b 5c24 | 6041 8beb 

  0x000001a31ceedbd0: ;   {optimized virtual_call}
  0x000001a31ceedbd0: c5f8 77e8 

  0x000001a31ceedbd4: ; ImmutableOopMap {rbp=NarrowOop [0]=Oop [8]=Oop [16]=Oop [32]=Oop [40]=Oop [48]=NarrowOop [56]=Oop [64]=Oop [72]=Oop [96]=NarrowOop }
                      ;*invokevirtual resize {reexecute=0 rethrow=0 return_oop=1}
                      ; - java.util.HashMap::putVal@20 (line 636)
                      ; - java.util.HashMap::put@9 (line 619)
                      ; - cpw.mods.cl.ModuleClassLoader::lambda$new$6@6 (line 66)
                      ; - cpw.mods.cl.ModuleClassLoader$$Lambda/0x000001a3340c7db8::accept@12
                      ; - java.lang.Iterable::forEach@30 (line 75)
  0x000001a31ceedbd4: 880e 73ff 

  0x000001a31ceedbd8: ;   {post_call_nop}
  0x000001a31ceedbd8: 0f1f 8400 | 5009 0007 

  0x000001a31ceedbe0: ; implicit exception: dispatches to 0x000001a31ceee810
  0x000001a31ceedbe0: 8b48 0c4c | 8b6c 2438 | 4c8b 4c24 | 408b 5c24 | 344c 8b74 | 2448 e97f | f9ff ff33 | c066 6690 
  0x000001a31ceedc00: e91f fcff | ff47 8b54 | c418 4585 | d20f 8446 | 0100 004f | 8d1c d445 | 33d2 458b | 430c 6690 
  0x000001a31ceedc20: 443b c30f | 85ff 0000 | 0041 8b6b | 104c 8bc5 | 49c1 e003 | 4d3b c50f | 842e 0500 | 0044 8954 
  0x000001a31ceedc40: 2478 4c89 | 5c24 7048 | 8954 2468 | 897c 2464 | 4889 7424 | 5889 4c24 | 5489 5c24 | 504c 894c 
  0x000001a31ceedc60: 2448 4c89 | 6c24 4048 | 8944 24f8 | 8b44 2460 | 8944 243c | 488b 4424 | f848 8944 | 24f8 8b44 
  0x000001a31ceedc80: 2430 8944 | 2438 488b | 4424 f848 | ff74 2428 | 488f 4424 | 3048 ff74 | 2420 488f | 4424 2848 
  0x000001a31ceedca0: ff74 2410 | 488f 4424 | 2048 8944 | 24f8 8b44 | 2418 8944 | 2410 488b | 4424 f849 | 8bd5 4c89 
  0x000001a31ceedcc0: b424 8800 | 0000 4889 | 4424 f88b | 4424 3c89 | 4424 1448 

  0x000001a31ceedcd4: ;   {no_reloc}
  0x000001a31ceedcd4: 8b44 24f8 | 4c89 8424 | b000 0000 

  0x000001a31ceedce0: ;   {optimized virtual_call}
  0x000001a31ceedce0: c5f8 77e8 

  0x000001a31ceedce4: ; ImmutableOopMap {rbp=NarrowOop [0]=Oop [8]=Oop [20]=NarrowOop [32]=Oop [40]=Oop [48]=Oop [56]=NarrowOop [60]=NarrowOop [64]=Oop [72]=Oop [88]=Oop [96]=NarrowOop [104]=Oop [112]=Oop [136]=Oop [176]=Oop }
                      ;*invokevirtual equals {reexecute=0 rethrow=0 return_oop=0}
                      ; - java.util.HashMap::putVal@203 (line 655)
                      ; - java.util.HashMap::put@9 (line 619)
                      ; - cpw.mods.cl.ModuleClassLoader::lambda$new$6@6 (line 66)
                      ; - cpw.mods.cl.ModuleClassLoader$$Lambda/0x000001a3340c7db8::accept@12
                      ; - java.lang.Iterable::forEach@30 (line 75)
  0x000001a31ceedce4: 780d 73ff 

  0x000001a31ceedce8: ;   {post_call_nop}
  0x000001a31ceedce8: 0f1f 8400 | 600a 0008 | 85c0 0f84 | 2808 0000 | 488b 4424 | 7048 8944 | 24f8 8b44 | 2410 8944 
  0x000001a31ceedd08: 2418 488b | 4424 f848 | ff74 2420 | 488f 4424 | 1048 ff74 | 2428 488f | 4424 20e9 | fcf8 ffff 
  0x000001a31ceedd28: 498b 4730 | 458b 4318 | 41ff c248 | 8b54 2428 | c5fa 105c 

  0x000001a31ceedd3c: ; ImmutableOopMap {r11=Oop r8=NarrowOop r9=Oop rdx=Oop rsi=Oop rbp=NarrowOop r13=Oop r14=Oop xmm3=NarrowOop [0]=Oop [8]=Oop [16]=Oop [32]=Oop [40]=Oop [48]=NarrowOop [96]=NarrowOop }
                      ;*goto {reexecute=1 rethrow=0 return_oop=0}
                      ; - (reexecute) java.util.HashMap::putVal@219 (line 647)
                      ; - java.util.HashMap::put@9 (line 619)
                      ; - cpw.mods.cl.ModuleClassLoader::lambda$new$6@6 (line 66)
                      ; - cpw.mods.cl.ModuleClassLoader$$Lambda/0x000001a3340c7db8::accept@12
                      ; - java.lang.Iterable::forEach@30 (line 75)
                      ;   {poll}
  0x000001a31ceedd3c: 2460 8500 | 4585 c074 | 0f49 c1e0 | 0349 8bd3 | 4d8b d8e9 | c6fe ffff | 498b d3eb | 0345 33d2 
  0x000001a31ceedd5c: 498b 87c8 | 0100 004c | 8bd8 4983 | c320 4d3b | 9fd8 0100 | 000f 83fc | 0300 004d | 899f c801 
  0x000001a31ceedd7c: 0000 410f | 0d8b c000 | 0000 48c7 | 0001 0000 

  0x000001a31ceedd8c: ;   {metadata('java/util/HashMap$Node')}
  0x000001a31ceedd8c: 00c7 4008 | 6825 2a00 | 4489 600c | 4c89 6010 | 4c89 6018 | 8958 0c44 | 8b5c 2460 | 4489 5814 
  0x000001a31ceeddac: 8968 104c | 8d5a 1841 | 807f 4800 | 0f85 d20c | 0000 488b | e848 c1ed | 0341 892b | 4d8b c34c 
  0x000001a31ceeddcc: 33c0 49c1 | e816 0f84 | 1e00 0000 | 4d8b c349 | c1e8 0948 | bd00 40d3 | 22a3 0100 | 004c 03c5 
  0x000001a31ceeddec: 4180 3802 | 0f85 3e0d | 0000 6666 | 0f1f 8400 | 0000 0000 | 4183 fa07 | 0f8c bcf9 | ffff 418b 
  0x000001a31ceede0c: c248 8954 | 2470 897c | 245c 4889 | 7424 6889 | 4c24 584c | 8974 2450 | 895c 243c | 4c89 4c24 
  0x000001a31ceede2c: 484c 896c | 2440 4889 | 4424 f88b | 4424 6089 | 4424 3848 | 8b44 24f8 | 48ff 7424 | 2848 8f44 
  0x000001a31ceede4c: 2430 48ff | 7424 2048 | 8f44 2428 | 48ff 7424 | 1048 8f44 | 2420 4889 | 4424 f88b | 4424 1889 
  0x000001a31ceede6c: 4424 1048 | 8b44 24f8 | 488b 6c24 | 0849 8bd1 | 4c8b c644 | 8bcb 48ff | 7424 3048 | 8f44 2408 
  0x000001a31ceede8c: ;   {no_reloc}
  0x000001a31ceede8c: 4889 4424 | f88b 4424 | 3889 4424 | 1448 8b44 | 24f8 8984 | 249c 0000 | 0066 6690 

  0x000001a31ceedea8: ;   {optimized virtual_call}
  0x000001a31ceedea8: c5f8 77e8 

  0x000001a31ceedeac: ; ImmutableOopMap {rbp=Oop [0]=Oop [8]=Oop [20]=NarrowOop [32]=Oop [40]=Oop [48]=Oop [56]=NarrowOop [64]=Oop [72]=Oop [80]=Oop [104]=Oop [112]=Oop }
                      ;*invokevirtual treeifyBin {reexecute=0 rethrow=0 return_oop=0}
                      ; - java.util.HashMap::putVal@169 (line 651)
                      ; - java.util.HashMap::put@9 (line 619)
                      ; - cpw.mods.cl.ModuleClassLoader::lambda$new$6@6 (line 66)
                      ; - cpw.mods.cl.ModuleClassLoader$$Lambda/0x000001a3340c7db8::accept@12
                      ; - java.lang.Iterable::forEach@30 (line 75)
  0x000001a31ceedeac: b00b 73ff 

  0x000001a31ceedeb0: ;   {post_call_nop}
  0x000001a31ceedeb0: 0f1f 8400 | 280c 000a | 4889 6c24 | 0848 8944 | 24f8 8b44 | 2410 8944 | 2418 488b | 4424 f848 
  0x000001a31ceeded0: ff74 2420 | 488f 4424 | 1048 ff74 | 2428 488f | 4424 2048 | ff74 2430 | 488f 4424 | 2848 8944 
  0x000001a31ceedef0: 24f8 8b44 | 2438 8944 | 2460 488b | 4424 f84c | 8b6c 2440 | 4c8b 4c24 | 488b 5c24 | 3c4c 8b74 
  0x000001a31ceedf10: 2450 8b4c | 2458 488b | 7424 688b | 7c24 5c48 | 8b54 2470 | e99d f8ff | ff41 8bca | ffc9 e940 
  0x000001a31ceedf30: f9ff ff48 | 8954 2458 | 897c 244c | 4889 7424 | 5089 4c24 | 484c 8974 | 2440 895c | 2434 498b 
  0x000001a31ceedf50: d148 8944 | 24f8 8b44 | 2460 8944 | 2430 488b | 4424 f84c | 896c 2468 | 4c89 6c24 | 784c 898c 
  0x000001a31ceedf70: 2488 0000 | 008b 6c24 | 3066 6690 

  0x000001a31ceedf7c: ;   {optimized virtual_call}
  0x000001a31ceedf7c: c5f8 77e8 

  0x000001a31ceedf80: ; ImmutableOopMap {rbp=NarrowOop [0]=Oop [8]=Oop [16]=Oop [32]=Oop [40]=Oop [48]=NarrowOop [64]=Oop [80]=Oop [88]=Oop [104]=Oop [120]=Oop [136]=Oop }
                      ;*invokevirtual resize {reexecute=0 rethrow=0 return_oop=1}
                      ; - java.util.HashMap::putVal@288 (line 670)
                      ; - java.util.HashMap::put@9 (line 619)
                      ; - cpw.mods.cl.ModuleClassLoader::lambda$new$6@6 (line 66)
                      ; - cpw.mods.cl.ModuleClassLoader$$Lambda/0x000001a3340c7db8::accept@12
                      ; - java.lang.Iterable::forEach@30 (line 75)
  0x000001a31ceedf80: dc0a 73ff 

  0x000001a31ceedf84: ;   {post_call_nop}
  0x000001a31ceedf84: 0f1f 8400 | fc0c 000b | e958 f8ff | ff48 8bd0 | 488b 2c24 | 6690 c5f8 | 7748 b868 | baf2 7ca3 
  0x000001a31ceedfa4: ;   {virtual_call}
  0x000001a31ceedfa4: 0100 00e8 

  0x000001a31ceedfa8: ; ImmutableOopMap {rbp=Oop [0]=Oop [8]=Oop [16]=Oop }
                      ;*invokeinterface hasNext {reexecute=0 rethrow=0 return_oop=0}
                      ; - java.lang.Iterable::forEach@13 (line 74)
  0x000001a31ceedfa8: b497 89ff 

  0x000001a31ceedfac: ;   {post_call_nop}
  0x000001a31ceedfac: 0f1f 8400 | 240d 000c | e975 f5ff | ff48 ff74 | 2410 488f | 4424 2848 | 8b6c 2408 | 488b 5424 
  0x000001a31ceedfcc: 084c 8b44 | 2420 c5f8 | 7748 b890 | baf2 7ca3 

  0x000001a31ceedfdc: ;   {virtual_call}
  0x000001a31ceedfdc: 0100 00e8 

  0x000001a31ceedfe0: ; ImmutableOopMap {rbp=Oop [0]=Oop [32]=Oop [40]=Oop }
                      ;*invokeinterface accept {reexecute=0 rethrow=0 return_oop=0}
                      ; - java.lang.Iterable::forEach@30 (line 75)
  0x000001a31ceedfe0: 6c96 89ff 

  0x000001a31ceedfe4: ;   {post_call_nop}
  0x000001a31ceedfe4: 0f1f 8400 | 5c0d 000d | 4889 6c24 | 0848 ff74 | 2428 488f | 4424 100f | 1f44 0000 | e9e4 f7ff 
  0x000001a31ceee004: ff33 c0e9 | 22f5 ffff | 4183 fa01 | 7522 4585 | d20f 8691 | 0500 0044 | 0fb6 1790 | 4585 d274 
  0x000001a31ceee024: 0f41 8bda | e90e fbff | ff33 dbe9 | 1ef5 ffff | 41c6 4511 | 0133 db0f | 1f44 0000 | e90d f5ff 
  0x000001a31ceee044: ff89 6c24 | 7089 7c24 | 6448 8944 | 2468 894c | 2454 4c89 | 7424 5889 | 5c24 504c | 894c 2448 
  0x000001a31ceee064: 4c89 6c24 | 4048 8944 | 24f8 8b44 | 2460 8944 | 243c 488b | 4424 f848 | 8944 24f8 | 8b44 2430 
  0x000001a31ceee084: 8944 2438 | 488b 4424 | f848 ff74 | 2428 488f | 4424 3048 | ff74 2420 | 488f 4424 | 2848 ff74 
  0x000001a31ceee0a4: 2410 488f | 4424 2048 | 8944 24f8 | 8b44 2418 | 8944 2410 | 488b 4424 | f848 8b6c 

  0x000001a31ceee0c0: ;   {metadata('java/util/HashMap$Node')}
  0x000001a31ceee0c0: 2408 48ba | 6825 2a33 | a301 0000 | 48ff 7424 | 3048 8f44 | 2408 4889 | 4424 f88b | 4424 3c89 
  0x000001a31ceee0e0: 4424 1448 | 8b44 24f8 

  0x000001a31ceee0e8: ;   {runtime_call C2 Runtime new_instance}
  0x000001a31ceee0e8: c5f8 77e8 

  0x000001a31ceee0ec: ; ImmutableOopMap {rbp=Oop [0]=Oop [8]=Oop [20]=NarrowOop [32]=Oop [40]=Oop [48]=Oop [56]=NarrowOop [64]=Oop [72]=Oop [88]=Oop [96]=NarrowOop [104]=Oop [112]=NarrowOop }
                      ;*new {reexecute=0 rethrow=0 return_oop=1}
                      ; - java.util.HashMap::newNode@0 (line 1910)
                      ; - java.util.HashMap::putVal@56 (line 638)
                      ; - java.util.HashMap::put@9 (line 619)
                      ; - cpw.mods.cl.ModuleClassLoader::lambda$new$6@6 (line 66)
                      ; - cpw.mods.cl.ModuleClassLoader$$Lambda/0x000001a3340c7db8::accept@12
                      ; - java.lang.Iterable::forEach@30 (line 75)
  0x000001a31ceee0ec: f084 89ff 

  0x000001a31ceee0f0: ;   {post_call_nop}
  0x000001a31ceee0f0: 0f1f 8400 | 680e 000e | 4889 6c24 | 0848 8944 | 24f8 8b44 | 2410 8944 | 2418 488b | 4424 f848 
  0x000001a31ceee110: ff74 2420 | 488f 4424 | 1048 ff74 | 2428 488f | 4424 2048 | ff74 2430 | 488f 4424 | 2848 8944 
  0x000001a31ceee130: 24f8 8b44 | 2438 8944 | 2430 488b | 4424 f84c | 8b6c 2440 | 4c8b 4c24 | 488b 5c24 | 504c 8b74 
  0x000001a31ceee150: 2458 8b4c | 2454 488b | 7424 688b | 7c24 648b | 6c24 704c | 8bc0 e9ef | f5ff ff49 | 8bc3 e9b1 
  0x000001a31ceee170: f4ff ff44 | 8954 2478 | 4889 5424 | 7089 6c24 | 6489 7c24 | 5c48 8974 | 2468 894c | 2458 4c89 
  0x000001a31ceee190: 7424 5089 | 5c24 3c4c | 894c 2448 | 4c89 6c24 | 4048 8944 | 24f8 8b44 | 2460 8944 | 2438 488b 
  0x000001a31ceee1b0: 4424 f848 | ff74 2428 | 488f 4424 | 3048 ff74 | 2420 488f | 4424 2848 | ff74 2410 | 488f 4424 
  0x000001a31ceee1d0: 2048 8944 | 24f8 8b44 | 2418 8944 | 2410 488b | 4424 f848 | 8b6c 2408 

  0x000001a31ceee1e8: ;   {metadata('java/util/HashMap$Node')}
  0x000001a31ceee1e8: 48ba 6825 | 2a33 a301 | 0000 48ff | 7424 3048 | 8f44 2408 | 4889 4424 | f88b 4424 | 3889 4424 
  0x000001a31ceee208: 1448 8b44 | 24f8 6690 

  0x000001a31ceee210: ;   {runtime_call C2 Runtime new_instance}
  0x000001a31ceee210: c5f8 77e8 

  0x000001a31ceee214: ; ImmutableOopMap {rbp=Oop [0]=Oop [8]=Oop [20]=NarrowOop [32]=Oop [40]=Oop [48]=Oop [64]=Oop [72]=Oop [80]=Oop [96]=NarrowOop [100]=NarrowOop [104]=Oop [112]=Oop }
                      ;*new {reexecute=0 rethrow=0 return_oop=1}
                      ; - java.util.HashMap::newNode@0 (line 1910)
                      ; - java.util.HashMap::putVal@152 (line 649)
                      ; - java.util.HashMap::put@9 (line 619)
                      ; - cpw.mods.cl.ModuleClassLoader::lambda$new$6@6 (line 66)
                      ; - cpw.mods.cl.ModuleClassLoader$$Lambda/0x000001a3340c7db8::accept@12
                      ; - java.lang.Iterable::forEach@30 (line 75)
  0x000001a31ceee214: c883 89ff 

  0x000001a31ceee218: ;   {post_call_nop}
  0x000001a31ceee218: 0f1f 8400 | 900f 000f | 4889 6c24 | 0848 8944 | 24f8 8b44 | 2410 8944 | 2418 488b | 4424 f848 
  0x000001a31ceee238: ff74 2420 | 488f 4424 | 1048 ff74 | 2428 488f | 4424 2048 | ff74 2430 | 488f 4424 | 284c 8b6c 
  0x000001a31ceee258: 2440 4c8b | 4c24 488b | 5c24 3c4c | 8b74 2450 | 8b4c 2458 | 488b 7424 | 688b 7c24 | 5c8b 6c24 
  0x000001a31ceee278: 6448 8b54 | 2470 448b | 5424 78e9 | 18fb ffff | bae4 ffff | ff4c 894c | 2418 4489 | 5424 2489 
  0x000001a31ceee298: 4c24 2890 

  0x000001a31ceee29c: ;   {runtime_call UncommonTrapBlob}
  0x000001a31ceee29c: c5f8 77e8 

  0x000001a31ceee2a0: ; ImmutableOopMap {rbp=NarrowOop [0]=Oop [8]=Oop [24]=Oop }
                      ;*aaload {reexecute=0 rethrow=0 return_oop=0}
                      ; - java.util.ImmutableCollections$SetN$SetNIterator::next@59 (line 985)
                      ; - java.lang.Iterable::forEach@22 (line 74)
  0x000001a31ceee2a0: bc3f 89ff 

  0x000001a31ceee2a4: ;   {post_call_nop}
  0x000001a31ceee2a4: 0f1f 8400 | 1c10 0010 | bae4 ffff | ff48 8b2c | 2448 ff74 | 2428 488f | 0424 48ff | 7424 1048 
  0x000001a31ceee2c4: 8f44 2408 | 48ff 7424 | 2048 8f44 | 2410 4889 | 4424 f88b | 4424 3089 | 4424 2848 | 8b44 24f8 
  0x000001a31ceee2e4: 4889 4424 | f88b 4424 | 6089 4424 | 2c48 8b44 | 24f8 4c89 | 6c24 304c | 896c 2440 | 4c89 4c24 
  0x000001a31ceee304: 5089 5c24 | 4c89 4c24 | 6448 8944 | 2478 897c | 2474 6690 

  0x000001a31ceee318: ;   {runtime_call UncommonTrapBlob}
  0x000001a31ceee318: c5f8 77e8 

  0x000001a31ceee31c: ; ImmutableOopMap {rbp=Oop [0]=Oop [8]=Oop [16]=Oop [40]=NarrowOop [44]=NarrowOop [48]=Oop [64]=Oop [80]=Oop [120]=Oop }
                      ;*aaload {reexecute=0 rethrow=0 return_oop=0}
                      ; - java.util.HashMap::putVal@40 (line 637)
                      ; - java.util.HashMap::put@9 (line 619)
                      ; - cpw.mods.cl.ModuleClassLoader::lambda$new$6@6 (line 66)
                      ; - cpw.mods.cl.ModuleClassLoader$$Lambda/0x000001a3340c7db8::accept@12
                      ; - java.lang.Iterable::forEach@30 (line 75)
  0x000001a31ceee31c: 403f 89ff 

  0x000001a31ceee320: ;   {post_call_nop}
  0x000001a31ceee320: 0f1f 8400 | 9810 0011 | bade ffff | ff48 ff74 | 2428 488f | 4424 0848 | ff74 2420 | 488f 4424 
  0x000001a31ceee340: 1848 8944 | 24f8 8b44 | 2460 8944 | 2434 488b | 4424 f84c | 896c 2438 | 4c89 6c24 | 4066 6690 
  0x000001a31ceee360: ;   {runtime_call UncommonTrapBlob}
  0x000001a31ceee360: c5f8 77e8 

  0x000001a31ceee364: ; ImmutableOopMap {rbp=NarrowOop [0]=Oop [8]=Oop [16]=Oop [24]=Oop [48]=NarrowOop [52]=NarrowOop [56]=Oop [64]=Oop }
                      ;*invokeinterface put {reexecute=0 rethrow=0 return_oop=0}
                      ; - cpw.mods.cl.ModuleClassLoader::lambda$new$6@6 (line 66)
                      ; - cpw.mods.cl.ModuleClassLoader$$Lambda/0x000001a3340c7db8::accept@12
                      ; - java.lang.Iterable::forEach@30 (line 75)
  0x000001a31ceee364: f83e 89ff 

  0x000001a31ceee368: ;   {post_call_nop}
  0x000001a31ceee368: 0f1f 8400 | e010 0012 | bad6 ffff | ff48 8b2c | 2448 ff74 | 2410 488f | 4424 0848 | ff74 2420 
  0x000001a31ceee388: 488f 4424 | 1048 ff74 | 2428 488f | 4424 1848 | 8944 24f8 | 8b44 2430 | 8944 2428 | 488b 4424 
  0x000001a31ceee3a8: f84c 896c | 2430 4c89 | 6c24 4044 | 8954 2448 | 4c89 4c24 | 5089 5c24 | 4c89 4c24 | 6448 8974 
  0x000001a31ceee3c8: 2478 897c | 2474 4c89 | 8424 8000 | 0000 6690 

  0x000001a31ceee3d8: ;   {runtime_call UncommonTrapBlob}
  0x000001a31ceee3d8: c5f8 77e8 

  0x000001a31ceee3dc: ; ImmutableOopMap {rbp=Oop [8]=Oop [16]=Oop [24]=Oop [40]=NarrowOop [48]=Oop [64]=Oop [72]=NarrowOop [80]=Oop [96]=NarrowOop [120]=Oop [128]=Oop }
                      ;*aastore {reexecute=1 rethrow=0 return_oop=0}
                      ; - (reexecute) java.util.HashMap::putVal@59 (line 638)
                      ; - java.util.HashMap::put@9 (line 619)
                      ; - cpw.mods.cl.ModuleClassLoader::lambda$new$6@6 (line 66)
                      ; - cpw.mods.cl.ModuleClassLoader$$Lambda/0x000001a3340c7db8::accept@12
                      ; - java.lang.Iterable::forEach@30 (line 75)
  0x000001a31ceee3dc: 803e 89ff 

  0x000001a31ceee3e0: ;   {post_call_nop}
  0x000001a31ceee3e0: 0f1f 8400 | 5811 0013 | ba4d ffff | ff48 8b2c | 2448 ff74 | 2408 488f | 0424 4c89 | 4c24 1089 
  0x000001a31ceee400: 7c24 1890 

  0x000001a31ceee404: ;   {runtime_call UncommonTrapBlob}
  0x000001a31ceee404: c5f8 77e8 

  0x000001a31ceee408: ; ImmutableOopMap {rbp=Oop [0]=Oop [16]=Oop }
                      ;*ifle {reexecute=1 rethrow=0 return_oop=0}
                      ; - (reexecute) java.util.ImmutableCollections$SetN$SetNIterator::next@4 (line 970)
                      ; - java.lang.Iterable::forEach@22 (line 74)
  0x000001a31ceee408: 543e 89ff 

  0x000001a31ceee40c: ;   {post_call_nop}
  0x000001a31ceee40c: 0f1f 8400 | 8411 0014 | ba4d ffff | ff48 8b2c | 2448 ff74 | 2428 488f | 0424 48ff | 7424 1048 
  0x000001a31ceee42c: 8f44 2408 | 48ff 7424 | 2048 8f44 | 2410 4489 | 5c24 2848 | 8944 24f8 | 8b44 2460 | 8944 242c 
  0x000001a31ceee44c: 488b 4424 | f84c 896c | 2430 4c89 | 6c24 404c | 894c 2450 | 895c 244c | 4489 5424 | 6489 4c24 
  0x000001a31ceee46c: 6c66 6690 

  0x000001a31ceee470: ;   {runtime_call UncommonTrapBlob}
  0x000001a31ceee470: c5f8 77e8 

  0x000001a31ceee474: ; ImmutableOopMap {rbp=Oop [0]=Oop [8]=Oop [16]=Oop [40]=NarrowOop [44]=NarrowOop [48]=Oop [64]=Oop [80]=Oop [100]=NarrowOop }
                      ;*ifne {reexecute=1 rethrow=0 return_oop=0}
                      ; - (reexecute) java.util.HashMap::putVal@16 (line 635)
                      ; - java.util.HashMap::put@9 (line 619)
                      ; - cpw.mods.cl.ModuleClassLoader::lambda$new$6@6 (line 66)
                      ; - cpw.mods.cl.ModuleClassLoader$$Lambda/0x000001a3340c7db8::accept@12
                      ; - java.lang.Iterable::forEach@30 (line 75)
  0x000001a31ceee474: e83d 89ff 

  0x000001a31ceee478: ;   {post_call_nop}
  0x000001a31ceee478: 0f1f 8400 | f011 0015 | 33ed 4585 | d240 0f94 | c5ba 4dff | ffff 48ff | 7424 2848 | 8f44 2408 
  0x000001a31ceee498: 48ff 7424 | 2048 8f44 | 2418 4889 | 4424 f88b | 4424 6089 | 4424 3448 | 8b44 24f8 | 4c89 6c24 
  0x000001a31ceee4b8: 384c 896c | 2448 4c89 | 4c24 5890 

  0x000001a31ceee4c4: ;   {runtime_call UncommonTrapBlob}
  0x000001a31ceee4c4: c5f8 77e8 

  0x000001a31ceee4c8: ; ImmutableOopMap {[0]=Oop [8]=Oop [16]=Oop [24]=Oop [48]=NarrowOop [52]=NarrowOop [56]=Oop [72]=Oop [88]=Oop }
                      ;*ifeq {reexecute=1 rethrow=0 return_oop=0}
                      ; - (reexecute) java.lang.String::hashCode@20 (line 2445)
                      ; - java.util.HashMap::hash@9 (line 338)
                      ; - java.util.HashMap::put@2 (line 619)
                      ; - cpw.mods.cl.ModuleClassLoader::lambda$new$6@6 (line 66)
                      ; - cpw.mods.cl.ModuleClassLoader$$Lambda/0x000001a3340c7db8::accept@12
                      ; - java.lang.Iterable::forEach@30 (line 75)
  0x000001a31ceee4c8: 943d 89ff 

  0x000001a31ceee4cc: ;   {post_call_nop}
  0x000001a31ceee4cc: 0f1f 8400 | 4412 0016 | ba4d ffff | ff4c 8b54 | 2428 4c89 | 5424 084c | 8b54 2420 | 4c89 5424 
  0x000001a31ceee4ec: 184c 8b54 | 2438 4c89 | 5424 2848 | 8944 24f8 | 8b44 2460 | 8944 2448 | 488b 4424 | f889 8424 
  0x000001a31ceee50c: 8000 0000 

  0x000001a31ceee510: ;   {runtime_call UncommonTrapBlob}
  0x000001a31ceee510: c5f8 77e8 

  0x000001a31ceee514: ; ImmutableOopMap {rbp=NarrowOop [0]=Oop [8]=Oop [16]=Oop [24]=Oop [40]=Oop [48]=NarrowOop [64]=Oop [72]=NarrowOop [88]=Oop [100]=NarrowOop }
                      ;*ifeq {reexecute=1 rethrow=0 return_oop=0}
                      ; - (reexecute) java.util.HashMap::putVal@94 (line 642)
                      ; - java.util.HashMap::put@9 (line 619)
                      ; - cpw.mods.cl.ModuleClassLoader::lambda$new$6@6 (line 66)
                      ; - cpw.mods.cl.ModuleClassLoader$$Lambda/0x000001a3340c7db8::accept@12
                      ; - java.lang.Iterable::forEach@30 (line 75)
  0x000001a31ceee514: 483d 89ff 

  0x000001a31ceee518: ;   {post_call_nop}
  0x000001a31ceee518: 0f1f 8400 | 9012 0017 | ba4d ffff | ff4c 8b54 | 2430 4c89 | 5424 084c | 8b54 2420 | 4c89 5424 
  0x000001a31ceee538: 104c 8b54 | 2428 4c89 | 5424 184c | 8b54 2440 | 4c89 5424 | 2848 8944 | 24f8 8b44 | 2438 8944 
  0x000001a31ceee558: 2430 488b | 4424 f848 | 8944 24f8 | 8b44 243c | 8944 2434 | 488b 4424 | f848 8944 | 24f8 8b44 
  0x000001a31ceee578: 2464 8944 | 2460 488b | 4424 f848 | 8944 24f8 | 8b44 2478 | 8944 2464 | 488b 4424 | f889 4424 
  0x000001a31ceee598: 7866 6690 

  0x000001a31ceee59c: ;   {runtime_call UncommonTrapBlob}
  0x000001a31ceee59c: c5f8 77e8 

  0x000001a31ceee5a0: ; ImmutableOopMap {rbp=NarrowOop [0]=Oop [8]=Oop [16]=Oop [24]=Oop [40]=Oop [48]=NarrowOop [52]=NarrowOop [72]=Oop [88]=Oop [104]=Oop [112]=Oop }
                      ;*ifeq {reexecute=1 rethrow=0 return_oop=0}
                      ; - (reexecute) java.util.HashMap::putVal@206 (line 655)
                      ; - java.util.HashMap::put@9 (line 619)
                      ; - cpw.mods.cl.ModuleClassLoader::lambda$new$6@6 (line 66)
                      ; - cpw.mods.cl.ModuleClassLoader$$Lambda/0x000001a3340c7db8::accept@12
                      ; - java.lang.Iterable::forEach@30 (line 75)
  0x000001a31ceee5a0: bc3c 89ff 

  0x000001a31ceee5a4: ;   {post_call_nop}
  0x000001a31ceee5a4: 0f1f 8400 | 1c13 0018 | bae4 ffff | ff48 ff74 | 2428 488f | 4424 0848 | ff74 2420 | 488f 4424 
  0x000001a31ceee5c4: 1848 8944 | 24f8 8b44 | 2460 8944 | 2434 488b | 4424 f84c | 896c 2438 | 4c89 6c24 | 484c 894c 
  0x000001a31ceee5e4: 2458 4489 | 5424 5490 

  0x000001a31ceee5ec: ;   {runtime_call UncommonTrapBlob}
  0x000001a31ceee5ec: c5f8 77e8 

  0x000001a31ceee5f0: ; ImmutableOopMap {rbp=NarrowOop [0]=Oop [8]=Oop [16]=Oop [24]=Oop [48]=NarrowOop [52]=NarrowOop [56]=Oop [72]=Oop [88]=Oop }
                      ;*baload {reexecute=0 rethrow=0 return_oop=0}
                      ; - jdk.internal.util.ArraysSupport::hashCodeOfUnsigned@38 (line 275)
                      ; - java.lang.StringLatin1::hashCode@5 (line 306)
                      ; - java.lang.String::hashCode@27 (line 2445)
                      ; - java.util.HashMap::hash@9 (line 338)
                      ; - java.util.HashMap::put@2 (line 619)
                      ; - cpw.mods.cl.ModuleClassLoader::lambda$new$6@6 (line 66)
                      ; - cpw.mods.cl.ModuleClassLoader$$Lambda/0x000001a3340c7db8::accept@12
                      ; - java.lang.Iterable::forEach@30 (line 75)
  0x000001a31ceee5f0: 6c3c 89ff 

  0x000001a31ceee5f4: ;   {post_call_nop}
  0x000001a31ceee5f4: 0f1f 8400 | 6c13 0019 | bade ffff | ff48 8b2c | 2448 ff74 | 2428 488f | 0424 48ff | 7424 1048 
  0x000001a31ceee614: 8f44 2408 | 4889 4424 | f88b 4424 | 3089 4424 | 2848 8b44 | 24f8 6690 

  0x000001a31ceee62c: ;   {runtime_call UncommonTrapBlob}
  0x000001a31ceee62c: c5f8 77e8 

  0x000001a31ceee630: ; ImmutableOopMap {rbp=Oop [0]=Oop [8]=Oop [32]=Oop [40]=NarrowOop [96]=NarrowOop }
                      ;*checkcast {reexecute=0 rethrow=0 return_oop=0}
                      ; - cpw.mods.cl.ModuleClassLoader$$Lambda/0x000001a3340c7db8::accept@9
                      ; - java.lang.Iterable::forEach@30 (line 75)
  0x000001a31ceee630: 2c3c 89ff 

  0x000001a31ceee634: ;   {post_call_nop}
  0x000001a31ceee634: 0f1f 8400 | ac13 001a | baf4 ffff | ff48 8b2c | 2448 ff74 | 2428 488f | 0424 48ff | 7424 1048 
  0x000001a31ceee654: 8f44 2408 | 48ff 7424 | 2048 8f44 | 2410 6690 

  0x000001a31ceee664: ;   {runtime_call UncommonTrapBlob}
  0x000001a31ceee664: c5f8 77e8 

  0x000001a31ceee668: ; ImmutableOopMap {rbp=Oop [0]=Oop [8]=Oop [16]=Oop [48]=NarrowOop [96]=NarrowOop }
                      ;*checkcast {reexecute=0 rethrow=0 return_oop=0}
                      ; - cpw.mods.cl.ModuleClassLoader$$Lambda/0x000001a3340c7db8::accept@9
                      ; - java.lang.Iterable::forEach@30 (line 75)
  0x000001a31ceee668: f43b 89ff 

  0x000001a31ceee66c: ;   {post_call_nop}
  0x000001a31ceee66c: 0f1f 8400 | e413 001b | baf6 ffff | ff48 8b2c | 2448 ff74 | 2428 488f | 0424 48ff | 7424 1048 
  0x000001a31ceee68c: 8f44 2408 | 48ff 7424 | 2048 8f44 | 2410 4c89 | 6c24 3090 

  0x000001a31ceee6a0: ;   {runtime_call UncommonTrapBlob}
  0x000001a31ceee6a0: c5f8 77e8 

  0x000001a31ceee6a4: ; ImmutableOopMap {rbp=Oop [0]=Oop [8]=Oop [16]=Oop [48]=Oop [96]=NarrowOop }
                      ;*invokevirtual lambda$new$6 {reexecute=0 rethrow=0 return_oop=0}
                      ; - cpw.mods.cl.ModuleClassLoader$$Lambda/0x000001a3340c7db8::accept@12
                      ; - java.lang.Iterable::forEach@30 (line 75)
  0x000001a31ceee6a4: b83b 89ff 

  0x000001a31ceee6a8: ;   {post_call_nop}
  0x000001a31ceee6a8: 0f1f 8400 | 2014 001c | baf6 ffff | ff48 8b2c | 2448 ff74 | 2428 488f | 0424 48ff | 7424 1048 
  0x000001a31ceee6c8: 8f44 2408 | 48ff 7424 | 2048 8f44 | 2410 4889 | 4424 f88b | 4424 3089 | 4424 2848 | 8b44 24f8 
  0x000001a31ceee6e8: 4889 4424 | f88b 4424 | 6089 4424 | 2c48 8b44 | 24f8 4c89 | 6c24 304c | 896c 2438 

  0x000001a31ceee704: ;   {runtime_call UncommonTrapBlob}
  0x000001a31ceee704: c5f8 77e8 

  0x000001a31ceee708: ; ImmutableOopMap {rbp=Oop [0]=Oop [8]=Oop [16]=Oop [40]=NarrowOop [44]=NarrowOop [48]=Oop [56]=Oop }
                      ;*invokeinterface put {reexecute=0 rethrow=0 return_oop=0}
                      ; - cpw.mods.cl.ModuleClassLoader::lambda$new$6@6 (line 66)
                      ; - cpw.mods.cl.ModuleClassLoader$$Lambda/0x000001a3340c7db8::accept@12
                      ; - java.lang.Iterable::forEach@30 (line 75)
  0x000001a31ceee708: 543b 89ff 

  0x000001a31ceee70c: ;   {post_call_nop}
  0x000001a31ceee70c: 0f1f 8400 | 8414 001d | baf6 ffff | ff48 8b2c | 2448 ff74 | 2408 488f | 0424 4c89 | 4c24 1089 
  0x000001a31ceee72c: 4c24 1890 

  0x000001a31ceee730: ;   {runtime_call UncommonTrapBlob}
  0x000001a31ceee730: c5f8 77e8 

  0x000001a31ceee734: ; ImmutableOopMap {rbp=Oop [0]=Oop [16]=Oop }
                      ;*getfield elements {reexecute=1 rethrow=0 return_oop=0}
                      ; - (reexecute) java.util.ImmutableCollections$SetN$SetNIterator::next@16 (line 973)
                      ; - java.lang.Iterable::forEach@22 (line 74)
  0x000001a31ceee734: 283b 89ff 

  0x000001a31ceee738: ;   {post_call_nop}
  0x000001a31ceee738: 0f1f 8400 | b014 001e | baf6 ffff | ff48 8b2c | 2448 ff74 | 2408 488f | 0424 4c89 | 4c24 1089 
  0x000001a31ceee758: 4c24 1890 

  0x000001a31ceee75c: ;   {runtime_call UncommonTrapBlob}
  0x000001a31ceee75c: c5f8 77e8 

  0x000001a31ceee760: ; ImmutableOopMap {rbp=Oop [0]=Oop [16]=Oop }
                      ;*arraylength {reexecute=0 rethrow=0 return_oop=0}
                      ; - java.util.ImmutableCollections$SetN$SetNIterator::next@19 (line 973)
                      ; - java.lang.Iterable::forEach@22 (line 74)
  0x000001a31ceee760: fc3a 89ff 

  0x000001a31ceee764: ;   {post_call_nop}
  0x000001a31ceee764: 0f1f 8400 | dc14 001f | baf6 ffff | ff48 8b2c | 2448 ff74 | 2428 488f | 0424 48ff | 7424 1048 
  0x000001a31ceee784: 8f44 2408 | 48ff 7424 | 2048 8f44 | 2410 4889 | 4424 f88b | 4424 3089 | 4424 2848 | 8b44 24f8 
  0x000001a31ceee7a4: 4889 4424 | f88b 4424 | 6089 4424 | 2c48 8b44 | 24f8 4c89 | 6c24 304c | 896c 2440 | 4c89 4c24 
  0x000001a31ceee7c4: 5066 6690 

  0x000001a31ceee7c8: ;   {runtime_call UncommonTrapBlob}
  0x000001a31ceee7c8: c5f8 77e8 

  0x000001a31ceee7cc: ; ImmutableOopMap {rbp=Oop [0]=Oop [8]=Oop [16]=Oop [40]=NarrowOop [44]=NarrowOop [48]=Oop [64]=Oop [80]=Oop }
                      ;*arraylength {reexecute=0 rethrow=0 return_oop=0}
                      ; - java.lang.StringLatin1::hashCode@3 (line 306)
                      ; - java.lang.String::hashCode@27 (line 2445)
                      ; - java.util.HashMap::hash@9 (line 338)
                      ; - java.util.HashMap::put@2 (line 619)
                      ; - cpw.mods.cl.ModuleClassLoader::lambda$new$6@6 (line 66)
                      ; - cpw.mods.cl.ModuleClassLoader$$Lambda/0x000001a3340c7db8::accept@12
                      ; - java.lang.Iterable::forEach@30 (line 75)
  0x000001a31ceee7cc: 903a 89ff 

  0x000001a31ceee7d0: ;   {post_call_nop}
  0x000001a31ceee7d0: 0f1f 8400 | 4815 0020 | baf6 ffff | ff48 8b2c | 2466 6690 

  0x000001a31ceee7e4: ;   {runtime_call UncommonTrapBlob}
  0x000001a31ceee7e4: c5f8 77e8 

  0x000001a31ceee7e8: ; ImmutableOopMap {rbp=Oop [8]=Oop }
                      ;*invokeinterface hasNext {reexecute=0 rethrow=0 return_oop=0}
                      ; - java.lang.Iterable::forEach@13 (line 74)
  0x000001a31ceee7e8: 743a 89ff 

  0x000001a31ceee7ec: ;   {post_call_nop}
  0x000001a31ceee7ec: 0f1f 8400 | 6415 0021 | ba4d ffff | ff48 8b2c | 2466 6690 

  0x000001a31ceee800: ;   {runtime_call UncommonTrapBlob}
  0x000001a31ceee800: c5f8 77e8 

  0x000001a31ceee804: ; ImmutableOopMap {rbp=Oop [8]=Oop }
                      ;*ifnonnull {reexecute=1 rethrow=0 return_oop=0}
                      ; - (reexecute) java.util.Objects::requireNonNull@1 (line 219)
                      ; - java.lang.Iterable::forEach@1 (line 73)
  0x000001a31ceee804: 583a 89ff 

  0x000001a31ceee808: ;   {post_call_nop}
  0x000001a31ceee808: 0f1f 8400 | 8015 0022 | baf6 ffff | ff48 8b2c | 244c 8b54 | 2428 4c89 | 1424 4c8b | 5424 104c 
  0x000001a31ceee828: 8954 2408 | 4c8b 5424 | 204c 8954 | 2410 4c8b | 5424 384c | 8954 2420 | 4889 4424 | f88b 4424 
  0x000001a31ceee848: 3089 4424 | 2848 8b44 | 24f8 4889 | 4424 f88b | 4424 6089 | 4424 2c48 | 8b44 24f8 

  0x000001a31ceee864: ;   {runtime_call UncommonTrapBlob}
  0x000001a31ceee864: c5f8 77e8 

  0x000001a31ceee868: ; ImmutableOopMap {rbp=Oop [0]=Oop [8]=Oop [16]=Oop [32]=Oop [40]=NarrowOop [44]=NarrowOop [64]=Oop }
                      ;*arraylength {reexecute=0 rethrow=0 return_oop=0}
                      ; - java.util.HashMap::putVal@26 (line 636)
                      ; - java.util.HashMap::put@9 (line 619)
                      ; - cpw.mods.cl.ModuleClassLoader::lambda$new$6@6 (line 66)
                      ; - cpw.mods.cl.ModuleClassLoader$$Lambda/0x000001a3340c7db8::accept@12
                      ; - java.lang.Iterable::forEach@30 (line 75)
  0x000001a31ceee868: f439 89ff 

  0x000001a31ceee86c: ;   {post_call_nop}
  0x000001a31ceee86c: 0f1f 8400 | e415 0023 | e936 0000 | 00e9 3100 | 0000 6690 | e92a 0000 | 00e9 2500 | 0000 488b 
  0x000001a31ceee88c: d0e9 2000 | 0000 488b | d0e9 1800 | 0000 eb13 | eb11 488b | d0eb 0f48 | 8bd0 eb0a | 488b d0eb 
  0x000001a31ceee8ac: 05eb 0048 | 8bd0 c5f8 | 7748 81c4 | e000 0000 

  0x000001a31ceee8bc: ;   {runtime_call C2 Runtime rethrow}
  0x000001a31ceee8bc: 5de9 9ee4 | 89ff 458b | 0349 c1e0 | 0349 83f8 | 000f 8464 | edff ff4d | 8b57 384d | 85d2 0f84 
  0x000001a31ceee8dc: 1400 0000 | 4983 ea08 | 4d89 5738 | 4d03 5740 | 4d89 02e9 | 43ed ffff | 4883 ec30 | 4c89 5c24 
  0x000001a31ceee8fc: 2848 894c | 2420 498b | c849 8bd7 

  0x000001a31ceee908: ;   {runtime_call}
  0x000001a31ceee908: 48b8 a070 | 49ac fc7f | 0000 ffd0 | 488b 4c24 | 204c 8b5c | 2428 c5f8 | 7748 83c4 | 30e9 0ded 
  0x000001a31ceee928: ffff f083 | 4424 c000 | 4180 3a00 | 0f84 3fed | ffff 41c6 | 0200 4d8b | 4750 4d85 | c00f 8414 
  0x000001a31ceee948: 0000 0049 | 83e8 084d | 8947 504d | 0347 584d | 8910 e91a | edff ff48 | 83ec 2049 | 8bca 498b 
  0x000001a31ceee968: ;   {runtime_call}
  0x000001a31ceee968: d748 b880 | 7049 acfc | 7f00 00ff | d0c5 f877 | 4883 c420 | e9f8 ecff | ff41 8b12 | 48c1 e203 
  0x000001a31ceee988: 4883 fa00 | 0f84 faed | ffff 4d8b | 5f38 4d85 | db0f 8414 | 0000 0049 | 83eb 084d | 895f 384d 
  0x000001a31ceee9a8: 035f 4049 | 8913 e9d9 | edff ff48 | 83ec 504c | 8954 2448 | 4c89 4424 | 404c 894c | 2438 4889 
  0x000001a31ceee9c8: 4c24 3048 | 897c 2428 | 4889 7424 | 2048 8bca 

  0x000001a31ceee9d8: ;   {runtime_call}
  0x000001a31ceee9d8: 498b d748 | b8a0 7049 | acfc 7f00 | 00ff d048 | 8b74 2420 | 488b 7c24 | 2848 8b4c | 2430 4c8b 
  0x000001a31ceee9f8: 4c24 384c | 8b44 2440 | 4c8b 5424 | 48c5 f877 | 4883 c450 | e97b edff | fff0 8344 | 24c0 0041 
  0x000001a31ceeea18: 803b 000f | 84a3 edff | ff41 c603 | 0049 8b57 | 5048 85d2 | 0f84 1400 | 0000 4883 | ea08 4989 
  0x000001a31ceeea38: 5750 4903 | 5758 4c89 | 1ae9 7eed | ffff 4883 | ec40 4c89 | 4c24 3848 | 894c 2430 | 4889 7c24 
  0x000001a31ceeea58: 2848 8974 | 2420 498b | cb49 8bd7 

  0x000001a31ceeea64: ;   {runtime_call}
  0x000001a31ceeea64: 48b8 8070 | 49ac fc7f | 0000 ffd0 | 488b 7424 | 2048 8b7c | 2428 488b | 4c24 304c | 8b4c 2438 
  0x000001a31ceeea84: c5f8 7748 | 83c4 40e9 | 34ed ffff | 418b 2b48 | c1e5 0348 | 83fd 000f | 841d f3ff | ff4d 8b47 
  0x000001a31ceeeaa4: 384d 85c0 | 0f84 1400 | 0000 4983 | e808 4d89 | 4738 4d03 | 4740 4989 | 28e9 fcf2 | ffff 4883 
  0x000001a31ceeeac4: ec60 4c89 | 5424 584c | 895c 2450 | 4c89 4c24 | 4848 894c | 2440 4889 | 7c24 3848 | 8954 2430 
  0x000001a31ceeeae4: 4889 7424 | 2848 8944 | 2420 488b | cd49 8bd7 

  0x000001a31ceeeaf4: ;   {runtime_call}
  0x000001a31ceeeaf4: 48b8 a070 | 49ac fc7f | 0000 ffd0 | 488b 4424 | 2048 8b74 | 2428 488b | 5424 3048 | 8b7c 2438 
  0x000001a31ceeeb14: 488b 4c24 | 404c 8b4c | 2448 4c8b | 5c24 504c | 8b54 2458 | c5f8 7748 | 83c4 60e9 | 8af2 ffff 
  0x000001a31ceeeb34: f083 4424 | c000 4180 | 3800 0f84 | b2f2 ffff | 41c6 0000 | 498b 6f50 | 4885 ed0f | 8415 0000 
  0x000001a31ceeeb54: 0048 83ed | 0849 896f | 5049 036f | 584c 8945 | 00e9 8cf2 | ffff 4883 | ec50 4c89 | 5424 484c 
  0x000001a31ceeeb74: 894c 2440 | 4889 4c24 | 3848 897c | 2430 4889 | 5424 2848 | 8974 2420 | 498b c849 

  0x000001a31ceeeb90: ;   {runtime_call}
  0x000001a31ceeeb90: 8bd7 48b8 | 8070 49ac | fc7f 0000 | ffd0 488b | 7424 2048 | 8b54 2428 | 488b 7c24 | 3048 8b4c 
  0x000001a31ceeebb0: 2438 4c8b | 4c24 404c | 8b54 2448 | c5f8 7748 | 83c4 50e9 | 2ef2 ffff 

  0x000001a31ceeebc8: ;   {internal_word}
  0x000001a31ceeebc8: 49ba 52db | ee1c a301 | 0000 4d89 | 9760 0400 

  0x000001a31ceeebd8: ;   {runtime_call SafepointBlob}
  0x000001a31ceeebd8: 00e9 0271 

  0x000001a31ceeebdc: ;   {runtime_call StubRoutines (final stubs)}
  0x000001a31ceeebdc: 73ff e81d | 6d71 ffe9 | e6e8 ffff 
[Stub Code]
  0x000001a31ceeebe8: ;   {no_reloc}
  0x000001a31ceeebe8: 48bb 0000 | 0000 0000 

  0x000001a31ceeebf0: ;   {runtime_call nmethod}
  0x000001a31ceeebf0: 0000 e9fb 

  0x000001a31ceeebf4: ;   {static_stub}
  0x000001a31ceeebf4: ffff ff48 | bb00 0000 | 0000 0000 

  0x000001a31ceeec00: ;   {runtime_call nmethod}
  0x000001a31ceeec00: 00e9 fbff 

  0x000001a31ceeec04: ;   {static_stub}
  0x000001a31ceeec04: ffff 48bb | 0000 0000 | 0000 0000 

  0x000001a31ceeec10: ;   {runtime_call nmethod}
  0x000001a31ceeec10: e9fb ffff 

  0x000001a31ceeec14: ;   {static_stub}
  0x000001a31ceeec14: ff48 bb00 | 0000 0000 

  0x000001a31ceeec1c: ;   {runtime_call nmethod}
  0x000001a31ceeec1c: 0000 00e9 | fbff ffff 
[Exception Handler]
  0x000001a31ceeec24: ;   {runtime_call ExceptionBlob}
  0x000001a31ceeec24: e937 3989 | ffe8 0000 | 0000 4883 

  0x000001a31ceeec30: ;   {runtime_call DeoptimizationBlob}
  0x000001a31ceeec30: 2c24 05e9 | 4866 73ff 
[/MachCode]


---------------  P R O C E S S  ---------------

Threads class SMR info:
_java_thread_list=0x000001a37cd72540, length=23, elements={
0x000001a30c6af170, 0x000001a32efc5950, 0x000001a32efc8300, 0x000001a32efca240,
0x000001a32efcb6d0, 0x000001a32efcc400, 0x000001a32efcf070, 0x000001a32efd85c0,
0x000001a32efe3620, 0x000001a33210a420, 0x000001a3321f1180, 0x000001a3323295b0,
0x000001a33234a510, 0x000001a33240c150, 0x000001a332a1b220, 0x000001a332ad0560,
0x000001a332ad0cb0, 0x000001a33246f770, 0x000001a332932600, 0x000001a332c0d4d0,
0x000001a378785850, 0x000001a378785fe0, 0x000001a37885da50
}

Java Threads: ( => current thread )
=>0x000001a30c6af170 JavaThread "main"                              [_thread_in_native, id=19204, stack(0x000000011ff00000,0x0000000120000000) (1024K)]
  0x000001a32efc5950 JavaThread "Reference Handler"          daemon [_thread_blocked, id=26936, stack(0x0000000120700000,0x0000000120800000) (1024K)]
  0x000001a32efc8300 JavaThread "Finalizer"                  daemon [_thread_blocked, id=32476, stack(0x0000000120800000,0x0000000120900000) (1024K)]
  0x000001a32efca240 JavaThread "Signal Dispatcher"          daemon [_thread_blocked, id=32512, stack(0x0000000120900000,0x0000000120a00000) (1024K)]
  0x000001a32efcb6d0 JavaThread "Attach Listener"            daemon [_thread_blocked, id=31060, stack(0x0000000120a00000,0x0000000120b00000) (1024K)]
  0x000001a32efcc400 JavaThread "Service Thread"             daemon [_thread_blocked, id=20424, stack(0x0000000120b00000,0x0000000120c00000) (1024K)]
  0x000001a32efcf070 JavaThread "Monitor Deflation Thread"   daemon [_thread_blocked, id=32064, stack(0x0000000120c00000,0x0000000120d00000) (1024K)]
  0x000001a32efd85c0 JavaThread "C2 CompilerThread0"         daemon [_thread_blocked, id=15768, stack(0x0000000120d00000,0x0000000120e00000) (1024K)]
  0x000001a32efe3620 JavaThread "C1 CompilerThread0"         daemon [_thread_blocked, id=14524, stack(0x0000000120e00000,0x0000000120f00000) (1024K)]
  0x000001a33210a420 JavaThread "C1 CompilerThread1"         daemon [_thread_blocked, id=10792, stack(0x0000000120f00000,0x0000000121000000) (1024K)]
  0x000001a3321f1180 JavaThread "Common-Cleaner"             daemon [_thread_blocked, id=26824, stack(0x0000000121000000,0x0000000121100000) (1024K)]
  0x000001a3323295b0 JavaThread "C1 CompilerThread2"         daemon [_thread_blocked, id=11092, stack(0x0000000121100000,0x0000000121200000) (1024K)]
  0x000001a33234a510 JavaThread "C1 CompilerThread3"         daemon [_thread_blocked, id=14992, stack(0x0000000121200000,0x0000000121300000) (1024K)]
  0x000001a33240c150 JavaThread "C2 CompilerThread1"         daemon [_thread_blocked, id=1612, stack(0x0000000121300000,0x0000000121400000) (1024K)]
  0x000001a332a1b220 JavaThread "JDWP Transport Listener: dt_socket" daemon [_thread_blocked, id=9408, stack(0x0000000121400000,0x0000000121500000) (1024K)]
  0x000001a332ad0560 JavaThread "JDWP Event Helper Thread"   daemon [_thread_blocked, id=30816, stack(0x0000000121500000,0x0000000121600000) (1024K)]
  0x000001a332ad0cb0 JavaThread "JDWP Command Reader"        daemon [_thread_in_native, id=29364, stack(0x0000000121600000,0x0000000121700000) (1024K)]
  0x000001a33246f770 JavaThread "IntelliJ Suspend Helper"    daemon [_thread_blocked, id=25612, stack(0x0000000121700000,0x0000000121800000) (1024K)]
  0x000001a332932600 JavaThread "Notification Thread"        daemon [_thread_blocked, id=27752, stack(0x0000000121800000,0x0000000121900000) (1024K)]
  0x000001a332c0d4d0 JavaThread "C2 CompilerThread2"         daemon [_thread_blocked, id=14296, stack(0x0000000121900000,0x0000000121a00000) (1024K)]
  0x000001a378785850 JavaThread "C2 CompilerThread3"         daemon [_thread_blocked, id=32620, stack(0x0000000121a00000,0x0000000121b00000) (1024K)]
  0x000001a378785fe0 JavaThread "C2 CompilerThread4"         daemon [_thread_blocked, id=20684, stack(0x0000000121b00000,0x0000000121c00000) (1024K)]
  0x000001a37885da50 JavaThread "C2 CompilerThread5"         daemon [_thread_blocked, id=25660, stack(0x0000000121c00000,0x0000000121d00000) (1024K)]
Total: 23

Other Threads:
  0x000001a32efbaa80 VMThread "VM Thread"                           [id=4492, stack(0x0000000120600000,0x0000000120700000) (1024K)]
  0x000001a32ef0a1e0 WatcherThread "VM Periodic Task Thread"        [id=32320, stack(0x0000000120500000,0x0000000120600000) (1024K)]
  0x000001a32ee2fd90 WorkerThread "GC Thread#0"                     [id=10192, stack(0x0000000120000000,0x0000000120100000) (1024K)]
  0x000001a379744bc0 WorkerThread "GC Thread#1"                     [id=7088, stack(0x0000000121f00000,0x0000000122000000) (1024K)]
  0x000001a378b7ded0 WorkerThread "GC Thread#2"                     [id=31472, stack(0x0000000122000000,0x0000000122100000) (1024K)]
  0x000001a37958e520 WorkerThread "GC Thread#3"                     [id=32068, stack(0x0000000122100000,0x0000000122200000) (1024K)]
  0x000001a37a3d99e0 WorkerThread "GC Thread#4"                     [id=28516, stack(0x0000000122200000,0x0000000122300000) (1024K)]
  0x000001a37964d580 WorkerThread "GC Thread#5"                     [id=11516, stack(0x0000000122300000,0x0000000122400000) (1024K)]
  0x000001a3795834d0 WorkerThread "GC Thread#6"                     [id=17712, stack(0x0000000122400000,0x0000000122500000) (1024K)]
  0x000001a379582d70 WorkerThread "GC Thread#7"                     [id=12104, stack(0x0000000122500000,0x0000000122600000) (1024K)]
  0x000001a379581eb0 WorkerThread "GC Thread#8"                     [id=32120, stack(0x0000000122600000,0x0000000122700000) (1024K)]
  0x000001a379581b00 WorkerThread "GC Thread#9"                     [id=13352, stack(0x0000000122700000,0x0000000122800000) (1024K)]
  0x000001a379583120 WorkerThread "GC Thread#10"                    [id=6896, stack(0x0000000122800000,0x0000000122900000) (1024K)]
  0x000001a379582260 WorkerThread "GC Thread#11"                    [id=25116, stack(0x0000000122900000,0x0000000122a00000) (1024K)]
  0x000001a37bfe2560 WorkerThread "GC Thread#12"                    [id=13520, stack(0x0000000121d00000,0x0000000121e00000) (1024K)]
  0x000001a37bfe4a40 WorkerThread "GC Thread#13"                    [id=11724, stack(0x0000000121e00000,0x0000000121f00000) (1024K)]
  0x000001a37bfe1e00 WorkerThread "GC Thread#14"                    [id=32096, stack(0x0000000122a00000,0x0000000122b00000) (1024K)]
  0x000001a30c72fab0 ConcurrentGCThread "G1 Main Marker"            [id=1752, stack(0x0000000120100000,0x0000000120200000) (1024K)]
  0x000001a30c730a10 WorkerThread "G1 Conc#0"                       [id=24804, stack(0x0000000120200000,0x0000000120300000) (1024K)]
  0x000001a37bfe4df0 WorkerThread "G1 Conc#1"                       [id=4020, stack(0x0000000122b00000,0x0000000122c00000) (1024K)]
  0x000001a37bfe21b0 WorkerThread "G1 Conc#2"                       [id=24396, stack(0x0000000122c00000,0x0000000122d00000) (1024K)]
  0x000001a37bfe3070 WorkerThread "G1 Conc#3"                       [id=32444, stack(0x0000000122d00000,0x0000000122e00000) (1024K)]
  0x000001a32eefcd10 ConcurrentGCThread "G1 Refine#0"               [id=15264, stack(0x0000000120300000,0x0000000120400000) (1024K)]
  0x000001a32eefd6a0 ConcurrentGCThread "G1 Service"                [id=20076, stack(0x0000000120400000,0x0000000120500000) (1024K)]
Total: 24

Threads with active compile tasks:
Total: 0

VM state: not at safepoint (normal execution)

VM Mutex/Monitor currently owned by a thread: None

Heap address: 0x0000000601800000, size: 8168 MB, Compressed Oops mode: Zero based, Oop shift amount: 3

CDS archive(s) mapped at: [0x000001a333000000-0x000001a333d40000-0x000001a333d40000), size 13893632, SharedBaseAddress: 0x000001a333000000, ArchiveRelocationMode: 1.
Compressed class space mapped at: 0x000001a334000000-0x000001a374000000, reserved size: 1073741824
UseCompressedClassPointers 1, UseCompactObjectHeaders 0
Narrow klass pointer bits 32, Max shift 3
Narrow klass base: 0x000001a333000000, Narrow klass shift: 0
Encoding Range: [0x000001a333000000 - 0x000001a433000000), (4294967296 bytes)
Klass Range:    [0x000001a333000000 - 0x000001a374000000), (1090519040 bytes)
Klass ID Range:  [8 - 1090519033) (1090519025)

GC Precious Log:
 CardTable entry size: 512
 Card Set container configuration: InlinePtr #cards 4 size 8 Array Of Cards #cards 32 size 80 Howl #buckets 8 coarsen threshold 7372 Howl Bitmap #cards 1024 size 144 coarsen threshold 921 Card regions per heap region 1 cards per card region 8192
 CPUs: 20 total, 20 available
 Memory: 32664M
 Large Page Support: Disabled
 NUMA Support: Disabled
 Compressed Oops: Enabled (Zero based)
 Heap Region Size: 4M
 Heap Min Capacity: 8M
 Heap Initial Capacity: 512M
 Heap Max Capacity: 8168M
 Pre-touch: Disabled
 Parallel Workers: 15
 Concurrent Workers: 4
 Concurrent Refinement Workers: 15
 Periodic GC: Disabled

Heap:
 garbage-first heap   total reserved 8364032K, committed 151552K, used 42669K [0x0000000601800000, 0x0000000800000000)
  region size 4096K, 5 young (20480K), 3 survivors (12288K)
 Metaspace       used 21448K, committed 21824K, reserved 1114112K
  class space    used 1982K, committed 2176K, reserved 1048576K

Heap Regions: E=young(eden), S=young(survivor), O=old, HS=humongous(starts), HC=humongous(continues), CS=collection set, F=free, TAMS=top-at-mark-start, PB=parsable bottom
|   0|0x0000000601800000, 0x0000000601c00000, 0x0000000601c00000|100%| O|  |TAMS 0x0000000601800000| PB 0x0000000601800000| Untracked |  0
|   1|0x0000000601c00000, 0x0000000602000000, 0x0000000602000000|100%| O|  |TAMS 0x0000000601c00000| PB 0x0000000601c00000| Untracked |  0
|   2|0x0000000602000000, 0x0000000602400000, 0x0000000602400000|100%| O|  |TAMS 0x0000000602000000| PB 0x0000000602000000| Untracked |  0
|   3|0x0000000602400000, 0x0000000602800000, 0x0000000602800000|100%| O|  |TAMS 0x0000000602400000| PB 0x0000000602400000| Untracked |  0
|   4|0x0000000602800000, 0x0000000602c00000, 0x0000000602c00000|100%| O|  |TAMS 0x0000000602800000| PB 0x0000000602800000| Untracked |  0
|   5|0x0000000602c00000, 0x0000000603000000, 0x0000000603000000|100%| O|  |TAMS 0x0000000602c00000| PB 0x0000000602c00000| Untracked |  0
|   6|0x0000000603000000, 0x00000006033f7e00, 0x0000000603400000| 99%| O|  |TAMS 0x0000000603000000| PB 0x0000000603000000| Untracked |  0
|   7|0x0000000603400000, 0x0000000603400000, 0x0000000603800000|  0%| F|  |TAMS 0x0000000603400000| PB 0x0000000603400000| Untracked |  0
|   8|0x0000000603800000, 0x0000000603800000, 0x0000000603c00000|  0%| F|  |TAMS 0x0000000603800000| PB 0x0000000603800000| Untracked |  0
|   9|0x0000000603c00000, 0x0000000603c00000, 0x0000000604000000|  0%| F|  |TAMS 0x0000000603c00000| PB 0x0000000603c00000| Untracked |  0
|  10|0x0000000604000000, 0x0000000604000000, 0x0000000604400000|  0%| F|  |TAMS 0x0000000604000000| PB 0x0000000604000000| Untracked |  0
|  11|0x0000000604400000, 0x0000000604400000, 0x0000000604800000|  0%| F|  |TAMS 0x0000000604400000| PB 0x0000000604400000| Untracked |  0
|  12|0x0000000604800000, 0x0000000604800000, 0x0000000604c00000|  0%| F|  |TAMS 0x0000000604800000| PB 0x0000000604800000| Untracked |  0
|  13|0x0000000604c00000, 0x0000000604c00000, 0x0000000605000000|  0%| F|  |TAMS 0x0000000604c00000| PB 0x0000000604c00000| Untracked |  0
|  14|0x0000000605000000, 0x0000000605000000, 0x0000000605400000|  0%| F|  |TAMS 0x0000000605000000| PB 0x0000000605000000| Untracked |  0
|  15|0x0000000605400000, 0x0000000605400000, 0x0000000605800000|  0%| F|  |TAMS 0x0000000605400000| PB 0x0000000605400000| Untracked |  0
|  16|0x0000000605800000, 0x0000000605800000, 0x0000000605c00000|  0%| F|  |TAMS 0x0000000605800000| PB 0x0000000605800000| Untracked |  0
|  17|0x0000000605c00000, 0x0000000605c00000, 0x0000000606000000|  0%| F|  |TAMS 0x0000000605c00000| PB 0x0000000605c00000| Untracked |  0
|  18|0x0000000606000000, 0x0000000606000000, 0x0000000606400000|  0%| F|  |TAMS 0x0000000606000000| PB 0x0000000606000000| Untracked |  0
|  19|0x0000000606400000, 0x0000000606400000, 0x0000000606800000|  0%| F|  |TAMS 0x0000000606400000| PB 0x0000000606400000| Untracked |  0
|  20|0x0000000606800000, 0x0000000606800000, 0x0000000606c00000|  0%| F|  |TAMS 0x0000000606800000| PB 0x0000000606800000| Untracked |  0
|  21|0x0000000606c00000, 0x0000000606c00000, 0x0000000607000000|  0%| F|  |TAMS 0x0000000606c00000| PB 0x0000000606c00000| Untracked |  0
|  22|0x0000000607000000, 0x0000000607000000, 0x0000000607400000|  0%| F|  |TAMS 0x0000000607000000| PB 0x0000000607000000| Untracked |  0
|  23|0x0000000607400000, 0x0000000607400000, 0x0000000607800000|  0%| F|  |TAMS 0x0000000607400000| PB 0x0000000607400000| Untracked |  0
|  24|0x0000000607800000, 0x0000000607800000, 0x0000000607c00000|  0%| F|  |TAMS 0x0000000607800000| PB 0x0000000607800000| Untracked |  0
|  25|0x0000000607c00000, 0x0000000607c00000, 0x0000000608000000|  0%| F|  |TAMS 0x0000000607c00000| PB 0x0000000607c00000| Untracked |  0
|  26|0x0000000608000000, 0x0000000608000000, 0x0000000608400000|  0%| F|  |TAMS 0x0000000608000000| PB 0x0000000608000000| Untracked |  0
|  27|0x0000000608400000, 0x0000000608400000, 0x0000000608800000|  0%| F|  |TAMS 0x0000000608400000| PB 0x0000000608400000| Untracked |  0
|  28|0x0000000608800000, 0x0000000608800000, 0x0000000608c00000|  0%| F|  |TAMS 0x0000000608800000| PB 0x0000000608800000| Untracked |  0
|  29|0x0000000608c00000, 0x0000000608c00000, 0x0000000609000000|  0%| F|  |TAMS 0x0000000608c00000| PB 0x0000000608c00000| Untracked |  0
|  30|0x0000000609000000, 0x0000000609000000, 0x0000000609400000|  0%| F|  |TAMS 0x0000000609000000| PB 0x0000000609000000| Untracked |  0
|  31|0x0000000609400000, 0x0000000609600000, 0x0000000609800000| 50%| E|  |TAMS 0x0000000609400000| PB 0x0000000609400000| Complete |  0
|  61|0x0000000610c00000, 0x0000000610c972f0, 0x0000000611000000| 14%| S|CS|TAMS 0x0000000610c00000| PB 0x0000000610c00000| Complete |  0
|  62|0x0000000611000000, 0x0000000611400000, 0x0000000611400000|100%| S|CS|TAMS 0x0000000611000000| PB 0x0000000611000000| Complete |  0
|  70|0x0000000613000000, 0x0000000613400000, 0x0000000613400000|100%| S|CS|TAMS 0x0000000613000000| PB 0x0000000613000000| Complete |  0
| 127|0x0000000621400000, 0x0000000621800000, 0x0000000621800000|100%| E|CS|TAMS 0x0000000621400000| PB 0x0000000621400000| Complete |  0
|2041|0x00000007ffc00000, 0x00000007ffd1c320, 0x0000000800000000| 27%| O|Cm|TAMS 0x00000007ffc00000| PB 0x00000007ffc00000| Complete |  0

Card table byte_map: [0x000001a325d40000,0x000001a326d40000] _byte_map_base: 0x000001a322d34000

Marking Bits: (CMBitMap*) 0x000001a32ee303b0
 Bits: [0x000001a326d40000, 0x000001a32ece0000)

Polling page: 0x000001a30be40000

Metaspace:

Usage:
  Non-class:     19.01 MB used.
      Class:      1.94 MB used.
       Both:     20.95 MB used.

Virtual space:
  Non-class space:       64.00 MB reserved,      19.19 MB ( 30%) committed,  1 nodes.
      Class space:        1.00 GB reserved,       2.12 MB ( <1%) committed,  1 nodes.
             Both:        1.06 GB reserved,      21.31 MB (  2%) committed. 

Chunk freelists:
   Non-Class:  12.59 MB
       Class:  13.91 MB
        Both:  26.51 MB

MaxMetaspaceSize: unlimited
CompressedClassSpaceSize: 1.00 GB
Initial GC threshold: 21.00 MB
Current GC threshold: 35.12 MB
CDS: on
 - commit_granule_bytes: 65536.
 - commit_granule_words: 8192.
 - virtual_space_node_default_size: 8388608.
 - enlarge_chunks_in_place: 1.
UseCompressedClassPointers 1, UseCompactObjectHeaders 0
Narrow klass pointer bits 32, Max shift 3
Narrow klass base: 0x000001a333000000, Narrow klass shift: 0
Encoding Range: [0x000001a333000000 - 0x000001a433000000), (4294967296 bytes)
Klass Range:    [0x000001a333000000 - 0x000001a374000000), (1090519040 bytes)
Klass ID Range:  [8 - 1090519033) (1090519025)


Internal statistics:

num_allocs_failed_limit: 3.
num_arena_births: 348.
num_arena_deaths: 0.
num_vsnodes_births: 2.
num_vsnodes_deaths: 0.
num_space_committed: 341.
num_space_uncommitted: 0.
num_chunks_returned_to_freelist: 3.
num_chunks_taken_from_freelist: 768.
num_chunk_merges: 0.
num_chunk_splits: 466.
num_chunks_enlarged: 302.
num_inconsistent_stats: 0.

CodeHeap 'non-profiled nmethods': size=119232Kb used=2917Kb max_used=2917Kb free=116314Kb
 bounds [0x000001a31cd10000, 0x000001a31cff0000, 0x000001a324180000]
CodeHeap 'profiled nmethods': size=119104Kb used=7596Kb max_used=7596Kb free=111507Kb
 bounds [0x000001a315180000, 0x000001a3158f0000, 0x000001a31c5d0000]
CodeHeap 'non-nmethods': size=7424Kb used=3192Kb max_used=3259Kb free=4231Kb
 bounds [0x000001a31c5d0000, 0x000001a31c920000, 0x000001a31cd10000]
CodeCache: size=245760Kb, used=13705Kb, max_used=13772Kb, free=232052Kb
 total_blobs=5173, nmethods=4567, adapters=508, full_count=0
Compilation: enabled, stopped_count=0, restarted_count=0

Compilation events (20 events):
Event: 2.614 Thread 0x000001a33210a420 nmethod 4558 0x000001a3158e7188 code [0x000001a3158e72c0, 0x000001a3158e76a0]
Event: 2.614 Thread 0x000001a33234a510 nmethod 4557 0x000001a3158e7708 code [0x000001a3158e7860, 0x000001a3158e7d20]
Event: 2.615 Thread 0x000001a37885da50 nmethod 4553 0x000001a31cfd0888 code [0x000001a31cfd09c0, 0x000001a31cfd0eb0]
Event: 2.615 Thread 0x000001a32efd85c0 nmethod 4554 0x000001a31cfd1208 code [0x000001a31cfd1360, 0x000001a31cfd1858]
Event: 2.616 Thread 0x000001a33234a510 4563       3       java.lang.invoke.LambdaForm::create (95 bytes)
Event: 2.616 Thread 0x000001a33210a420 4564       3       java.lang.invoke.LambdaForm::fixResult (31 bytes)
Event: 2.616 Thread 0x000001a3323295b0 4565       3       java.lang.invoke.LambdaForm::<init> (53 bytes)
Event: 2.616 Thread 0x000001a32efe3620 4566       3       java.lang.invoke.InvokerBytecodeGenerator::generateCustomizedCode (34 bytes)
Event: 2.616 Thread 0x000001a33210a420 nmethod 4564 0x000001a3158e7d88 code [0x000001a3158e7ea0, 0x000001a3158e8068]
Event: 2.616 Thread 0x000001a3323295b0 nmethod 4565 0x000001a3158e8088 code [0x000001a3158e81a0, 0x000001a3158e8488]
Event: 2.616 Thread 0x000001a33210a420 4567       3       java.lang.invoke.InvokerBytecodeGenerator::lookupPregenerated (294 bytes)
Event: 2.616 Thread 0x000001a32efe3620 nmethod 4566 0x000001a3158e8508 code [0x000001a3158e8660, 0x000001a3158e8928]
Event: 2.616 Thread 0x000001a33234a510 nmethod 4563 0x000001a3158e8988 code [0x000001a3158e8b00, 0x000001a3158e90b0]
Event: 2.616 Thread 0x000001a32efd85c0 4569       4       jdk.internal.classfile.impl.StackMapGenerator$Frame::checkLocal (97 bytes)
Event: 2.616 Thread 0x000001a33210a420 nmethod 4567 0x000001a3158e9108 code [0x000001a3158e9400, 0x000001a3158eaf88]
Event: 2.618 Thread 0x000001a32efd85c0 nmethod 4569 0x000001a31cfd2208 code [0x000001a31cfd2340, 0x000001a31cfd2830]
Event: 2.621 Thread 0x000001a37885da50 4570       4       java.lang.Integer::toUnsignedLong (7 bytes)
Event: 2.621 Thread 0x000001a33210a420 4571       3       jdk.internal.loader.NativeLibraries$NativeLibraryImpl::find (9 bytes)
Event: 2.621 Thread 0x000001a37885da50 nmethod 4570 0x000001a31cfd2888 code [0x000001a31cfd2980, 0x000001a31cfd29e8]
Event: 2.621 Thread 0x000001a33210a420 nmethod 4571 0x000001a3158eb008 code [0x000001a3158eb120, 0x000001a3158eb268]

GC Heap History (6 events):
Event: 0.547 GC heap before
{Heap before GC invocations=0 (full 0):
 garbage-first heap   total reserved 8364032K, committed 528384K, used 50288K [0x0000000601800000, 0x0000000800000000)
  region size 4096K, 12 young (49152K), 0 survivors (0K)
 Metaspace       used 5187K, committed 5312K, reserved 1114112K
  class space    used 401K, committed 448K, reserved 1048576K
}
Event: 0.550 GC heap after
{Heap after GC invocations=1 (full 0):
 garbage-first heap   total reserved 8364032K, committed 528384K, used 11173K [0x0000000601800000, 0x0000000800000000)
  region size 4096K, 2 young (8192K), 2 survivors (8192K)
 Metaspace       used 5187K, committed 5312K, reserved 1114112K
  class space    used 401K, committed 448K, reserved 1048576K
}
Event: 1.349 GC heap before
{Heap before GC invocations=1 (full 0):
 garbage-first heap   total reserved 8364032K, committed 528384K, used 236453K [0x0000000601800000, 0x0000000800000000)
  region size 4096K, 58 young (237568K), 2 survivors (8192K)
 Metaspace       used 7712K, committed 7936K, reserved 1114112K
  class space    used 605K, committed 704K, reserved 1048576K
}
Event: 1.356 GC heap after
{Heap after GC invocations=2 (full 0):
 garbage-first heap   total reserved 8364032K, committed 528384K, used 30969K [0x0000000601800000, 0x0000000800000000)
  region size 4096K, 7 young (28672K), 7 survivors (28672K)
 Metaspace       used 7712K, committed 7936K, reserved 1114112K
  class space    used 605K, committed 704K, reserved 1048576K
}
Event: 2.584 GC heap before
{Heap before GC invocations=2 (full 0):
 garbage-first heap   total reserved 8364032K, committed 528384K, used 260345K [0x0000000601800000, 0x0000000800000000)
  region size 4096K, 64 young (262144K), 7 survivors (28672K)
 Metaspace       used 21184K, committed 21504K, reserved 1114112K
  class space    used 1957K, committed 2112K, reserved 1048576K
}
Event: 2.593 GC heap after
{Heap after GC invocations=3 (full 0):
 garbage-first heap   total reserved 8364032K, committed 528384K, used 38573K [0x0000000601800000, 0x0000000800000000)
  region size 4096K, 3 young (12288K), 3 survivors (12288K)
 Metaspace       used 21184K, committed 21504K, reserved 1114112K
  class space    used 1957K, committed 2112K, reserved 1048576K
}

Dll operation events (12 events):
Event: 0.008 Loaded shared library C:\Program Files\Eclipse Adoptium\jdk-24.0.2.12-hotspot\bin\java.dll
Event: 0.009 Loaded shared library C:\Program Files\Eclipse Adoptium\jdk-24.0.2.12-hotspot\bin\zip.dll
Event: 0.027 Loaded shared library C:\Program Files\Eclipse Adoptium\jdk-24.0.2.12-hotspot\bin\jsvml.dll
Event: 0.111 Loaded shared library C:\Program Files\Eclipse Adoptium\jdk-24.0.2.12-hotspot\bin\net.dll
Event: 0.113 Loaded shared library C:\Program Files\Eclipse Adoptium\jdk-24.0.2.12-hotspot\bin\nio.dll
Event: 0.115 Loaded shared library C:\Program Files\Eclipse Adoptium\jdk-24.0.2.12-hotspot\bin\zip.dll
Event: 0.162 Loaded shared library C:\Program Files\Eclipse Adoptium\jdk-24.0.2.12-hotspot\bin\instrument.dll
Event: 0.202 Loaded shared library C:\Program Files\Eclipse Adoptium\jdk-24.0.2.12-hotspot\bin\jimage.dll
Event: 0.469 Loaded shared library C:\Program Files\Eclipse Adoptium\jdk-24.0.2.12-hotspot\bin\verify.dll
Event: 1.847 Loaded shared library C:\Program Files\Eclipse Adoptium\jdk-24.0.2.12-hotspot\bin\management.dll
Event: 1.848 Loaded shared library C:\Program Files\Eclipse Adoptium\jdk-24.0.2.12-hotspot\bin\management_ext.dll
Event: 2.598 Loaded shared library C:\Users\finba\AppData\Local\Temp\lwjglfinba\3.3.1-build-7\lwjgl.dll

Deoptimization events (20 events):
Event: 2.529 Thread 0x000001a30c6af170 Uncommon trap: trap_request=0xffffffde fr.pc=0x000001a31ced3b28 relative=0x0000000000000248
Event: 2.529 Thread 0x000001a30c6af170 Uncommon trap: reason=class_check action=maybe_recompile pc=0x000001a31ced3b28 method=java.util.AbstractList$RandomAccessSpliterator.tryAdvance(Ljava/util/function/Consumer;)Z @ 43 c2
Event: 2.529 Thread 0x000001a30c6af170 DEOPT PACKING pc=0x000001a31ced3b28 sp=0x000000011fffe6e0
Event: 2.529 Thread 0x000001a30c6af170 DEOPT UNPACKING pc=0x000001a31c782302 sp=0x000000011fffe688 mode 2
Event: 2.534 Thread 0x000001a30c6af170 Uncommon trap: trap_request=0xffffffde fr.pc=0x000001a31cdf4b94 relative=0x00000000000000d4
Event: 2.534 Thread 0x000001a30c6af170 Uncommon trap: reason=class_check action=maybe_recompile pc=0x000001a31cdf4b94 method=java.util.stream.AbstractPipeline.exactOutputSizeIfKnown(Ljava/util/Spliterator;)J @ 16 c2
Event: 2.534 Thread 0x000001a30c6af170 DEOPT PACKING pc=0x000001a31cdf4b94 sp=0x000000011fffed50
Event: 2.534 Thread 0x000001a30c6af170 DEOPT UNPACKING pc=0x000001a31c782302 sp=0x000000011fffece0 mode 2
Event: 2.595 Thread 0x000001a30c6af170 DEOPT PACKING pc=0x000001a3154af614 sp=0x000000011fffcbf0
Event: 2.595 Thread 0x000001a30c6af170 DEOPT UNPACKING pc=0x000001a31c625722 sp=0x000000011fffc0c8 mode 1
Event: 2.595 Thread 0x000001a30c6af170 DEOPT PACKING pc=0x000001a3154b2fd4 sp=0x000000011fffccb0
Event: 2.595 Thread 0x000001a30c6af170 DEOPT UNPACKING pc=0x000001a31c625722 sp=0x000000011fffc190 mode 1
Event: 2.595 Thread 0x000001a30c6af170 DEOPT PACKING pc=0x000001a3154aefb4 sp=0x000000011fffcd90
Event: 2.595 Thread 0x000001a30c6af170 DEOPT UNPACKING pc=0x000001a31c625722 sp=0x000000011fffc278 mode 1
Event: 2.605 Thread 0x000001a30c6af170 DEOPT PACKING pc=0x000001a3154af614 sp=0x000000011fffd780
Event: 2.605 Thread 0x000001a30c6af170 DEOPT UNPACKING pc=0x000001a31c625722 sp=0x000000011fffcc58 mode 1
Event: 2.605 Thread 0x000001a30c6af170 DEOPT PACKING pc=0x000001a3154b2fd4 sp=0x000000011fffd840
Event: 2.605 Thread 0x000001a30c6af170 DEOPT UNPACKING pc=0x000001a31c625722 sp=0x000000011fffcd20 mode 1
Event: 2.605 Thread 0x000001a30c6af170 DEOPT PACKING pc=0x000001a3154aefb4 sp=0x000000011fffd920
Event: 2.605 Thread 0x000001a30c6af170 DEOPT UNPACKING pc=0x000001a31c625722 sp=0x000000011fffce08 mode 1

Classes loaded (20 events):
Event: 2.609 Loading class java/nio/BufferOverflowException
Event: 2.609 Loading class java/nio/BufferOverflowException done
Event: 2.611 Loading class java/nio/DirectByteBuffer$Deallocator
Event: 2.611 Loading class java/nio/DirectByteBuffer$Deallocator done
Event: 2.611 Loading class java/nio/DirectShortBufferU
Event: 2.611 Loading class java/nio/DirectShortBufferU done
Event: 2.611 Loading class java/nio/DirectCharBufferU
Event: 2.611 Loading class java/nio/DirectCharBufferU done
Event: 2.611 Loading class java/nio/DirectFloatBufferU
Event: 2.611 Loading class java/nio/DirectFloatBufferU done
Event: 2.611 Loading class java/nio/DirectDoubleBufferU
Event: 2.611 Loading class java/nio/DirectDoubleBufferU done
Event: 2.617 Loading class java/nio/InvalidMarkException
Event: 2.617 Loading class java/nio/InvalidMarkException done
Event: 2.617 Loading class java/nio/BufferUnderflowException
Event: 2.617 Loading class java/nio/BufferUnderflowException done
Event: 2.619 Loading class org/lwjgl/system/MemoryStack
Event: 2.619 Loading class org/lwjgl/system/MemoryStack done
Event: 2.619 Loading class org/lwjgl/system/MemoryStack
Event: 2.619 Loading class org/lwjgl/system/MemoryStack done

Classes unloaded (0 events):
No events

Classes redefined (1 events):
Event: 0.179 Thread 0x000001a32efbaa80 redefined class name=java.lang.Throwable, count=1

Internal exceptions (20 events):
Event: 2.506 Thread 0x000001a30c6af170 Exception <a 'java/lang/NoSuchMethodError'{0x0000000613f35a00}: 'void java.lang.invoke.DirectMethodHandle$Holder.invokeStaticInit(java.lang.Object, java.lang.Object)'> (0x0000000613f35a00) 
thrown [s\src\hotspot\share\interpreter\linkResolver.cpp, line 805]
Event: 2.507 Thread 0x000001a30c6af170 Exception <a 'java/lang/NoSuchMethodError'{0x0000000613f5ac40}: 'java.lang.Object java.lang.invoke.DirectMethodHandle$Holder.invokeStaticInit(java.lang.Object, java.lang.Object, java.lang.Object, java.lang.Object)'> (0x0000000613f5ac40) 
thrown [s\src\hotspot\share\interpreter\linkResolver.cpp, line 805]
Event: 2.508 Thread 0x000001a30c6af170 Exception <a 'java/lang/IncompatibleClassChangeError'{0x0000000613f6a3d8}: Found class java.lang.Object, but interface was expected> (0x0000000613f6a3d8) 
thrown [s\src\hotspot\share\interpreter\linkResolver.cpp, line 872]
Event: 2.511 Thread 0x000001a30c6af170 Exception <a 'java/lang/IncompatibleClassChangeError'{0x0000000613fb8108}: Found class java.lang.Object, but interface was expected> (0x0000000613fb8108) 
thrown [s\src\hotspot\share\interpreter\linkResolver.cpp, line 872]
Event: 2.534 Thread 0x000001a30c6af170 Exception <a 'java/lang/NoSuchMethodError'{0x0000000613a067a0}: 'java.lang.Object java.lang.invoke.DirectMethodHandle$Holder.invokeVirtual(java.lang.Object, java.lang.Object, java.lang.Object)'> (0x0000000613a067a0) 
thrown [s\src\hotspot\share\interpreter\linkResolver.cpp, line 805]
Event: 2.555 Thread 0x000001a30c6af170 Exception <a 'java/lang/NoSuchMethodError'{0x0000000613b569c0}: 'java.lang.Object java.lang.invoke.DirectMethodHandle$Holder.invokeStatic(java.lang.Object, int, java.lang.Object, java.lang.Object, java.lang.Object, java.lang.Object)'> (0x0000000613b569c0) 
thrown [s\src\hotspot\share\interpreter\linkResolver.cpp, line 805]
Event: 2.557 Thread 0x000001a30c6af170 Exception <a 'java/lang/NoSuchMethodError'{0x0000000613b67438}: 'java.lang.Object java.lang.invoke.DirectMethodHandle$Holder.newInvokeSpecial(java.lang.Object, int, java.lang.Object, java.lang.Object)'> (0x0000000613b67438) 
thrown [s\src\hotspot\share\interpreter\linkResolver.cpp, line 805]
Event: 2.557 Thread 0x000001a30c6af170 Exception <a 'java/lang/NoSuchMethodError'{0x0000000613b6fe58}: 'java.lang.Object java.lang.invoke.DirectMethodHandle$Holder.invokeSpecial(java.lang.Object, java.lang.Object, int, java.lang.Object, java.lang.Object)'> (0x0000000613b6fe58) 
thrown [s\src\hotspot\share\interpreter\linkResolver.cpp, line 805]
Event: 2.573 Thread 0x000001a30c6af170 Exception <a 'java/lang/NoSuchMethodError'{0x00000006134f2638}: 'void java.lang.System.load(java.lang.String, java.lang.Class)'> (0x00000006134f2638) 
thrown [s\src\hotspot\share\interpreter\linkResolver.cpp, line 805]
Event: 2.575 Thread 0x000001a30c6af170 Exception <a 'java/lang/NoSuchMethodError'{0x0000000613522f70}: 'void java.lang.System.loadLibrary(java.lang.String, java.lang.Class)'> (0x0000000613522f70) 
thrown [s\src\hotspot\share\interpreter\linkResolver.cpp, line 805]
Event: 2.595 Thread 0x000001a30c6af170 Exception <a 'sun/nio/fs/WindowsException'{0x0000000621402fa8}> (0x0000000621402fa8) 
thrown [s\src\hotspot\share\prims\jni.cpp, line 518]
Event: 2.595 Thread 0x000001a30c6af170 Exception <a 'sun/nio/fs/WindowsException'{0x0000000621403318}> (0x0000000621403318) 
thrown [s\src\hotspot\share\prims\jni.cpp, line 518]
Event: 2.605 Thread 0x000001a30c6af170 Exception <a 'sun/nio/fs/WindowsException'{0x00000006215787d8}> (0x00000006215787d8) 
thrown [s\src\hotspot\share\prims\jni.cpp, line 518]
Event: 2.605 Thread 0x000001a30c6af170 Exception <a 'sun/nio/fs/WindowsException'{0x0000000621578b58}> (0x0000000621578b58) 
thrown [s\src\hotspot\share\prims\jni.cpp, line 518]
Event: 2.613 Thread 0x000001a30c6af170 Exception <a 'java/lang/NoSuchMethodError'{0x000000062171cfa0}: 'int java.lang.invoke.DirectMethodHandle$Holder.invokeStaticInit(java.lang.Object, java.lang.Object, int, long)'> (0x000000062171cfa0) 
thrown [s\src\hotspot\share\interpreter\linkResolver.cpp, line 805]
Event: 2.613 Thread 0x000001a30c6af170 Exception <a 'java/lang/NoSuchMethodError'{0x000000062172c268}: 'java.lang.Object java.lang.invoke.DirectMethodHandle$Holder.newInvokeSpecial(java.lang.Object, java.lang.Object, int)'> (0x000000062172c268) 
thrown [s\src\hotspot\share\interpreter\linkResolver.cpp, line 805]
Event: 2.615 Thread 0x000001a30c6af170 Exception <a 'java/lang/NoSuchMethodError'{0x0000000621749ee0}: 'int java.lang.invoke.DirectMethodHandle$Holder.invokeStaticInit(java.lang.Object, java.lang.Object, long, long)'> (0x0000000621749ee0) 
thrown [s\src\hotspot\share\interpreter\linkResolver.cpp, line 805]
Event: 2.615 Thread 0x000001a30c6af170 Exception <a 'java/lang/NoSuchMethodError'{0x0000000621759310}: 'java.lang.Object java.lang.invoke.DirectMethodHandle$Holder.newInvokeSpecial(java.lang.Object, java.lang.Object, long)'> (0x0000000621759310) 
thrown [s\src\hotspot\share\interpreter\linkResolver.cpp, line 805]
Event: 2.616 Thread 0x000001a30c6af170 Exception <a 'java/lang/NoSuchMethodError'{0x0000000621761f38}: 'java.lang.Object java.lang.invoke.Invokers$Holder.linkToTargetMethod(java.lang.Object, long, java.lang.Object)'> (0x0000000621761f38) 
thrown [s\src\hotspot\share\interpreter\linkResolver.cpp, line 805]
Event: 2.616 Thread 0x000001a30c6af170 Exception <a 'java/lang/NoSuchMethodError'{0x0000000621772620}: 'int java.lang.invoke.DirectMethodHandle$Holder.invokeStaticInit(java.lang.Object, java.lang.Object, java.lang.Object, long)'> (0x0000000621772620) 
thrown [s\src\hotspot\share\interpreter\linkResolver.cpp, line 805]

VM Operations (20 events):
Event: 2.289 Executing VM operation: HandshakeAllThreads (Deoptimize)
Event: 2.289 Executing VM operation: HandshakeAllThreads (Deoptimize) done
Event: 2.324 Executing VM operation: HandshakeAllThreads (Deoptimize)
Event: 2.324 Executing VM operation: HandshakeAllThreads (Deoptimize) done
Event: 2.361 Executing VM operation: HandshakeAllThreads (Deoptimize)
Event: 2.361 Executing VM operation: HandshakeAllThreads (Deoptimize) done
Event: 2.362 Executing VM operation: HandshakeAllThreads (Deoptimize)
Event: 2.363 Executing VM operation: HandshakeAllThreads (Deoptimize) done
Event: 2.414 Executing VM operation: HandshakeAllThreads (Deoptimize)
Event: 2.414 Executing VM operation: HandshakeAllThreads (Deoptimize) done
Event: 2.427 Executing VM operation: HandshakeAllThreads (Deoptimize)
Event: 2.427 Executing VM operation: HandshakeAllThreads (Deoptimize) done
Event: 2.472 Executing VM operation: HandshakeAllThreads (Deoptimize)
Event: 2.472 Executing VM operation: HandshakeAllThreads (Deoptimize) done
Event: 2.584 Executing VM operation: CollectForMetadataAllocation (Metadata GC Threshold)
Event: 2.593 Executing VM operation: CollectForMetadataAllocation (Metadata GC Threshold) done
Event: 2.599 Executing VM operation: G1PauseRemark
Event: 2.601 Executing VM operation: G1PauseRemark done
Event: 2.603 Executing VM operation: G1PauseCleanup
Event: 2.603 Executing VM operation: G1PauseCleanup done

Memory protections (0 events):
No events

Nmethod flushes (0 events):
No events

Events (20 events):
Event: 0.144 Thread 0x000001a33210a420 Thread added: 0x000001a3323295b0
Event: 0.144 Thread 0x000001a33210a420 Thread added: 0x000001a33234a510
Event: 0.146 Thread 0x000001a33210a420 Thread added: 0x000001a33240c150
Event: 0.154 Thread 0x000001a30c6af170 Thread added: 0x000001a332a1b220
Event: 0.154 Thread 0x000001a30c6af170 Thread added: 0x000001a332ad0560
Event: 0.154 Thread 0x000001a332a1b220 Thread added: 0x000001a332ad0cb0
Event: 0.183 Thread 0x000001a30c6af170 Thread added: 0x000001a33246f770
Event: 0.184 Thread 0x000001a30c6af170 Thread added: 0x000001a332932600
Event: 0.242 Thread 0x000001a32efd85c0 Thread added: 0x000001a332c0d4d0
Event: 0.421 Thread 0x000001a32efd85c0 Thread added: 0x000001a378785850
Event: 0.421 Thread 0x000001a32efd85c0 Thread added: 0x000001a378785fe0
Event: 0.429 Thread 0x000001a33240c150 Thread added: 0x000001a37885da50
Event: 0.429 Thread 0x000001a33240c150 Thread added: 0x000001a37872bd00
Event: 0.430 Thread 0x000001a33240c150 Thread added: 0x000001a3787e5430
Event: 1.909 Thread 0x000001a3787e5430 Thread exited: 0x000001a3787e5430
Event: 2.023 Thread 0x000001a37872bd00 Thread exited: 0x000001a37872bd00
Event: 2.299 Thread 0x000001a30c6af170 Thread added: 0x000001a37bbead60
Event: 2.302 Thread 0x000001a37bbead60 Thread exited: 0x000001a37bbead60
Event: 2.309 Thread 0x000001a30c6af170 Thread added: 0x000001a37bbf0520
Event: 2.311 Thread 0x000001a37bbf0520 Thread exited: 0x000001a37bbf0520


Dynamic libraries:
0x00007ff7854f0000 - 0x00007ff7854fe000 	C:\Program Files\Eclipse Adoptium\jdk-24.0.2.12-hotspot\bin\java.exe
0x00007ffd80330000 - 0x00007ffd80547000 	C:\WINDOWS\SYSTEM32\ntdll.dll
0x00007ffd7e4f0000 - 0x00007ffd7e5b4000 	C:\WINDOWS\System32\KERNEL32.DLL
0x00007ffd7d8c0000 - 0x00007ffd7dc93000 	C:\WINDOWS\System32\KERNELBASE.dll
0x00007ffd7de80000 - 0x00007ffd7df91000 	C:\WINDOWS\System32\ucrtbase.dll
0x00007ffd42050000 - 0x00007ffd42066000 	C:\Program Files\Eclipse Adoptium\jdk-24.0.2.12-hotspot\bin\jli.dll
0x00007ffd3b920000 - 0x00007ffd3b93e000 	C:\Program Files\Eclipse Adoptium\jdk-24.0.2.12-hotspot\bin\VCRUNTIME140.dll
0x00007ffd7fb10000 - 0x00007ffd7fcc2000 	C:\WINDOWS\System32\USER32.dll
0x00007ffd7dfa0000 - 0x00007ffd7dfc6000 	C:\WINDOWS\System32\win32u.dll
0x00007ffd59e00000 - 0x00007ffd5a09c000 	C:\WINDOWS\WinSxS\amd64_microsoft.windows.common-controls_6595b64144ccf1df_6.0.22621.5983_none_2714a6b37381578e\COMCTL32.dll
0x00007ffd80280000 - 0x00007ffd802a9000 	C:\WINDOWS\System32\GDI32.dll
0x00007ffd7ed50000 - 0x00007ffd7edf7000 	C:\WINDOWS\System32\msvcrt.dll
0x00007ffd7d430000 - 0x00007ffd7d553000 	C:\WINDOWS\System32\gdi32full.dll
0x00007ffd7dde0000 - 0x00007ffd7de7a000 	C:\WINDOWS\System32\msvcp_win.dll
0x00007ffd802b0000 - 0x00007ffd802e1000 	C:\WINDOWS\System32\IMM32.DLL
0x00007ffd3b910000 - 0x00007ffd3b91c000 	C:\Program Files\Eclipse Adoptium\jdk-24.0.2.12-hotspot\bin\vcruntime140_1.dll
0x00007ffd362b0000 - 0x00007ffd3633d000 	C:\Program Files\Eclipse Adoptium\jdk-24.0.2.12-hotspot\bin\msvcp140.dll
0x00007ffcac140000 - 0x00007ffcacfac000 	C:\Program Files\Eclipse Adoptium\jdk-24.0.2.12-hotspot\bin\server\jvm.dll
0x00007ffd7eb10000 - 0x00007ffd7ebc1000 	C:\WINDOWS\System32\ADVAPI32.dll
0x00007ffd7e440000 - 0x00007ffd7e4e8000 	C:\WINDOWS\System32\sechost.dll
0x00007ffd7d810000 - 0x00007ffd7d838000 	C:\WINDOWS\System32\bcrypt.dll
0x00007ffd7fe30000 - 0x00007ffd7ff48000 	C:\WINDOWS\System32\RPCRT4.dll
0x00007ffd7fcd0000 - 0x00007ffd7fd41000 	C:\WINDOWS\System32\WS2_32.dll
0x00007ffd7c220000 - 0x00007ffd7c26d000 	C:\WINDOWS\SYSTEM32\POWRPROF.dll
0x00007ffd75470000 - 0x00007ffd7547a000 	C:\WINDOWS\SYSTEM32\VERSION.dll
0x00007ffd765c0000 - 0x00007ffd765f4000 	C:\WINDOWS\SYSTEM32\WINMM.dll
0x00007ffd7c200000 - 0x00007ffd7c213000 	C:\WINDOWS\SYSTEM32\UMPDC.dll
0x00007ffd7c4b0000 - 0x00007ffd7c4c8000 	C:\WINDOWS\SYSTEM32\kernel.appcore.dll
0x00007ffd38870000 - 0x00007ffd3887a000 	C:\Program Files\Eclipse Adoptium\jdk-24.0.2.12-hotspot\bin\jimage.dll
0x00007ffd73100000 - 0x00007ffd73333000 	C:\WINDOWS\SYSTEM32\DBGHELP.DLL
0x00007ffd7dfd0000 - 0x00007ffd7e361000 	C:\WINDOWS\System32\combase.dll
0x00007ffd7fd50000 - 0x00007ffd7fe28000 	C:\WINDOWS\System32\OLEAUT32.dll
0x00007ffd730c0000 - 0x00007ffd730f2000 	C:\WINDOWS\SYSTEM32\dbgcore.DLL
0x00007ffd7d840000 - 0x00007ffd7d8bb000 	C:\WINDOWS\System32\bcryptPrimitives.dll
0x00007ffd2adb0000 - 0x00007ffd2adec000 	C:\Program Files\Eclipse Adoptium\jdk-24.0.2.12-hotspot\bin\jdwp.dll
0x00007ffd38560000 - 0x00007ffd3856f000 	C:\Program Files\Eclipse Adoptium\jdk-24.0.2.12-hotspot\bin\instrument.dll
0x00007ffd37b00000 - 0x00007ffd37b1e000 	C:\Program Files\Eclipse Adoptium\jdk-24.0.2.12-hotspot\bin\java.dll
0x00007ffd800e0000 - 0x00007ffd80280000 	C:\WINDOWS\System32\ole32.dll
0x00007ffd7f0a0000 - 0x00007ffd7f93e000 	C:\WINDOWS\System32\SHELL32.dll
0x00007ffd7d6d0000 - 0x00007ffd7d80f000 	C:\WINDOWS\System32\wintypes.dll
0x00007ffd37a60000 - 0x00007ffd37a77000 	C:\Program Files\Eclipse Adoptium\jdk-24.0.2.12-hotspot\bin\zip.dll
0x00007ffd7b2c0000 - 0x00007ffd7bbd8000 	C:\WINDOWS\SYSTEM32\windows.storage.dll
0x00007ffd7ebd0000 - 0x00007ffd7ecd4000 	C:\WINDOWS\System32\SHCORE.dll
0x00007ffd7ece0000 - 0x00007ffd7ed49000 	C:\WINDOWS\System32\shlwapi.dll
0x00007ffd7d360000 - 0x00007ffd7d385000 	C:\WINDOWS\SYSTEM32\profapi.dll
0x00007ffce9030000 - 0x00007ffce9107000 	C:\Program Files\Eclipse Adoptium\jdk-24.0.2.12-hotspot\bin\jsvml.dll
0x00007ffd37a50000 - 0x00007ffd37a60000 	C:\Program Files\Eclipse Adoptium\jdk-24.0.2.12-hotspot\bin\net.dll
0x00007ffd7c970000 - 0x00007ffd7c9d9000 	C:\WINDOWS\system32\mswsock.dll
0x00007ffd37020000 - 0x00007ffd37036000 	C:\Program Files\Eclipse Adoptium\jdk-24.0.2.12-hotspot\bin\nio.dll
0x00007ffd2e950000 - 0x00007ffd2e95c000 	C:\Program Files\Eclipse Adoptium\jdk-24.0.2.12-hotspot\bin\dt_socket.dll
0x00007ffd7bec0000 - 0x00007ffd7beed000 	C:\WINDOWS\SYSTEM32\IPHLPAPI.DLL
0x00007ffd37a40000 - 0x00007ffd37a50000 	C:\Program Files\Eclipse Adoptium\jdk-24.0.2.12-hotspot\bin\verify.dll
0x00007ffd379b0000 - 0x00007ffd379ba000 	C:\Program Files\Eclipse Adoptium\jdk-24.0.2.12-hotspot\bin\management.dll
0x00007ffd37010000 - 0x00007ffd3701b000 	C:\Program Files\Eclipse Adoptium\jdk-24.0.2.12-hotspot\bin\management_ext.dll
0x00007ffd7f060000 - 0x00007ffd7f068000 	C:\WINDOWS\System32\PSAPI.DLL
0x00007ffd55c20000 - 0x00007ffd55c37000 	C:\WINDOWS\system32\napinsp.dll
0x00007ffd55c00000 - 0x00007ffd55c1b000 	C:\WINDOWS\system32\pnrpnsp.dll
0x00007ffd7bef0000 - 0x00007ffd7bfe8000 	C:\WINDOWS\SYSTEM32\DNSAPI.dll
0x00007ffd7f050000 - 0x00007ffd7f059000 	C:\WINDOWS\System32\NSI.dll
0x00007ffd55be0000 - 0x00007ffd55bf1000 	C:\WINDOWS\System32\winrnr.dll
0x00007ffd75dc0000 - 0x00007ffd75dd5000 	C:\WINDOWS\system32\wshbth.dll
0x00007ffd55bb0000 - 0x00007ffd55bd1000 	C:\WINDOWS\system32\nlansp_c.dll
0x000000005cc70000 - 0x000000005cc96000 	C:\Program Files\Bonjour\mdnsNSP.dll
0x00007ffd783b0000 - 0x00007ffd783ba000 	C:\Windows\System32\rasadhlp.dll
0x00007ffd75ea0000 - 0x00007ffd75f24000 	C:\WINDOWS\System32\fwpuclnt.dll
0x00007ffce8820000 - 0x00007ffce8895000 	C:\Users\finba\AppData\Local\Temp\lwjglfinba\3.3.1-build-7\lwjgl.dll
0x00007ffcc5e20000 - 0x00007ffcc5e81000 	C:\Users\finba\AppData\Local\Temp\lwjglfinba\3.3.1-build-7\glfw.dll

JVMTI agents:
jdwp path:C:\Program Files\Eclipse Adoptium\jdk-24.0.2.12-hotspot\bin\jdwp.dll, loaded, initialized, options:transport=dt_socket,server=n,suspend=y,address=127.0.0.1:64808
C:\Users\finba\AppData\Local\JetBrains\IdeaIC2025.1\captureAgent\debugger-agent.jar path:C:\Program Files\Eclipse Adoptium\jdk-24.0.2.12-hotspot\bin\instrument.dll, loaded, initialized, instrumentlib options:file:///C:/Users/finba/AppData/Local/Temp/capture1927183027866524780.props

dbghelp: loaded successfully - version: 4.0.5 - missing functions: none
symbol engine: initialized successfully - sym options: 0x614 - pdb path: .;C:\Program Files\Eclipse Adoptium\jdk-24.0.2.12-hotspot\bin;C:\WINDOWS\SYSTEM32;C:\WINDOWS\WinSxS\amd64_microsoft.windows.common-controls_6595b64144ccf1df_6.0.22621.5983_none_2714a6b37381578e;C:\Program Files\Eclipse Adoptium\jdk-24.0.2.12-hotspot\bin\server;C:\Program Files\Bonjour;C:\Users\finba\AppData\Local\Temp\lwjglfinba\3.3.1-build-7

VM Arguments:
jvm_args: -Ddebugger.agent.enable.coroutines=true -Dforge.enableGameTest=true -Dforge.enabledGameTestNamespaces=ash_hollow_requiem_of_the_dead -Dforge.logging.console.level=debug -Dforge.logging.markers=REGISTRIES -DignoreList=bootstraplauncher,securejarhandler,asm-commons,asm-util,asm-analysis,asm-tree,asm,JarJarFileSystems,client-extra,fmlcore,javafmllanguage,lowcodelanguage,mclanguage,forge- -Djava.net.preferIPv6Addresses=system -Dkotlinx.coroutines.debug.enable.creation.stack.trace=false -Dkotlinx.coroutines.debug.enable.flows.stack.trace=true -Dkotlinx.coroutines.debug.enable.mutable.state.flows.stack.trace=true -DlegacyClassPath.file=C:\Users\finba\OneDrive\Documents\research\Ash Hollow Requiem of the Dead\build\classpath\runClient_minecraftClasspath.txt -DmergeModules=jna-5.10.0.jar,jna-platform-5.10.0.jar -Dmixin.env.refMapRemappingFile=C:\Users\finba\OneDrive\Documents\research\Ash Hollow Requiem of the Dead\build\createSrgToMcp\output.srg -Dmixin.env.remapRefMap=true -Dnet.minecraftforge.gradle.GradleStart.srg.srg-mcp=C:\Users\finba\OneDrive\Documents\research\Ash Hollow Requiem of the Dead\build\createSrgToMcp\output.srg --module-path=C:\Users\finba\.gradle\caches\modules-2\files-2.1\cpw.mods\bootstraplauncher\1.1.2\c546e00443d8432cda6baa1c860346980742628\bootstraplauncher-1.1.2.jar;C:\Users\finba\.gradle\caches\modules-2\files-2.1\cpw.mods\securejarhandler\2.1.10\51e6a22c6c716beb11e244bf5b8be480f51dd6b5\securejarhandler-2.1.10.jar;C:\Users\finba\.gradle\caches\modules-2\files-2.1\org.ow2.asm\asm-commons\9.7.1\406c6a2225cfe1819f102a161e54cc16a5c24f75\asm-commons-9.7.1.jar;C:\Users\finba\.gradle\caches\modules-2\files-2.1\org.ow2.asm\asm-util\9.7.1\9e23359b598ec6b74b23e53110dd5c577adf2243\asm-util-9.7.1.jar;C:\Users\finba\.gradle\caches\modules-2\files-2.1\org.ow2.asm\asm-analysis\9.7.1\f97a3b319f0ed6a8cd944dc79060d3912a28985f\asm-analysis-9.7.1.jar;C:\Users\finba\.gradle\caches\modules-2\files-2.1\org.ow2.asm\asm-tree\9.7.1\3a53139787663b139de76b627fca0084ab60d32c\asm-tree-9.7.1.jar;C:\Users\finba\.gradle\caches\modules-2\files-2.1\org.ow2.asm\asm\9.7.1\f0ed132a49244b042cd0e15702ab9f2ce3cc8436\asm-9.7.1.jar;C:\Users\finba\.gradle\caches\modules-2\files-2.1\net.minecraftforge\JarJarFileSystems\0.3.19\2464eb7d6b9ddb9db36a82cf8a95193e5c6fe020\JarJarFileSystems-0.3.19.jar --add-modules=ALL-MODULE-PATH --add-opens=java.base/java.util.jar=cpw.mods.securejarhandler --add-opens=java.base/java.lang.invoke=cpw.mods.securejarhandler --add-exports=java.base/sun.security.util=cpw.mods.securejarhandler --add-exports=jdk.naming.dns/com.sun.jndi.dns=java.naming -XX:HeapDumpPath=MojangTricksIntelDriversForPerformance_javaw.exe_minecraft.exe.heapdump --module-path=C:\Users\finba\.gradle\caches\modules-2\files-2.1\cpw.mods\bootstraplauncher\1.1.2\c546e00443d8432cda6baa1c860346980742628\bootstraplauncher-1.1.2.jar;C:\Users\finba\.gradle\caches\modules-2\files-2.1\cpw.mods\securejarhandler\2.1.10\51e6a22c6c716beb11e244bf5b8be480f51dd6b5\securejarhandler-2.1.10.jar;C:\Users\finba\.gradle\caches\modules-2\files-2.1\org.ow2.asm\asm-commons\9.7.1\406c6a2225cfe1819f102a161e54cc16a5c24f75\asm-commons-9.7.1.jar;C:\Users\finba\.gradle\caches\modules-2\files-2.1\org.ow2.asm\asm-util\9.7.1\9e23359b598ec6b74b23e53110dd5c577adf2243\asm-util-9.7.1.jar;C:\Users\finba\.gradle\caches\modules-2\files-2.1\org.ow2.asm\asm-analysis\9.7.1\f97a3b319f0ed6a8cd944dc79060d3912a28985f\asm-analysis-9.7.1.jar;C:\Users\finba\.gradle\caches\modules-2\files-2.1\org.ow2.asm\asm-tree\9.7.1\3a53139787663b139de76b627fca0084ab60d32c\asm-tree-9.7.1.jar;C:\Users\finba\.gradle\caches\modules-2\files-2.1\org.ow2.asm\asm\9.7.1\f0ed132a49244b042cd0e15702ab9f2ce3cc8436\asm-9.7.1.jar;C:\Users\finba\.gradle\caches\modules-2\files-2.1\net.minecraftforge\JarJarFileSystems\0.3.19\2464eb7d6b9ddb9db36a82cf8a95193e5c6fe020\JarJarFileSystems-0.3.19.jar --add-modules=ALL-MODULE-PATH --add-opens=java.base/java.util.jar=cpw.mods.securejarhandler --add-opens=java.base/java.lang.invoke=cpw.mods.securejarhandler --add-exports=java.base/sun.security.util=cpw.mods.securejarhandler --add-exports=jdk.naming.dns/com.sun.jndi.dns=java.naming -XX:HeapDumpPath=MojangTricksIntelDriversForPerformance_javaw.exe_minecraft.exe.heapdump -agentlib:jdwp=transport=dt_socket,server=n,suspend=y,address=127.0.0.1:64808 -javaagent:C:\Users\finba\AppData\Local\JetBrains\IdeaIC2025.1\captureAgent\debugger-agent.jar=file:///C:/Users/finba/AppData/Local/Temp/capture1927183027866524780.props -Dfile.encoding=UTF-8 -Duser.country=GB -Duser.language=en -Duser.variant 
java_command: cpw.mods.bootstraplauncher.BootstrapLauncher --launchTarget forgeclientuserdev --version MOD_DEV --assetIndex 5 --assetsDir C:\Users\finba\.gradle\caches\forge_gradle\assets --gameDir . --fml.forgeVersion 47.4.0 --fml.mcVersion 1.20.1 --fml.forgeGroup net.minecraftforge --fml.mcpVersion 20230612.114412 --mixin.config ash_hollow_requiem_of_the_dead.mixins.json
java_class_path (initial): C:\Users\finba\OneDrive\Documents\research\Ash Hollow Requiem of the Dead\build\classes\java\main;C:\Users\finba\OneDrive\Documents\research\Ash Hollow Requiem of the Dead\build\resources\main;C:\Users\finba\.gradle\caches\forge_gradle\minecraft_user_repo\net\minecraftforge\forge\1.20.1-47.4.0_mapped_official_1.20.1\forge-1.20.1-47.4.0_mapped_official_1.20.1-recomp.jar;C:\Users\finba\.gradle\caches\forge_gradle\minecraft_repo\versions\1.20.1\client-extra.jar;C:\Users\finba\.gradle\caches\modules-2\files-2.1\net.minecraftforge\fmlearlydisplay\1.20.1-47.4.0\5a0c2d1a65a422bd0e64548e58b70f4d011ef788\fmlearlydisplay-1.20.1-47.4.0.jar;C:\Users\finba\.gradle\caches\modules-2\files-2.1\net.minecraftforge\javafmllanguage\1.20.1-47.4.0\f0c0b352173d0a378cbdcec9cfc4ba65899a721\javafmllanguage-1.20.1-47.4.0.jar;C:\Users\finba\.gradle\caches\modules-2\files-2.1\net.minecraftforge\lowcodelanguage\1.20.1-47.4.0\e862740d8c84d08dbfedea412bef88fe42e727c5\lowcodelanguage-1.20.1-47.4.0.jar;C:\Users\finba\.gradle\caches\modules-2\files-2.1\net.minecraftforge\mclanguage\1.20.1-47.4.0\5719b3a297a33f877ed5dde4cb4bd75c859096af\mclanguage-1.20.1-47.4.0.jar;C:\Users\finba\.gradle\caches\modules-2\files-2.1\net.minecraftforge\fmlcore\1.20.1-47.4.0\235975dafa4309945b59c56b53f31dc5b65a6051\fmlcore-1.20.1-47.4.0.jar;C:\Users\finba\.gradle\caches\modules-2\files-2.1\net.minecraftforge\fmlloader\1.20.1-47.4.0\350292a3c597f65d130e48b6e419a2b21cba2ac1\fmlloader-1.20.1-47.4.0.jar;C:\Users\finba\.gradle\caches\modules-2\files-2.1\net.minecraftforge\JarJarSelector\0.3.19\376cc9c8ea60720cf027c01fc033de915699801c\JarJarSelector-0.3.19.jar;C:\Users\finba\.gradle\caches\modules-2\files-2.1\net.minecraftforge\JarJarMetadata\0.3.19\83feaa9b770e6ac0e96ee4fc23fa89325c5fe2\JarJarMetadata-0.3.19.jar;C:\Users\finba\.gradle\caches\modules-2\files-2.1\com.google.guava\guava\31.1-jre\60458f877d055d0c9114d9e1a2efb737b4bc282c\guava-31.1-jre.jar;C:\Users\finba\.gradle\caches\modules-2\files-2.1\com.google.code.findbugs\jsr305\3.0.2\25ea2e8b0c338a877313bd4672d3fe056ea78f0d\jsr305-3.0.2.jar;C:\Users\finba\.gradle\caches\modules-2\files-2.1\ca.weblite\java-objc-bridge\1.1\1227f9e0666314f9de41477e3ec277e542ed7f7b\java-objc-bridge-1.1.jar;C:\Users\finba\.gradle\caches\modules-2\files-2.1\net.minecraftforge\forgespi\7.0.1\3b4972a0cdb135853dba219be61a79b22cff1309\forgespi-7.0.1.jar;C:\Users\finba\.gradle\caches\modules-2\files-2.1\net.minecraftforge\mergetool\1.1.5\f3da18e12c696d35a47c82cbb2cc8b5aa15e1154\mergetool-1.1.5-api.jar;C:\Users\finba\.gradle\caches\modules-2\files-2.1\org.jetbrains\annotations\24.0.1\13c5c75c4206580aa4d683bffee658caae6c9f43\annotations-24.0.1.jar;C:\Users\finba\.gradle\caches\forge_gradle\mcp_repo\net\minecraft\mapping\1.20.1\mapping-1.20.1-mapping.zip;C:\Users\finba\.gradle\caches\modules-2\files-2.1\net.minecraftforge\accesstransformers\8.0.4\272d240aa73f42195b2a68e2ebd8b701ecf41f63\accesstransformers-8.0.4.jar;C:\Users\finba\.gradle\caches\modules-2\files-2.1\net.minecraftforge\eventbus\6.0.5\699143dd438431d06b57416944f7cedbe52e1475\eventbus-6.0.5.jar;C:\Users\finba\.gradle\caches\modules-2\files-2.1\cpw.mods\modlauncher\10.0.9\6d9443f56f50bb85cea383686ff9c867391458b\modlauncher-10.0.9.jar;C:\Users\finba\.gradle\caches\modules-2\files-2.1\cpw.mods\bootstraplauncher\1.1.2\c546e00443d8432cda6baa1c860346980742628\bootstraplauncher-1.1.2.jar;C:\Users\finba\.gradle\caches\modules-2\files-2.1\cpw.mods\securejarhandler\2.1.10\51e6a22c6c716beb11e244bf5b8be480f51dd6b5\securejarhandler-2.1.10.jar;C:\Users\finba\.gradle\caches\modules-2\files-2.1\net.minecraftforge\coremods\5.2.4\e30bab269d896613e38396274711410b3a0e4b87\coremods-5.2.4.jar;C:\Users\finba\.gradle\caches\modules-2\files-2.1\org.openjdk.nashorn\nashorn-core\15.4\f67f5ffaa5f5130cf6fb9b133da00c7df3b532a5\nashorn-core-15.4.jar;C:\Users\finba\.gradle\caches\modules-2\files-2.1\org.ow2.asm\asm-commons\9.7.1\406c6a2225cfe1819f102a161e54cc16a5c24f75\asm-commons-9.7.1.jar;C:\Users\finba\.gradle\caches\modules-2\files-2.1\org.ow2.asm\asm-util\9.7.1\9e23359b598ec6b74b23e53110dd5c577adf2243\asm-util-9.7.1.jar;C:\Users\finba\.gradle\caches\modules-2\files-2.1\org.ow2.asm\asm-analysis\9.7.1\f97a3b319f0ed6a8cd944dc79060d3912a28985f\asm-analysis-9.7.1.jar;C:\Users\finba\.gradle\caches\modules-2\files-2.1\org.ow2.asm\asm-tree\9.7.1\3a53139787663b139de76b627fca0084ab60d32c\asm-tree-9.7.1.jar;C:\Users\finba\.gradle\caches\modules-2\files-2.1\org.ow2.asm\asm\9.7.1\f0ed132a49244b042cd0e15702ab9f2ce3cc8436\asm-9.7.1.jar;C:\Users\finba\.gradle\caches\modules-2\files-2.1\org.antlr\antlr4\4.9.1\e92af8ab33e428461927b484e90bb155a4f3a052\antlr4-4.9.1.jar;C:\Users\finba\.gradle\caches\modules-2\files-2.1\org.antlr\antlr4-runtime\4.9.1\428664f05d2b7f7b7610204b5aa7c1763f62011a\antlr4-runtime-4.9.1.jar;C:\Users\finba\.gradle\caches\modules-2\files-2.1\net.minecraftforge\unsafe\0.2.0\54d7a0a5e8fdb71b973025caa46f341ae5904f39\unsafe-0.2.0.jar;C:\Users\finba\.gradle\caches\modules-2\files-2.1\com.electronwill.night-config\toml\3.6.4\51d6cefb2b55ee55ee26b16391212fb2c7dfb4f4\toml-3.6.4.jar;C:\Users\finba\.gradle\caches\modules-2\files-2.1\com.electronwill.night-config\core\3.6.4\510f174abbf1c947494db50ef2445683bd52c230\core-3.6.4.jar;C:\Users\finba\.gradle\caches\modules-2\files-2.1\org.apache.maven\maven-artifact\3.8.5\4433f50c07debefaed0553bd0068f4f48d449313\maven-artifact-3.8.5.jar;C:\Users\finba\.gradle\caches\modules-2\files-2.1\net.jodah\typetools\0.6.3\a01aaa6ddaea9ec07ec4f209487b7a46a526283a\typetools-0.6.3.jar;C:\Users\finba\.gradle\caches\modules-2\files-2.1\net.minecrell\terminalconsoleappender\1.2.0\96d02cd3b384ff015a8fef4223bcb4ccf1717c95\terminalconsoleappender-1.2.0.jar;C:\Users\finba\.gradle\caches\modules-2\files-2.1\org.jline\jline-reader\3.12.1\4382ab1382c7b6f379377ed5f665dc2f6e1218bc\jline-reader-3.12.1.jar;C:\Users\finba\.gradle\caches\modules-2\files-2.1\org.jline\jline-terminal\3.12.1\c777448314e050d980a6b697c140f3bfe9eb7416\jline-terminal-3.12.1.jar;C:\Users\finba\.gradle\caches\modules-2\files-2.1\org.spongepowered\mixin\0.8.5\9d1c0c3a304ae6697ecd477218fa61b850bf57fc\mixin-0.8.5.jar;C:\Users\finba\.gradle\caches\modules-2\files-2.1\net.minecraftforge\JarJarFileSystems\0.3.19\2464eb7d6b9ddb9db36a82cf8a95193e5c6fe020\JarJarFileSystems-0.3.19.jar;C:\Users\finba\.gradle\caches\modules-2\files-2.1\com.github.oshi\oshi-core\6.2.2\54f5efc19bca95d709d9a37d19ffcbba3d21c1a6\oshi-core-6.2.2.jar;C:\Users\finba\.gradle\caches\modules-2\files-2.1\com.google.code.gson\gson\2.10\dd9b193aef96e973d5a11ab13cd17430c2e4306b\gson-2.10.jar;C:\Users\finba\.gradle\caches\modules-2\files-2.1\com.google.guava\failureaccess\1.0.1\1dcf1de382a0bf95a3d8b0849546c88bac1292c9\failureaccess-1.0.1.jar;C:\Users\finba\.gradle\caches\modules-2\files-2.1\com.ibm.icu\icu4j\71.1\9e7d3304c23f9ba5cb71915f7cce23231a57a445\icu4j-71.1.jar;C:\Users\finba\.gradle\caches\modules-2\files-2.1\com.mojang\authlib\4.0.43\2ff9d747a77570a07a60d32ac77eb6162ad2a2d9\authlib-4.0.43.jar;C:\Users\finba\.gradle\caches\modules-2\files-2.1\com.mojang\blocklist\1.0.10\5c685c5ffa94c4cd39496c7184c1d122e515ecef\blocklist-1.0.10.jar;C:\Users\finba\.gradle\caches\modules-2\files-2.1\com.mojang\brigadier\1.1.8\5244ce82c3337bba4a196a3ce858bfaecc74404a\brigadier-1.1.8.jar;C:\Users\finba\.gradle\caches\modules-2\files-2.1\com.mojang\datafixerupper\6.0.8\3ba4a30557a9b057760af4011f909ba619fc5125\datafixerupper-6.0.8.jar;C:\Users\finba\.gradle\caches\modules-2\files-2.1\com.mojang\logging\1.1.1\832b8e6674a9b325a5175a3a6267dfaf34c85139\logging-1.1.1.jar;C:\Users\finba\.gradle\caches\modules-2\files-2.1\com.mojang\patchy\2.2.10\da05971b07cbb379d002cf7eaec6a2048211fefc\patchy-2.2.10.jar;C:\Users\finba\.gradle\caches\modules-2\files-2.1\com.mojang\text2speech\1.17.9\3cad216e3a7f0c19b4b394388bc9ffc446f13b14\text2speech-1.17.9.jar;C:\Users\finba\.gradle\caches\modules-2\files-2.1\org.apache.httpcomponents\httpclient\4.5.13\e5f6cae5ca7ecaac1ec2827a9e2d65ae2869cada\httpclient-4.5.13.jar;C:\Users\finba\.gradle\caches\modules-2\files-2.1\commons-codec\commons-codec\1.15\49d94806b6e3dc933dacbd8acb0fdbab8ebd1e5d\commons-codec-1.15.jar;C:\Users\finba\.gradle\caches\modules-2\files-2.1\commons-io\commons-io\2.11.0\a2503f302b11ebde7ebc3df41daebe0e4eea3689\commons-io-2.11.0.jar;C:\Users\finba\.gradle\caches\modules-2\files-2.1\commons-logging\commons-logging\1.2\4bfc12adfe4842bf07b657f0369c4cb522955686\commons-logging-1.2.jar;C:\Users\finba\.gradle\caches\modules-2\files-2.1\io.netty\netty-handler\4.1.82.Final\644041d1fa96a5d3130a29e8978630d716d76e38\netty-handler-4.1.82.Final.jar;C:\Users\finba\.gradle\caches\modules-2\files-2.1\io.netty\netty-codec\4.1.82.Final\b77200379acb345a9ffdece1c605e591ac3e4e0a\netty-codec-4.1.82.Final.jar;C:\Users\finba\.gradle\caches\modules-2\files-2.1\io.netty\netty-transport-classes-epoll\4.1.82.Final\e7c7dd18deac93105797f30057c912651ea76521\netty-transport-classes-epoll-4.1.82.Final.jar;C:\Users\finba\.gradle\caches\modules-2\files-2.1\io.netty\netty-transport-native-unix-common\4.1.82.Final\3e895b35ca1b8a0eca56cacff4c2dde5d2c6abce\netty-transport-native-unix-common-4.1.82.Final.jar;C:\Users\finba\.gradle\caches\modules-2\files-2.1\io.netty\netty-transport\4.1.82.Final\e431a218d91acb6476ccad5f5aafde50aa3945ca\netty-transport-4.1.82.Final.jar;C:\Users\finba\.gradle\caches\modules-2\files-2.1\io.netty\netty-buffer\4.1.82.Final\a544270cf1ae8b8077082f5036436a9a9971ea71\netty-buffer-4.1.82.Final.jar;C:\Users\finba\.gradle\caches\modules-2\files-2.1\io.netty\netty-resolver\4.1.82.Final\38f665ae8dcd29032eea31245ba7806bed2e0fa8\netty-resolver-4.1.82.Final.jar;C:\Users\finba\.gradle\caches\modules-2\files-2.1\io.netty\netty-common\4.1.82.Final\22d148e85c3f5ebdacc0ce1f5aabb1d420f73f3\netty-common-4.1.82.Final.jar;C:\Users\finba\.gradle\caches\modules-2\files-2.1\it.unimi.dsi\fastutil\8.5.9\bb7ea75ecdb216654237830b3a96d87ad91f8cc5\fastutil-8.5.9.jar;C:\Users\finba\.gradle\caches\modules-2\files-2.1\net.java.dev.jna\jna-platform\5.12.1\97406a297c852f4a41e688a176ec675f72e8329\jna-platform-5.12.1.jar;C:\Users\finba\.gradle\caches\modules-2\files-2.1\net.java.dev.jna\jna\5.12.1\b1e93a735caea94f503e95e6fe79bf9cdc1e985d\jna-5.12.1.jar;C:\Users\finba\.gradle\caches\modules-2\files-2.1\net.sf.jopt-simple\jopt-simple\5.0.4\4fdac2fbe92dfad86aa6e9301736f6b4342a3f5c\jopt-simple-5.0.4.jar;C:\Users\finba\.gradle\caches\modules-2\files-2.1\org.apache.commons\commons-compress\1.21\4ec95b60d4e86b5c95a0e919cb172a0af98011ef\commons-compress-1.21.jar;C:\Users\finba\.gradle\caches\modules-2\files-2.1\org.apache.commons\commons-lang3\3.12.0\c6842c86792ff03b9f1d1fe2aab8dc23aa6c6f0e\commons-lang3-3.12.0.jar;C:\Users\finba\.gradle\caches\modules-2\files-2.1\org.apache.httpcomponents\httpcore\4.4.15\7f2e0c573eaa7a74bac2e89b359e1f73d92a0a1d\httpcore-4.4.15.jar;C:\Users\finba\.gradle\caches\modules-2\files-2.1\org.apache.logging.log4j\log4j-core\2.19.0\3b6eeb4de4c49c0fe38a4ee27188ff5fee44d0bb\log4j-core-2.19.0.jar;C:\Users\finba\.gradle\caches\modules-2\files-2.1\org.apache.logging.log4j\log4j-slf4j2-impl\2.19.0\5c04bfdd63ce9dceb2e284b81e96b6a70010ee10\log4j-slf4j2-impl-2.19.0.jar;C:\Users\finba\.gradle\caches\modules-2\files-2.1\org.apache.logging.log4j\log4j-api\2.19.0\ea1b37f38c327596b216542bc636cfdc0b8036fa\log4j-api-2.19.0.jar;C:\Users\finba\.gradle\caches\modules-2\files-2.1\org.joml\joml\1.10.5\22566d58af70ad3d72308bab63b8339906deb649\joml-1.10.5.jar;C:\Users\finba\.gradle\caches\modules-2\files-2.1\org.lwjgl\lwjgl-glfw\3.3.1\cbac1b8d30cb4795149c1ef540f912671a8616d0\lwjgl-glfw-3.3.1.jar;C:\Users\finba\.gradle\caches\modules-2\files-2.1\org.lwjgl\lwjgl-glfw\3.3.1\ed892f945cf7e79c8756796f32d00fa4ceaf573b\lwjgl-glfw-3.3.1-natives-windows.jar;C:\Users\finba\.gradle\caches\modules-2\files-2.1\org.lwjgl\lwjgl-glfw\3.3.1\beda65ee503443e60aa196d58ed31f8d001dc22a\lwjgl-glfw-3.3.1-natives-windows-arm64.jar;C:\Users\finba\.gradle\caches\modules-2\files-2.1\org.lwjgl\lwjgl-glfw\3.3.1\b997e3391d6ce8f05487e7335d95c606043884a1\lwjgl-glfw-3.3.1-natives-windows-x86.jar;C:\Users\finba\.gradle\caches\modules-2\files-2.1\org.lwjgl\lwjgl-jemalloc\3.3.1\a817bcf213db49f710603677457567c37d53e103\lwjgl-jemalloc-3.3.1.jar;C:\Users\finba\.gradle\caches\modules-2\files-2.1\org.lwjgl\lwjgl-jemalloc\3.3.1\948a89b76a16aa324b046ae9308891216ffce5f9\lwjgl-jemalloc-3.3.1-natives-windows.jar;C:\Users\finba\.gradle\caches\modules-2\files-2.1\org.lwjgl\lwjgl-jemalloc\3.3.1\cae85c4edb219c88b6a0c26a87955ad98dc9519d\lwjgl-jemalloc-3.3.1-natives-windows-arm64.jar;C:\Users\finba\.gradle\caches\modules-2\files-2.1\org.lwjgl\lwjgl-jemalloc\3.3.1\fb476c8ec110e1c137ad3ce8a7f7bfe6b11c6324\lwjgl-jemalloc-3.3.1-natives-windows-x86.jar;C:\Users\finba\.gradle\caches\modules-2\files-2.1\org.lwjgl\lwjgl-openal\3.3.1\2623a6b8ae1dfcd880738656a9f0243d2e6840bd\lwjgl-openal-3.3.1.jar;C:\Users\finba\.gradle\caches\modules-2\files-2.1\org.lwjgl\lwjgl-openal\3.3.1\30a474d0e57193d7bc128849a3ab66bc9316fdb1\lwjgl-openal-3.3.1-natives-windows.jar;C:\Users\finba\.gradle\caches\modules-2\files-2.1\org.lwjgl\lwjgl-openal\3.3.1\40d65f1a7368a2aa47336f9cb69f5a190cf9975a\lwjgl-openal-3.3.1-natives-windows-arm64.jar;C:\Users\finba\.gradle\caches\modules-2\files-2.1\org.lwjgl\lwjgl-openal\3.3.1\888349f7b1be6fbae58bf8edfb9ef12def04c4e3\lwjgl-openal-3.3.1-natives-windows-x86.jar;C:\Users\finba\.gradle\caches\modules-2\files-2.1\org.lwjgl\lwjgl-opengl\3.3.1\831a5533a21a5f4f81bbc51bb13e9899319b5411\lwjgl-opengl-3.3.1.jar;C:\Users\finba\.gradle\caches\modules-2\files-2.1\org.lwjgl\lwjgl-opengl\3.3.1\c1807e9bd571402787d7e37e3029776ae2513bb8\lwjgl-opengl-3.3.1-natives-windows.jar;C:\Users\finba\.gradle\caches\modules-2\files-2.1\org.lwjgl\lwjgl-opengl\3.3.1\527d78f1e9056aff3ed02ce93019c73c5e8f1721\lwjgl-opengl-3.3.1-natives-windows-arm64.jar;C:\Users\finba\.gradle\caches\modules-2\files-2.1\org.lwjgl\lwjgl-opengl\3.3.1\deef3eb9b178ff2ff3ce893cc72ae741c3a17974\lwjgl-opengl-3.3.1-natives-windows-x86.jar;C:\Users\finba\.gradle\caches\modules-2\files-2.1\org.lwjgl\lwjgl-stb\3.3.1\b119297cf8ed01f247abe8685857f8e7fcf5980f\lwjgl-stb-3.3.1.jar;C:\Users\finba\.gradle\caches\modules-2\files-2.1\org.lwjgl\lwjgl-stb\3.3.1\86315914ac119efdb02dc9e8e978ade84f1702af\lwjgl-stb-3.3.1-natives-windows.jar;C:\Users\finba\.gradle\caches\modules-2\files-2.1\org.lwjgl\lwjgl-stb\3.3.1\fde63cdd2605c00636721a6c8b961e41d1f6b247\lwjgl-stb-3.3.1-natives-windows-arm64.jar;C:\Users\finba\.gradle\caches\modules-2\files-2.1\org.lwjgl\lwjgl-stb\3.3.1\a8d41f419eecb430b7c91ea2ce2c5c451cae2091\lwjgl-stb-3.3.1-natives-windows-x86.jar;C:\Users\finba\.gradle\caches\modules-2\files-2.1\org.lwjgl\lwjgl-tinyfd\3.3.1\ff1914111ef2e3e0110ef2dabc8d8cdaad82347\lwjgl-tinyfd-3.3.1.jar;C:\Users\finba\.gradle\caches\modules-2\files-2.1\org.lwjgl\lwjgl-tinyfd\3.3.1\a5d830475ec0958d9fdba1559efa99aef211e6ff\lwjgl-tinyfd-3.3.1-natives-windows.jar;C:\Users\finba\.gradle\caches\modules-2\files-2.1\org.lwjgl\lwjgl-tinyfd\3.3.1\83a5e780df610829ff3a737822b4f931cffecd91\lwjgl-tinyfd-3.3.1-natives-windows-arm64.jar;C:\Users\finba\.gradle\caches\modules-2\files-2.1\org.lwjgl\lwjgl-tinyfd\3.3.1\842eedd876fae354abc308c98a263f6bbc9e8a4d\lwjgl-tinyfd-3.3.1-natives-windows-x86.jar;C:\Users\finba\.gradle\caches\modules-2\files-2.1\org.lwjgl\lwjgl\3.3.1\ae58664f88e18a9bb2c77b063833ca7aaec484cb\lwjgl-3.3.1.jar;C:\Users\finba\.gradle\caches\modules-2\files-2.1\org.lwjgl\lwjgl\3.3.1\36c37f16ab611b3aa11f3bcf80b1d509b4ce6b\lwjgl-3.3.1-natives-windows.jar;C:\Users\finba\.gradle\caches\modules-2\files-2.1\org.lwjgl\lwjgl\3.3.1\f46cadcf95675908fd3a550d63d9d709cb68998\lwjgl-3.3.1-natives-windows-arm64.jar;C:\Users\finba\.gradle\caches\modules-2\files-2.1\org.lwjgl\lwjgl\3.3.1\3b14f4beae9dd39791ec9e12190a9380cd8a3ce6\lwjgl-3.3.1-natives-windows-x86.jar;C:\Users\finba\.gradle\caches\modules-2\files-2.1\com.machinezoo.noexception\noexception\1.7.1\b65330c98e38a1f915fa54a6e5eca496505e3f0a\noexception-1.7.1.jar;C:\Users\finba\.gradle\caches\modules-2\files-2.1\org.slf4j\slf4j-simple\1.7.30\e606eac955f55ecf1d8edcccba04eb8ac98088dd\slf4j-simple-1.7.30.jar;C:\Users\finba\.gradle\caches\modules-2\files-2.1\org.slf4j\slf4j-api\2.0.1\f48d81adce2abf5ad3cfe463df517952749e03bc\slf4j-api-2.0.1.jar;C:\Users\finba\.gradle\caches\modules-2\files-2.1\net.minecraftforge\srgutils\0.4.11\fbad1341ffdb47d276bbdc40ecb06da49e053e74\srgutils-0.4.11.jar;C:\Users\finba\.gradle\caches\modules-2\files-2.1\org.codehaus.plexus\plexus-utils\3.3.0\cf43b5391de623b36fe066a21127baef82c64022\plexus-utils-3.3.0.jar;C:\Users\finba\.gradle\caches\modules-2\files-2.1\com.google.guava\listenablefuture\9999.0-empty-to-avoid-conflict-with-guava\b421526c5f297295adef1c886e5246c39d4ac629\listenablefuture-9999.0-empty-to-avoid-conflict-with-guava.jar;C:\Users\finba\.gradle\caches\modules-2\files-2.1\org.checkerframework\checker-qual\3.12.0\d5692f0526415fcc6de94bb5bfbd3afd9dd3b3e5\checker-qual-3.12.0.jar;C:\Users\finba\.gradle\caches\modules-2\files-2.1\com.google.errorprone\error_prone_annotations\2.11.0\c5a0ace696d3f8b1c1d8cc036d8c03cc0cbe6b69\error_prone_annotations-2.11.0.jar;C:\Users\finba\.gradle\caches\modules-2\files-2.1\com.google.j2objc\j2objc-annotations\1.3\ba035118bc8bac37d7eff77700720999acd9986d\j2objc-annotations-1.3.jar;C:\Users\finba\.gradle\caches\modules-2\files-2.1\org.antlr\ST4\4.3\92f2c1ad8d84abcbeead6cf7f2c53a04166293c2\ST4-4.3.jar;C:\Users\finba\.gradle\caches\modules-2\files-2.1\org.antlr\antlr-runtime\3.5.2\cd9cd41361c155f3af0f653009dcecb08d8b4afd\antlr-runtime-3.5.2.jar;C:\Users\finba\.gradle\caches\modules-2\files-2.1\org.abego.treelayout\org.abego.treelayout.core\1.0.3\457216e8e6578099ae63667bb1e4439235892028\org.abego.treelayout.core-1.0.3.jar;C:\Users\finba\.gradle\caches\modules-2\files-2.1\org.glassfish\javax.json\1.0.4\3178f73569fd7a1e5ffc464e680f7a8cc784b85a\javax.json-1.0.4.jar
Launcher Type: SUN_STANDARD

[Global flags]
     intx CICompilerCount                          = 12                                        {product} {ergonomic}
     uint ConcGCThreads                            = 4                                         {product} {ergonomic}
     uint G1ConcRefinementThreads                  = 15                                        {product} {ergonomic}
   size_t G1HeapRegionSize                         = 4194304                                   {product} {ergonomic}
    ccstr HeapDumpPath                             = MojangTricksIntelDriversForPerformance_javaw.exe_minecraft.exe.heapdump         {manageable} {command line}
   size_t InitialHeapSize                          = 536870912                                 {product} {ergonomic}
   size_t MarkStackSize                            = 4194304                                   {product} {ergonomic}
   size_t MarkStackSizeMax                         = 536870912                                 {product} {ergonomic}
   size_t MaxHeapSize                              = 8564768768                                {product} {ergonomic}
   size_t MaxNewSize                               = 5138022400                                {product} {ergonomic}
   size_t MinHeapDeltaBytes                        = 4194304                                   {product} {ergonomic}
   size_t MinHeapSize                              = 8388608                                   {product} {ergonomic}
    uintx NonNMethodCodeHeapSize                   = 7602176                                {pd product} {ergonomic}
    uintx NonProfiledCodeHeapSize                  = 122093568                              {pd product} {ergonomic}
    uintx ProfiledCodeHeapSize                     = 121962496                              {pd product} {ergonomic}
    uintx ReservedCodeCacheSize                    = 251658240                              {pd product} {ergonomic}
     bool SegmentedCodeCache                       = true                                      {product} {ergonomic}
   size_t SoftMaxHeapSize                          = 8564768768                             {manageable} {ergonomic}
     bool UseCompressedOops                        = true                           {product lp64_product} {ergonomic}
     bool UseG1GC                                  = true                                      {product} {ergonomic}
     bool UseLargePagesIndividualAllocation        = false                                  {pd product} {ergonomic}

Logging:
Log output configuration:
 #0: stdout all=warning uptime,level,tags foldmultilines=false
 #1: stderr all=off uptime,level,tags foldmultilines=false

Environment Variables:
JAVA_HOME=C:\Program Files\Eclipse Adoptium\jdk-22.0.2.9-hotspot\
PATH=C:\Program Files\Eclipse Adoptium\jdk-22.0.2.9-hotspot\bin;C:\Program Files\Eclipse Adoptium\jdk-24.0.2.12-hotspot\bin;C:\Program Files\Eclipse Adoptium\jdk-17.0.15.6-hotspot\bin;C:\Program Files\Common Files\Oracle\Java\javapath;C:\Program Files (x86)\Common Files\Oracle\Java\java8path;C:\Program Files (x86)\Common Files\Oracle\Java\javapath;C:\WINDOWS\system32;C:\WINDOWS;C:\WINDOWS\System32\Wbem;C:\WINDOWS\System32\WindowsPowerShell\v1.0\;C:\WINDOWS\System32\OpenSSH\;C:\Program Files (x86)\NVIDIA Corporation\PhysX\Common;C:\Program Files\dotnet\;C:\Users\finba\OneDrive\Documents\Program codes\Libary\Binary\apache-maven-3.9.5\bin;C:\Users\finba\OneDrive\Documents\Program codes\Libary\Source\apache-maven-3.9.5;C:\Program Files\Git LFS;D:\Git LFS;C:\Program Files\Microsoft SQL Server\150\Tools\Binn\;C:\Program Files\Microsoft SQL Server\Client SDK\ODBC\170\Tools\Binn\;C:\Program Files\NVIDIA Corporation\NVIDIA app\NvDLISR;C:\Program Files\Git\cmd;C:\Program Files (x86)\Incredibuild;C:\Program Files (x86)\Windows Kits\10\Windows Performance Toolkit\;C:\Users\finba\AppData\Local\Programs\Python\Python311\Scripts\;C:\Users\finba\AppData\Local\Programs\Python\Python311\;C:\Users\finba\AppData\Local\Programs\Python\Python313\Scripts\;C:\Users\finba\AppData\Local\Programs\Python\Python313\;C:\Users\finba\.console-ninja\.bin;C:\Users\finba\AppData\Local\Microsoft\WindowsApps;C:\Users\finba\AppData\Local\Programs\Microsoft VS Code\bin;C:\Users\finba\.dotnet\tools;C:\Users\finba\AppData\Local\GitHubDesktop\bin
USERNAME=finba
OS=Windows_NT
PROCESSOR_IDENTIFIER=Intel64 Family 6 Model 165 Stepping 5, GenuineIntel
TMP=C:\Users\finba\AppData\Local\Temp
TEMP=C:\Users\finba\AppData\Local\Temp




Periodic native trim disabled

---------------  S Y S T E M  ---------------

OS:
 Windows 11 , 64 bit Build 22621 (10.0.22621.5415)
OS uptime: 6 days 8:46 hours
Hyper-V role detected

CPU: total 20 (initial active 20) (10 cores per cpu, 2 threads per core) family 6 model 165 stepping 5 microcode 0xec, cx8, cmov, fxsr, ht, mmx, 3dnowpref, sse, sse2, sse3, ssse3, sse4.1, sse4.2, popcnt, lzcnt, tsc, tscinvbit, avx, avx2, aes, erms, clmul, bmi1, bmi2, adx, fma, vzeroupper, clflush, clflushopt, hv, rdtscp, f16c
Processor Information for the first 20 processors :
  Max Mhz: 3696, Current Mhz: 3696, Mhz Limit: 3696

Memory: 4k page, system-wide physical 32664M (7410M free)
TotalPageFile size 49577M (AvailPageFile size 20082M)
current process WorkingSet (physical memory assigned to process): 256M, peak: 505M
current process commit charge ("private bytes"): 416M, peak: 796M

vm_info: OpenJDK 64-Bit Server VM (24.0.2+12) for windows-amd64 JRE (24.0.2+12), built on 2025-07-15T00:00:00Z with MS VC++ 17.7 (VS2022)

END.
